track_name,artist_name,track_popularity,stream_count,release_date,artist_popularity,artist_followers,years_on_billboard,is_superbowl_performer,danceability,energy,valence,loudness,tempo,duration_ms,acousticness,speechiness,instrumentalness,liveness,track_id
!!!!!!!,billie eilish,17.0,,2019-03-29,90.0,118692183.0,0.0,0.0,,,,,,,,,,,0rQtoQXQfwpDW0c7Fw1NeM
#getitright,miley cyrus,44.0,,2013-10-04,81.0,26564677.0,0.0,0.0,,,,,,,,,,,1u6GCyU5atrzrAqwC55og1
#imsippinteainyohood,xxxtentacion,68.0,,2022-06-10,,,0.0,0.0,0.668,0.873,0.455,-4.556,146.006,173320.0,0.0967,0.215,0.000275,0.239,2z6W6oeZvBaO56Mg587v0w
#thatpower,will.i.am,67.0,,2013-01-01,73.0,4427758.0,0.0,0.0,,,,,,,,,,,01TuObJVd7owWchVRuQbQw
&burn (with vince staples),billie eilish,59.0,,2017-12-15,90.0,118728633.0,0.0,0.0,,,,,,,,,,,6X7qcg95CAeJpTjtg1wooM
'til you can't,cody johnson,1.0,,2021-06-11,73.0,1943383.0,0.0,0.0,0.501,0.815,0.46,-4.865,160.087,224213.0,0.05129999999999999,0.0436,0.0,0.106,02HqnDssYA62iGapkpJIkJ
(i can't get no) satisfaction - mono version,the rolling stones,77.0,,1991,77.0,15714574.0,0.0,0.0,0.727,0.85,0.8815,-8.2815,135.9525,222779.5,0.0192935,0.040749999999999995,0.09085,0.1129,2PzU4IB8Dr6mxV3lHuaG34
(i got that) boom boom,britney spears,51.0,,2003-11-13,81.0,17766757.0,0.0,0.0,,,,,,,,,,,5epx5YtoMbV0GrL9qx9kVY
(marie's the name) his latest flame,elvis presley,55.0,,1976,,,0.0,0.0,0.661,0.917,0.893,-6.329,105.289,127093.0,0.565,0.0375,0.00202,0.134,4qbLOU1T7xgTH87eUSkvJ1
(now and then there's) a fool such as i,elvis presley,52.0,,1987,,,0.0,0.0,0.574,0.714,0.722,-6.344,63.623,159360.0,0.901,0.0403,1.7e-05,0.255,6aKzxns1rGMjLSij4PuWhh
"(pick me up) euphoria - from euphoria"" an hbo original series""",james blake,45.0,,2022-01-28,69.0,1551541.0,0.0,0.0,,,,,,,,,,,6QFCgioM2ZDxCEadWUes2b
(what is) love?,jennifer lopez,37.0,,2011-04-29,74.0,13710072.0,0.0,1.0,,,,,,,,,,,1PuC9MYD9goa9IaO0QoQCB
(you drive me) crazy,britney spears,69.0,,1999-01-12,81.0,17766757.0,0.0,0.0,,,,,,,,,,,1DSJNBNhGZCigg9ll5VeZv
(you're the) devil in disguise,elvis presley,67.0,,1976,,,0.0,0.0,0.48166666666666663,0.6816666666666666,0.8796666666666667,-9.729666666666667,122.77966666666667,140510.66666666666,0.543,0.14866666666666667,0.00047783333333333337,0.15266666666666664,0D1pEisM3QkiacGXJe5dmd
...baby one more time,britney spears,82.0,,1999-01-12,80.0,17755451.0,0.0,0.0,,,,,,,,,,,3MjUtNVVq3C8Fn0MP3zhXa
...ready for it?,taylor swift,79.0,,2017-11-10,100.0,145443567.0,0.0,0.0,,,,,,,,,,,2yLa0QULdQr0qAIvVwN6B5
00:00 (zero o’clock),bts,72.0,,2020-02-21,,,0.0,0.0,0.56,0.547,0.199,-6.456,157.962,250295.0,0.0806,0.0675,0.0,0.11,6fqaMyg066xlukvUJWdM2T
06 gucci,gucci mane,49.0,,2023-03-31,76.0,5987057.0,0.0,0.0,,,,,,,,,,,4mWbFYZ9P14Ulf1LIFZGhH
"1 step forward, 3 steps back",olivia rodrigo,77.0,,2021-05-21,84.0,49050008.0,0.0,0.0,,,,,,,,,,,4wcBRRpIfesgcyUtis7PEg
"1, 2, 3, 4",plain white t's,42.0,,2008-09-23,,,0.0,0.0,0.458,0.548,0.55,-7.1,90.599,198373.0,0.599,0.0263,1.25e-05,0.106,4wlPXKxC2oeiYYPldZaR0s
1-800-273-8255,logic,76.0,,2017-05-05,71.0,6141631.0,0.0,0.0,,,,,,,,,,,5tz69p7tJuGPeMGwNTxYuV
10 freaky girls (with 21 savage),metro boomin,71.0,,2018-11-06,84.0,11679132.0,0.0,0.0,,,,,,,,,,,0AluA5RNsa4Cx6XRhf2hWZ
"10,000 hours",dan + shay;justin bieber,2.0,,2019-10-04,,,0.0,0.0,0.654,0.63,0.43,-4.644,89.991,167693.0,0.149,0.0259,0.0,0.111,0PkXnSmOLuk2LFQbQokBvc
"10,000 hours (with justin bieber)",dan + shay,68.0,,2025-06-28,66.0,3203185.0,0.0,0.0,0.654,0.63,0.43,-4.644,89.991,167693.0,0.149,0.0259,0.0,0.111,4j5ffIFh7bFT7GZciP1TCy
"10,000 hours (with justin bieber)",dan + shay;justin bieber,78.0,,2019-10-04,,,0.0,0.0,0.654,0.63,0.43,-4.644,89.991,167693.0,0.153,0.0259,0.0,0.111,2wrJq5XKLnmhRXHIAf9xBa
"10,000 hours (with justin bieber) - piano",dan + shay;justin bieber,61.0,,2019-10-04,,,0.0,0.0,0.426,0.366,0.386,-6.514,179.736,172320.0,0.765,0.0312,0.0,0.117,6HjF1gzVEZMb4GplnGl9B3
11 pm,maluma,75.0,,2019-05-17,83.0,38568546.0,0.0,0.0,0.777,0.712,0.68,-4.84,95.692,175733.0,0.217,0.277,0.0,0.091,7KbF6AdprOXEEHlsq11Z6d
12 to 12,sombr,89.0,,2025-07-24,85.0,2802094.0,0.0,0.0,,,,,,,,,,,05od2qm2MTSKCHxy1GBp5W
"12 years later - from treasure planet""/score""",james newton howard,40.0,,2002-01-01,62.0,412983.0,0.0,0.0,,,,,,,,,,,491SgTfng3iwBZlubejYxL
"12"" running up that hill (a deal with god) - 2018 remaster",kate bush,54.0,,2024-11-23,70.0,2516750.0,0.0,0.0,0.718,0.397,0.329,-16.856,108.334,349000.0,0.39,0.062,0.443,0.0622,3vXXUi4bPLz5e5fCPmuKNL
13 beaches,lana del rey,60.0,,2017-07-21,88.0,51821190.0,0.0,0.0,,,,,,,,,,,3ZKRAzNAsiJrBGUM2BX9av
134340,bts,70.0,,2018-05-18,,,0.0,0.0,0.665,0.687,0.651,-6.466,106.023,230063.0,0.155,0.0547,9.28e-05,0.173,1MX0g22bQkr9HDVe37fLnN
1400 / 999 freestyle,trippie redd,2.0,,2018-11-09,80.0,11010665.0,0.0,0.0,,,,,,,,,,,75lcPkAkUsKWHGBlGM476R
15,gayle,41.0,,2022-10-07,,,0.0,0.0,0.525,0.375,0.488,-8.057,179.976,187448.0,0.145,0.093,0.0,0.208,4ENwi8ul77ga35Cy3WVKNG
1999,charli xcx,55.0,,2019-09-13,82.0,6322030.0,0.0,0.0,,,,,,,,,,,3WGJSY8JaGliVIJyMig5aS
2 be loved (am i ready),lizzo,64.0,,2022-07-15,68.0,5739313.0,0.0,0.0,0.721,0.769,0.915,-4.111,155.932,187107.0,0.0922,0.105,0.0,0.0817,0Sdf3I1NiG3LH7QedbQm2t
2 die 4,tove lo,75.0,,2022-07-27,72.0,3676957.0,0.0,0.0,0.816,0.8,0.5335000000000001,-5.705,118.012,185875.0,0.02815,0.07355,6.705e-05,0.129,3QK2bbLCTGoFXFt64e5TBY
2 hands,tate mcrae,65.0,,2025-02-24,88.0,9256589.0,0.0,0.0,,,,,,,,,,,08wLOGTbqSoo2CEl5RWl5C
2 much,justin bieber,66.0,,2021-03-19,91.0,85022258.0,0.0,0.0,,,,,,,,,,,0oaY19dUwZimIgzn3ZZLZO
2 on,tinashe,81.0,,2014-10-01,76.0,3083443.0,0.0,0.0,0.742,0.595,0.431,-7.51,101.013,227000.0,0.15,0.107,0.0,0.111,3jVtllWS5CFFWLQng8sKsr
2! 3!,bts,64.0,,2016-02-09,,,0.0,0.0,0.442,0.928,0.601,-4.096,169.847,272537.0,0.0257,0.207,0.0,0.1,3KVOfGrYVjoP1w8T2HVltm
20 cigarettes,morgan wallen,49.0,,2025-05-16,88.0,14005617.0,0.0,0.0,,,,,,,,,,,2fKPqAXWZmXcWiEVxqIuFD
20/20,lil tjay,64.0,,2020,74.0,10192579.0,0.0,0.0,0.886,0.336,0.536,-12.779,100.044,230448.0,0.557,0.239,0.0,0.0933,4Hqh0dS4x07zuRw6eBTO7p
2002,anne-marie,78.0,,2018,75.0,12848260.0,0.0,0.0,0.697,0.683,0.6045,-2.881,96.1335,186986.0,0.0372,0.1165,0.0,0.137,2BgEsaKNfHUdlh97KmvFyo
21,gracie abrams,69.0,,2020-07-14,82.0,7412007.0,0.0,0.0,,,,,,,,,,,5meVa5klVlJalupZTvv5XX
21 guns,green day,76.0,,2009-05-15,80.0,17330579.0,0.0,0.0,0.26,0.719,0.419,-4.765,159.072,322040.0,0.048,0.0364,0.0,0.454,3IHHqmfKJHyI0obINUdg1W
21 questions,50 cent,78.0,,2003-02-06,82.0,18860205.0,0.0,1.0,,,,,,,,,,,70FCugJxa7XW04Np6iYJdI
21st century breakdown,green day,37.0,,2011-03-18,80.0,17327094.0,0.0,0.0,0.298,0.963,0.407,-3.105,114.944,309106.0,0.0108,0.0473,0.0,0.178,0Qx3WZTUUmcyKR5jCDWojv
21st century girl,bts,65.0,,2016-10-10,,,0.0,0.0,0.716,0.906,0.763,-3.539,101.029,192596.0,0.00424,0.0719,0.0,0.0547,52d5NT69mkmr6WzvQJ9vHr
22,taylor swift,64.0,,2012-10-22,100.0,145489371.0,0.0,0.0,,,,,,,,,,,2P5gfMtCcKP0CkmgqFMyPg
23,nle choppa,45.0,,2023-01-20,73.0,10023089.0,0.0,0.0,,,,,,,,,,,0T0vseuNB4KC8opkrCLNbc
23,shakira,22.0,,2014-03-21,85.0,39788275.0,0.0,1.0,,,,,,,,,,,24YOXjKUYehjyIz66uhXqv
24,lana del rey,56.0,,2015-09-18,88.0,51798111.0,0.0,0.0,,,,,,,,,,,302ZEWd1TDXvA4PLz0UQhj
24k magic,bruno mars,82.0,,2016-11-17,89.0,75455093.0,0.0,0.0,,,,,,,,,,,6b8Be6ljOzmkOmFslEb23P
25 to life,eminem,61.0,,2010-06-18,88.0,104517308.0,0.0,1.0,,,,,,,,,,,0dyWQoMOU9oERL6c9vxtRp
26,lauv,61.0,,2022-08-05,73.0,6816695.0,0.0,0.0,0.643,0.458,0.506,-8.636,164.16,159607.0,0.809,0.0875,0.00015,0.237,0du67LyuJeUjQChxl8rTa8
2stylish,jack harlow,0.0,,2020-03-13,75.0,4349241.0,0.0,0.0,0.941,0.618,0.489,-7.702,99.98,142945.0,0.0112,0.079,0.0,0.0911,7xj2n1FdeULoyFrOWDPLDA
2u,david guetta,63.0,,2017,87.0,27139342.0,0.0,0.0,0.548,0.65,0.557,-5.827,144.937,194896.0,0.219,0.0591,0.0,0.225,3A7qX2QjDlPnazUsRk5y0M
3,britney spears,61.0,,2009-11-09,80.0,17755451.0,0.0,0.0,,,,,,,,,,,6pymOcrCnMuCWdgGVTvUgP
3005,childish gambino,4.0,,2013-12-10,78.0,14559779.0,0.0,0.0,,,,,,,,,,,5cc9Zbfp9u10sfJeKZ3h16
34+35,ariana grande,76.0,,2025-10-30,90.0,107401919.0,0.0,0.0,0.83,0.585,0.485,-6.476,109.978,173710.0,0.237,0.094,0.0,0.248,6Im9k8u9iIzKMrmV7BWtlF
35’s,tyler hubbard,0.0,,2022-06-24,,,0.0,0.0,0.535,0.79,0.402,-5.698,139.929,174721.0,0.00358,0.0553,0.0,0.257,4Pd7rBSiSh1gx9V58p0oNY
360,charli xcx,76.0,,2024-06-07,82.0,6315216.0,0.0,0.0,,,,,,,,,,,4w2GLmK2wnioVnb5CPQeex
365,charli xcx,75.0,,2024-06-07,82.0,6318755.0,0.0,0.0,,,,,,,,,,,5h68SoVFGleijCtjEja3xG
3d,jung kook,73.0,,2023-09-29,79.0,18615260.0,0.0,0.0,,,,,,,,,,,6ehWdR7cGDXnT7aKEASJxE
"3racha (bang chan, changbin, han)",stray kids,75.0,,2025-01-31,,,0.0,0.0,0.721,0.856,0.627,-3.117,142.068,208573.0,0.229,0.301,0.0,0.0853,6T4o4xEh61CpgM9v4jG5DJ
4 am,2 chainz,58.0,,2017-06-16,74.0,8305217.0,0.0,0.0,,,,,,,,,,,1nX9KhK3Fff27SnrIor2Yb
4 minutes,madonna,76.0,,2009-09-18,78.0,8794984.0,0.0,0.0,,,,,,,,,,,1oHClQEgDmmbcEx12Kc5nZ
4 real,avril lavigne,41.0,,2011-03-08,76.0,12004691.0,0.0,0.0,,,,,,,,,,,2HUBtrX9MicIMxhzrSRlHA
405,justin bieber,63.0,,2025-07-11,91.0,85008100.0,0.0,0.0,,,,,,,,,,,7gCautqfD7CCdrN33GrRd8
45,shinedown,67.0,,2003-09,,,0.0,0.0,0.4495,0.6535,0.22,-4.5009999999999994,152.1325,249833.0,0.0023550000000000003,0.02665,0.0,0.1735,1gn1jSK8io8C5kK7l0lmEN
4ever,the veronicas,55.0,,2005-06-30,55.0,984364.0,0.0,0.0,,,,,,,,,,,1Ci7oic2gpYknc5TujzCUd
4x4,miley cyrus,45.0,,2013-10-04,81.0,26564677.0,0.0,0.0,,,,,,,,,,,7pu0a2lDSnwQS0ERqAtCnS
5 foot 9,tyler hubbard,1.0,,2022-05-19,,,0.0,0.0,0.602,0.796,0.53,-5.609,106.005,189780.0,0.146,0.0465,0.0,0.125,4rMLQycynM5w0fmZregNe7
5% tint,travis scott,74.0,,2018-08-03,89.0,41119579.0,0.0,1.0,0.712,0.481,0.062,-5.415,140.0,196138.0,0.173,0.0487,0.0,0.241,11kDth1aKUEUMq9r1pqyds
500lbs,lil tecca,78.0,,2023-09-22,79.0,10166733.0,0.0,0.0,,,,,,,,,,,6rjuKpPydT2SxN15TZpV7r
6 foot 7 foot,lil wayne,4.0,,2011-01-01,86.0,17938214.0,0.0,0.0,,,,,,,,,,,0z5ZPs57J2KERwM1tBM2GF
6 inch,beyoncé,60.0,,2016-04-23,84.0,41172203.0,0.0,0.0,,,,,,,,,,,0pxNyJJiL2zZZ5GgJ4JhsQ
6 months later,megan moroney,76.0,,2025-06-20,73.0,1163610.0,0.0,0.0,,,,,,,,,,,4Km9FSF9iaQiTLnFPdbPom
679,fetty wap,75.0,,2015-06-29,70.0,5124577.0,0.0,0.0,0.618,0.717,0.603,-5.738,190.05,196693.0,0.00256,0.318,0.0,0.625,5NQbUaeTEOGdD6hHcre0dZ
7 rings,ariana grande,84.0,,2019-02-08,90.0,107401919.0,0.0,0.0,0.778,0.317,0.327,-10.732,140.048,178626.0,0.592,0.334,0.0,0.0881,6ocbgoVGwYJhOv1GgI9NsF
7 years,lukas graham,83.0,,2015-10-22,69.0,2946958.0,0.0,0.0,,,,,,,,,,,2vDT1uU6hZgdp3PbWGr0Xy
7500 obo,tim mcgraw,3.0,,2020-08-21,,,0.0,0.0,0.528,0.718,0.51,-6.954,155.759,221400.0,0.1,0.0337,0.0,0.304,1gH8QigoIquQ3diZp0Ht6l
8,billie eilish,66.0,,2019-03-29,90.0,118692183.0,0.0,0.0,,,,,,,,,,,6X29iaaazwho3ab7GNue5r
8 out of 10,drake,63.0,,2018-06-29,95.0,103094105.0,0.0,0.0,,,,,,,,,,,0zqy3ss4CwD6u4QPksS0nI
9,drake,80.0,,2016-05-06,95.0,103126025.0,0.0,0.0,,,,,,,,,,,1C7KSXR2GVxknex6I4ANco
92 explorer,post malone,65.0,,2018-04-27,86.0,47720209.0,0.0,0.0,,,,,,,,,,,1D2L6MefbXon28PzIk9I3r
93 million miles,jason mraz,67.0,,2012,71.0,7312594.0,0.0,0.0,0.572,0.454,0.515,-10.286,140.182,216386.0,0.477,0.0258,1.37e-05,0.0974,0BUuuEvNa5T4lMaewyiudB
@ my worst,blackbear,69.0,,2021-08-06,,,0.0,0.0,0.615,0.774,0.336,-5.152,136.887,191364.0,0.0173,0.0551,0.0,0.15,0mHGftgYtmpH4y17T3VZ2E
a bar song (tipsy),shaboozey,82.0,,2024-04-12,76.0,1449816.0,0.0,0.0,,,,,,,,,,,2FQrifJ1N335Ljm3TjTVVf
"a big hunk o' love - live at the honolulu international center, hawaii january 14, 1973",elvis presley,24.0,,2001,,,0.0,0.0,0.389,0.852,0.807,-10.264,191.283,128759.0,0.725,0.0946,0.0595,0.948,5oV0Z1w1yZePvSY2Q6gtnD
a castle by the sea,powfu,47.0,,2021-10-08,66.0,1474124.0,0.0,0.0,0.454,0.356,0.544,-5.779,106.472,178687.0,0.771,0.0356,0.0,0.174,31Z2eycsna5U9usbUFcGme
a day in the life,the beatles,64.0,,1988,82.0,30721676.0,0.0,0.0,0.34299999999999997,0.4255,0.1835,-13.48,120.866,322802.0,0.32699999999999996,0.0505,0.000194,0.5425,0hKRSZhUGEhKU6aNSPBACZ
a dream is a wish your heart makes,christina perri,48.0,,2019-01-17,71.0,4308713.0,0.0,0.0,,,,,,,,,,,4aVmfly4CkmibiRLn5AHc2
a dream is a wish your heart makes (sing-a-long),christina perri,37.0,,2019-01-17,71.0,4307803.0,0.0,0.0,,,,,,,,,,,159ip0G1kN9u68FsczBhLj
a ella,karol g,3.0,,2017-05-05,,,0.0,0.0,0.73,0.769,0.594,-4.936,181.988,198720.0,0.244,0.178,2.06e-05,0.136,1osQI3NXEuBCFWK9iEmLwG
a ghetto christmas carol,xxxtentacion,63.0,,2017-12-10,,,0.0,0.0,0.8029999999999999,0.655,0.3795,-6.2620000000000005,147.9555,104780.0,0.07345,0.2135,0.0036769999999999997,0.101,1QKDXegQxJBzSs8ZBNtGbT
a guy with a girl,blake shelton,61.0,,2016-05-20,69.0,7507062.0,0.0,0.0,,,,,,,,,,,5sjIhQzNljMVrDklI91ezp
a hard day's night,the beatles,67.0,,1964-06-26,82.0,30721676.0,0.0,0.0,0.5680000000000001,0.8115,0.7765,-5.685499999999999,138.53750000000002,153560.0,0.09285,0.03405,0.0,0.09895,1pctwlBtIcKIjQMzsVcGHB
a head full of dreams,coldplay,64.0,,2015-12-04,88.0,60804949.0,0.0,0.0,,,,,,,,,,,6f49kbOuQSOsStBpyGvQfA
a line in the sand,linkin park,49.0,,2014-06-13,88.0,31785695.0,0.0,0.0,0.291,0.922,0.0404,-4.968,99.706,395066.0,0.037,0.0885,0.0198,0.101,4BRvD5QdauTo8EuUvYchu3
a little less conversation,elvis presley,59.0,,1999,,,0.0,0.0,0.584,0.802,0.835,-8.03,114.172,132013.0,0.149,0.0784,0.0,0.0683,47y8hRlWLEJ4VafE6LMjEZ
a little less talk and a lot more action,toby keith,0.0,,1993-04-20,70.0,3013521.0,0.0,0.0,0.738,0.869,0.92,-5.118,125.071,169453.0,0.123,0.0401,0.0,0.277,5Sy1r6KDFCzuYeUqH9n0w3
a lonely night,the weeknd,63.0,,2016-11-25,93.0,112918137.0,0.0,1.0,,,,,,,,,,,0ifooM33X1iBxVYyOkSbXW
a lot,21 savage,78.0,,2018-12-21,84.0,23799771.0,0.0,0.0,,,,,,,,,,,2t8yVaLvJ0RenpXUIAC52d
a marshmallow world,brenda lee,0.0,,1992,,,0.0,0.0,0.7299999999999999,0.406,0.8950000000000001,-10.209,121.097,152160.0,0.444,0.0306,0.0,0.304,1LRKq70OrRHTCvsbtipH7F
a milli,lil wayne,69.0,,2008-06-10,86.0,17938214.0,0.0,0.0,,,,,,,,,,,6ScJMrlpiLfZUGtWp4QIVt
a moment like this,leona lewis,57.0,,2007,65.0,3786304.0,0.0,0.0,0.261,0.562,0.167,-3.667,70.543,257293.0,0.423,0.0301,7.54e-06,0.131,5i9UKSttY3V7x9OnYZsMBX
a place for my head,linkin park,75.0,,2000-10-24,88.0,31796892.0,0.0,0.0,0.603,0.908,0.45733333333333337,-5.254,133.063,184640.0,0.014366666666666666,0.18400000000000002,0.0,0.6709999999999999,1B8WdDScvobpFsZLfdmIE1
a place in this world,taylor swift,52.0,,2006-10-24,100.0,145489371.0,0.0,0.0,,,,,,,,,,,2RSYYe7LhKFxIi50T5XtUo
a sky full of stars,coldplay,85.0,,2014-05-16,88.0,60804949.0,0.0,0.0,,,,,,,,,,,0FDzzruyVECATHXKHFs9eJ
a steamer to brazil,james newton howard,21.0,,2021-07-30,62.0,412759.0,,,,,,,,,,,,,3svQyBBIXXWRWilvEpyC5S
a thousand bad times,post malone,64.0,,2019-09-06,86.0,47722935.0,0.0,0.0,,,,,,,,,,,2J0NXdHr6MYvKDSxB7k3V2
a thousand faces,creed,51.0,,2009-10-27,73.0,4303697.0,0.0,0.0,0.249,0.914,0.209,-3.434,150.052,294720.0,0.0113,0.0599,9.55e-06,0.318,5NnYhHDo5BxDkAXEerswYD
a thousand years,christina perri,83.0,,2011-10-18,71.0,4308713.0,0.0,0.0,0.421,0.407,0.161,-7.445,139.028,285120.0,0.309,0.0267,0.000961,0.11,6lanRgr6wXibZr8KgzXxBl
a thousand years (lullaby),christina perri,49.0,,2019-01-17,71.0,4307803.0,0.0,0.0,,,,,,,,,,,0fpC8u0M88v0DDIZJ4VHHq
a tu merced,bad bunny,83.0,,2020-02-29,95.0,102571645.0,0.0,1.0,0.86,0.791,0.887,-4.784,92.023,175918.0,0.169,0.0568,0.000106,0.106,4r9jkMEnArtWGH2rL2FZl0
a world alone,lorde,70.0,,2013-09-27,80.0,10541250.0,0.0,0.0,,,,,,,,,,,55N0YHhO55Q1lWsc4dDPcI
a year ago,james arthur,67.0,,2023-05-12,79.0,20854863.0,0.0,0.0,,,,,,,,,,,3DBJE1Zndql25OGUQSv7aD
abc (nicer),gayle,63.0,,2021-08-14,,,0.0,0.0,0.694,0.545,0.418,-6.06,121.858,168601.0,0.252,0.0446,0.0,0.38,6Vb1LGvWPpP3aeuRcp098D
abcdefu,gayle,72.0,,2021-08-13,58.0,668804.0,0.0,0.0,0.695,0.54,0.4149999999999999,-5.692,121.93199999999999,168601.0,0.299,0.0493,0.0,0.367,0Ie7tyxtKMKzLnDF4pvt8r
abcdefu (angrier),gayle,72.0,,2021-08-13,,,0.0,0.0,0.671,0.599,0.448,-6.18,121.849,159836.0,0.0658,0.0405,0.0,0.101,1EQFOouqdKYdpbNoOHRVO2
abcdefu (chill),gayle,0.0,,2021-08-13,,,0.0,0.0,0.554,0.429,0.195,-7.687,112.899,176765.0,0.0405,0.0334,0.0,0.23,1XPAphgEXCVkWMpGx3aF8U
about a girl,nirvana,61.0,,1989-06-15,81.0,23384088.0,0.0,0.0,0.476,0.8586666666666667,0.5863333333333333,-7.0776666666666666,128.25133333333335,184356.0,0.046674610000000005,0.045399999999999996,0.00019933333333333334,0.4533333333333333,2SHTKB8YYlawTGIuJ2b2ok
about a girl - live at the paramount,nirvana,22.0,,1991-09-26,81.0,23398010.0,0.0,0.0,,,,,,,,,,,21Rb7RL0uqx2uinuOKxfTp
about damn time,lizzo,8.0,,2022-04-11,68.0,5738825.0,0.0,0.0,0.836,0.743,0.722,-6.305,108.966,191822.0,0.0995,0.0656,0.0,0.335,02hbx1ujULeFGMa2t9ZYEm
abracadabra,lady gaga,81.0,,2025-02-03,89.0,42275793.0,0.0,1.0,,,,,,,,,,,2LHNTC9QZxsL3nWpt8iaSR
absolutely exhausting,james newton howard,19.0,,2021-07-30,62.0,412886.0,,,,,,,,,,,,,2M45VfmTG2tJ9eh1s5Qoa5
absolutely zero,jason mraz,20.0,,2004-08-24,71.0,7312594.0,0.0,0.0,0.521,0.495,0.116,-7.756,135.061,339196.0,0.128,0.027,0.0,0.296,2D9w6sabdMCLSheW5aegwO
acapulco,jason derulo,81.0,,2021-11-26,76.0,12460242.0,0.0,0.0,0.774,0.792,0.507,-4.021,122.062,139672.0,0.051,0.0523,0.0,0.155,3UctqOpzo8MGBCI7BTgwoG
accent,megan thee stallion,49.0,,2024-06-28,76.0,10890822.0,0.0,0.0,,,,,,,,,,,0i1LliXxuipWRboFGpS2gG
acho pr,bad bunny,70.0,,2023-10-13,95.0,102500980.0,0.0,1.0,,,,,,,,,,,1C7lXfx4Y5maVl4AgUVlHA
acquainted,the weeknd,73.0,,2015-08-28,94.0,113039308.0,0.0,1.0,,,,,,,,,,,17UoqnSRKmsWbhInoFGq4F
across the line,linkin park,50.0,,2013-01-14,88.0,31785695.0,0.0,0.0,0.494,0.905,0.383,-4.662,180.035,190186.0,0.0367,0.044,1.41e-05,0.109,4dbveKUpOx62SiwXQCALQH
across the universe,the beatles,66.0,,2020-01,82.0,30721676.0,0.0,0.0,0.257,0.412,0.858,-11.788,152.126,228133.0,0.361,0.0287,8.68e-05,0.0702,4dkoqJrP0L8FXftrMZongF
act ii: date @ 8,4batz,70.0,,2023-12-15,62.0,669148.0,0.0,0.0,,,,,,,,,,,3QS9ZCtoSCJhmaJ7QNXSAS
actually romantic,taylor swift,93.0,,2025-10-03,100.0,145396321.0,0.0,0.0,,,,,,,,,,,2x3mwb96B6TquRqMtbxUE1
add modern,michael jackson,38.0,4000.0,2021-05-21,85.0,37446069.0,0.0,0.0,0.2,0.54,,-51.53,143.46,387635.0,,,0.107,,TRK-F00132ADF1F0
addicted,saving abel,70.0,,2008-01-16,,,0.0,0.0,0.512,0.864,0.527,-4.146,138.018,222826.0,0.000821,0.0338,0.0,0.0982,3pxCXv0NACYfYnLjFcQW5D
addicted to you,avicii,72.0,,2013-09-16,79.0,23434221.0,0.0,0.0,,,,,,,,,,,4eDYMhIin1pSLIG96f1aD0
adore you,harry styles,78.0,,2019-12-13,80.0,34136120.0,0.0,0.0,,,,,,,,,,,3jjujdWJ72nww5eGnfs2E7
adore you,miley cyrus,77.0,,2013-10-04,81.0,26561582.0,0.0,0.0,,,,,,,,,,,5AnCLGg35ziFOloEnXK4uu
adorn,miguel,70.0,,2012-09-28,78.0,6130984.0,0.0,0.0,,,,,,,,,,,25cUhiAod71TIQSNicOaW3
adventure of a lifetime,coldplay,83.0,,2015-12-04,88.0,60804949.0,0.0,0.0,,,,,,,,,,,69uxyAqqPIsUyTO8txoP2M
afire love,ed sheeran,56.0,,2014-06-21,88.0,122773292.0,0.0,0.0,,,,,,,,,,,12B0Twa9kRz45Xw2PgXHJm
after all these years,journey,47.0,,2008-06-03,73.0,6505444.0,0.0,0.0,0.411,0.585,0.17,-5.563,127.618,250680.0,0.151,0.0314,0.0,0.101,1By0FlLWeUxjQpOjmQIYig
after dark,drake,57.0,,2018-06-29,95.0,103039388.0,0.0,0.0,,,,,,,,,,,3mvYQKm8h6M5K5h0nVPY9S
after hours,the weeknd,81.0,,2020-02-19,94.0,112995439.0,0.0,1.0,0.651,0.567,0.138,-5.941,108.953,361946.0,0.0934,0.0317,0.00991,0.124,0MnmtOOke4uQVBMAjIgwVZ
after midnight,chappell roan,68.0,,2023-09-22,82.0,7310428.0,0.0,0.0,,,,,,,,,,,4rlQza35DE4Prh5yonxnCs
after the storm,kali uchis,80.0,,2018-04-06,83.0,9472867.0,0.0,0.0,,,,,,,,,,,1otG6j1WHNvl9WgXLWkHTo
afterglow,taylor swift,73.0,,2019-08-23,100.0,145396321.0,0.0,0.0,,,,,,,,,,,1SymEzIT3H8UZfibCs3TYi
afterlife,red hot chili peppers,63.0,,2022-10-14,82.0,23218829.0,0.0,0.0,0.561,0.866,0.824,-5.258,93.104,254301.0,0.00623,0.0352,0.039,0.0414,4diMr8l7HCK1OdrQM3LAzq
again,fetty wap,68.0,,2015-10-06,70.0,5124204.0,0.0,0.0,0.748,0.733,0.291,-4.421,93.019,312240.0,0.0062,0.072,0.0,0.329,3ESSGgWzRf1xvP7G5hHMhB
agarra mi mano,sean paul,60.0,,2009-08-14,81.0,5279150.0,0.0,0.0,0.666,0.651,0.372,-3.723,174.077,208906.0,0.0956,0.183,0.0,0.214,4kS2aOd7ic0gGccOWss1JV
agora hills,doja cat,77.0,,2023-09-20,86.0,34748949.0,0.0,0.0,,,,,,,,,,,5PyDJG7SQRgWXefgexqIge
agosto,bad bunny,74.0,,2022-05-06,95.0,102536542.0,0.0,1.0,0.849,0.584,0.724,-8.195,115.018,139041.0,0.0929,0.115,6.18e-06,0.492,0wihfILRNOwE2156Shezc8
aguacero,bad bunny,75.0,,2022-05-06,95.0,102571645.0,0.0,1.0,0.861,0.645,0.668,-6.96,121.391,210989.0,0.423,0.0743,0.000592,0.349,2uflssWlCaJ6CbTMOsUpNI
ahora,j balvin,0.0,,2018-02-26,86.0,39113380.0,0.0,1.0,0.81,0.784,0.817,-3.223,88.001,254906.0,0.0874,0.0622,0.000166,0.083,3PDf2Xk2fHt3EexYRrVS0j
ain't it fun,paramore,76.0,,2013,79.0,9795296.0,0.0,0.0,0.608,0.893,0.672,-3.681,104.00800000000001,296520.0,0.154,0.0954,4.295e-05,0.021,1j8z4TTjJ1YOdoFEDwJTQa
ain't it funny,jennifer lopez,58.0,,2001-01-23,74.0,13708054.0,0.0,1.0,,,,,,,,,,,6J8vBmsokURohC3UygqYOH
ain't my fault,zara larsson,69.0,,2016-09-30,77.0,10911229.0,0.0,0.0,0.576,0.782,0.355,-4.825,141.153,224030.0,0.00778,0.0296,0.0,0.285,0ADG9OgdVTL7fgREP75BrZ
ain't no love,future,55.0,,2024-03-22,88.0,22675640.0,0.0,0.0,,,,,,,,,,,72qABvaqn3TP6drO2tByA6
ain't no other man,christina aguilera,61.0,,2006-08-14,76.0,9247395.0,0.0,0.0,,,,,,,,,,,7huo2wvrCgRucUsjdSDLQV
ain't shit,doja cat,75.0,,2021-06-25,86.0,34748949.0,0.0,0.0,,,,,,,,,,,5lAnYvAIkSDNXqfo7DyFUm
ain't worth the whiskey,cole swindell,62.0,,2014-02-18,64.0,2565032.0,0.0,0.0,,,,,,,,,,,3OZVqx1YsqDDkxQ6TnmHtn
ain't your mama,jennifer lopez,68.0,,2016-04-08,74.0,13708054.0,0.0,1.0,0.757,0.678,0.82,-5.529,120.075,218234.0,0.0472,0.233,9.14e-06,0.0654,2hgzdQdnfWwtdpZbhZlV72
ain’t no fun (if the homies can’t have none),snoop dogg,64.0,,1993-11-23,81.0,15700135.0,0.0,1.0,,,,,,,,,,,3g1mP8c79KbkWDhED5tyKZ
air force ones,nelly,63.0,,2002-06-25,74.0,3743667.0,0.0,0.0,,,,,,,,,,,7kAFSrTIOiVZ0gnHBuAH3l
airplane pt.2,bts,72.0,,2018-05-18,85.0,81197976.0,0.0,0.0,0.77,0.817,0.866,-4.092,139.979,218614.0,0.0265,0.0339,0.000103,0.084,4lAE47gj539h8R1yxPhhGG
airplanes,b.o.b,78.0,,2010-04-27,74.0,2265465.0,0.0,0.0,,,,,,,,,,,6lV2MSQmRIkycDScNtrBXO
alarm,anne-marie,62.0,,2016-05-20,75.0,12848260.0,0.0,0.0,0.756,0.589,0.811,-5.093,146.927,205593.0,0.0812,0.2325,0.0,0.176,3FcmE4tu4IbyDWQ1LkHBxD
alejandro,lady gaga,75.0,,2009-01-01,89.0,42275793.0,0.0,1.0,,,,,,,,,,,15pu8u4n3q4BKl4tF20c5v
alex,gayle,43.0,,2022-10-20,,,0.0,0.0,0.76,0.409,0.231,-7.601,101.975,174479.0,0.202,0.0428,1.05e-06,0.168,1MXFW3PpLyOZwn6zSzK5hT
alien superstar,beyoncé,67.0,,2022-07-29,84.0,41176723.0,0.0,0.0,,,,,,,,,,,1Hohk6AufHZOrrhMXZppax
all 4 nothing (i'm so in love),lauv,71.0,,2022-04-08,73.0,6816695.0,0.0,0.0,0.7200000000000001,0.819,0.898,-4.588,131.99,183014.0,0.0411,0.0362,0.0,0.06060000000000001,21AziTMaZwcLflGMAj85o5
all about that bass,meghan trainor,69.0,,2015-01-12,74.0,15743681.0,0.0,0.0,,,,,,,,,,,5jE48hhRu8E6zBDPRSkEq7
all apologies,nirvana,72.0,,1994,81.0,23384088.0,0.0,0.0,0.48699999999999993,0.6143333333333333,0.375,-11.793999999999999,111.78333333333335,242453.0,0.21953333333333336,0.046533333333333336,0.00018663333333333333,0.09413333333333333,1Ic9pKxGSJGM0LKeqf6lGe
all around me,justin bieber,0.0,,2022-03-16,91.0,85008100.0,0.0,0.0,0.53,0.438,0.694,-7.564,117.148,136906.0,0.811,0.0372,0.0,0.212,1JyC0QIAcBdBZPtrv1glty
all eyez on me (ft. big syke),2pac,78.0,,1996-02-13,78.0,22549768.0,0.0,0.0,0.872,0.723,0.843,-5.968,93.279,307773.0,0.0293,0.247,0.0,0.327,4VQNCzfZ3MdHEwwErNXpBo
all for me,mariah the scientist,70.0,,2021-07-09,73.0,1176430.0,0.0,0.0,,,,,,,,,,,7vIDhgD7WWTMpvgJebImoN
all i ask,adele,73.0,,2015-11-20,83.0,66734917.0,0.0,0.0,0.591,0.28,0.348,-5.494,141.916,271800.0,0.889,0.0283,0.0,0.124,05TOt5Vz4StdjMpEdFPlvB
all i ask of you,skrillex,40.0,,2010-12-21,74.0,7528679.0,0.0,0.0,,,,,,,,,,,0fMAyo16WDEhIGoQHMSFCK
all i can take,justin bieber,71.0,,2025-07-11,91.0,85050158.0,0.0,0.0,,,,,,,,,,,72PVbRKkUimweUPV0nKAPs
all i know,the weeknd,61.0,,2016-11-25,93.0,112957721.0,0.0,1.0,,,,,,,,,,,0NWqNXBJTpXbkI5rPWNy3p
all i wanna do,the beach boys,54.0,,2001,,,0.0,0.0,0.448,0.416,0.2945,-12.181,103.0565,156466.0,0.07264999999999999,0.0258,0.00426,0.125,4nH1dNcertrTawuIeyhUYZ
all i want,olivia rodrigo,72.0,,2020-01-10,85.0,49083617.0,,,,,,,,,,,,,1v6svH1Fyx9C1nIt1mA2DT
"all i want - from high school musical: the musical: the series""""",olivia rodrigo,78.0,,2019-11-27,84.0,49050008.0,,,,,,,,,,,,,4Yxc55NX3tAXC2mHRAhtcW
all i want for christmas is you,mariah carey,78.0,,1994-10-28,79.0,11909137.0,0.0,0.0,,,,,,,,,,,0bYg9bo50gSsH3LtXe2SQn
all i want is to be with you,john mayer,59.0,,2021-07-16,,,0.0,0.0,0.522,0.426,0.304,-7.445,93.049,244200.0,0.106,0.0242,0.674,0.224,0wcEUeOslMI8dPB7QjUMiW
all i wanted,paramore,72.0,,2010-10-04,79.0,9792848.0,0.0,0.0,0.494,0.723,0.152,-4.559,144.036,225786.0,0.0192,0.0441,0.0322,0.134,1Bv3h7Vc4AaYA2BcSM3rVd
all in,lil baby,0.0,,2020-04-24,84.0,21656185.0,0.0,0.0,0.836,0.649,0.294,-6.442,95.084,156032.0,0.0716,0.332,0.0,0.0943,038oBXqL9ttCHHZmNrYxQk
all mine,kanye west,68.0,,2018-06-01,89.0,31059657.0,0.0,0.0,,,,,,,,,,,3U21A07gAloCc4P7J8rxcn
all my life,lil durk,66.0,,2023-05-26,78.0,9504357.0,0.0,0.0,,,,,,,,,,,6T7FXSuXykeGktMLGp8WgE
all my loving,the beatles,68.0,,2015,82.0,30721676.0,0.0,0.0,0.416,0.563,0.9,-8.724,77.56,127853.0,0.207,0.0298,0.0,0.343,4joiWvli4qJVEW6qZV2i2J
all night,beyoncé,78.0,,2016-04-23,84.0,41176723.0,0.0,0.0,,,,,,,,,,,7oAuqs6akGnPU3Tb00ZmyM
all night,chance the rapper,60.0,,2016-05-27,74.0,6033166.0,0.0,0.0,,,,,,,,,,,60xaS8mYBKUW4VQQ666N0T
all night,icona pop,60.0,,2013-07-23,66.0,778810.0,0.0,0.0,0.6,0.905,0.636,-3.41,124.032,187026.0,0.00274,0.0357,0.0,0.831,15iosIuxC3C53BgsM5Uggs
all night parking (with erroll garner) interlude,adele,61.0,,2021-11-19,83.0,66734917.0,0.0,0.0,0.734,0.497,0.307,-9.666,127.989,161829.0,0.67,0.166,2.35e-05,0.194,496vIKS2INz840xZaKncvR
all of me,john legend,85.0,,2013-08-30,73.0,8072466.0,0.0,0.0,0.422,0.264,0.331,-7.064,119.93,269560.0,0.922,0.0322,0.0,0.132,3U4isOIWM3VvDubwSI3y7a
all of the girls you loved before,taylor swift,71.0,,2019-08-23,100.0,145396321.0,0.0,0.0,,,,,,,,,,,4P9Q0GojKVXpRTJCaL3kyy
all of the lights,kanye west,79.0,,2010-11-22,89.0,31052119.0,0.0,0.0,,,,,,,,,,,22L7bfCiAkJo5xGSQgmiIO
all of the stars,ed sheeran,51.0,,2013-06-30,88.0,122802777.0,0.0,0.0,,,,,,,,,,,3Th56VIq2sEaEmPPETu7p5
all shook up,elvis presley,62.0,,2002,,,0.0,0.0,0.6589999999999999,0.5346666666666667,0.9453333333333332,-10.340333333333334,74.274,117502.0,0.8693333333333334,0.15,4.678333333333333e-05,0.171,5ueyLj6e6oVaTY0KQ6yLaA
all summer long,kid rock,73.0,,2011-11-28,65.0,2994436.0,0.0,0.0,0.7004999999999999,0.8645,0.8835,-3.629,102.9975,297586.0,0.0212,0.0283,0.0,0.0956,1QHqRD65S2q7STSmrxTU3Y
all the good girls go to hell,billie eilish,72.0,,2019,90.0,118728633.0,0.0,0.0,0.8283999999999999,0.44560000000000005,0.5698,-8.95,111.04480000000001,168839.0,0.307,0.23280000000000003,0.20059999999999997,0.16019999999999998,0ZamEnH0D9EvQD1GchY21Y
all the right moves,onerepublic,69.0,,2009-01-01,81.0,18703625.0,0.0,0.0,0.529,0.948,0.65,-3.527,146.024,238000.0,0.258,0.0474,9.35e-06,0.283,5XRHGXut00SrJUFmcn2lQF
all the stars (with sza),kendrick lamar,89.0,,2018-02-09,89.0,44592005.0,0.0,1.0,0.698,0.633,0.552,-4.946,96.924,232186.0,0.0605,0.0597,0.000194,0.0926,3GCdLUSnKSMJhs4Tj6CV3s
"all the stars (with sza) - from black panther: the album""""",kendrick lamar,60.0,,2018-01-04,89.0,44592005.0,0.0,1.0,,,,,,,,,,,66kQ7wr4d2LwwSjr7HXcyr
all the time,zara larsson,59.0,,2019-06-21,77.0,10911229.0,0.0,0.0,0.665,0.799,0.5,-2.868,101.976,228111.0,0.18,0.0617,0.0,0.125,3OTSBoYKO7HzGVj8Bu2OH9
all the way up,fat joe,59.0,,2016-03-02,66.0,2133926.0,0.0,0.0,0.414,0.807,0.409,-4.12,175.158,191900.0,0.0428,0.348,0.0,0.822,7Ezwtgfw7khBrpvaNPtMoT
all these things,onerepublic,49.0,,2016-10-07,,,0.0,0.0,0.584,0.654,0.287,-6.485,151.916,199093.0,0.0247,0.0361,1.48e-05,0.434,5SlNjNaibdMLveJPYqAAaE
all these years,camila cabello,51.0,,2018-01-12,78.0,35579266.0,0.0,0.0,,,,,,,,,,,4XLu3tTSZiPFVC9mmuR6Zp
all this time,onerepublic,52.0,,2009-11-17,,,0.0,0.0,0.413,0.374,0.105,-10.744,144.93,242946.0,0.433,0.0321,0.0,0.111,3jBZ215eVz9qwazMIQNSOO
all time low,the wanted,53.0,,2010-01-01,61.0,2444287.0,0.0,0.0,,,,,,,,,,,4kPf4MbDp81GfVHLISdByL
all too well,taylor swift,56.0,,2012-10-22,100.0,145489371.0,0.0,0.0,,,,,,,,,,,00vJzaoxM3Eja1doBUhX0P
all too well (10 minute version) (taylor's version) (from the vault),taylor swift,80.0,,2021-11-12,100.0,145443567.0,0.0,0.0,,,,,,,,,,,5enxwA8aAbwZbf5qCHORXi
all too well (taylor's version),taylor swift,72.0,,2021-11-12,100.0,145489371.0,0.0,0.0,,,,,,,,,,,3nsfB1vus2qaloUdcBZvDu
all up in your mind,beyoncé,58.0,,2022-07-29,84.0,41180800.0,0.0,0.0,,,,,,,,,,,3k4CoiIQXiNBrwrmbBMDxj
all you had to do was stay,taylor swift,58.0,,2014-01-01,100.0,145396321.0,0.0,0.0,,,,,,,,,,,0dAb8TY433dl3ZfXYCLE19
all you need is love,the beatles,65.0,,2015-11-06,82.0,30721676.0,0.0,0.0,0.387,0.5293333333333333,0.6763333333333333,-7.272333333333333,103.64766666666667,228270.66666666666,0.3546666666666667,0.031966666666666664,1.2666666666666667e-05,0.17700000000000002,5zqJlEJcn0EfnvAScH8swK
all-american bitch,olivia rodrigo,73.0,,2023-09-08,85.0,49083617.0,0.0,0.0,,,,,,,,,,,34sOdxWu9FljH84UXdRwu1
"allentown - live at yankee stadium, bronx, ny - june 1990",billy joel,33.0,,2011-03-08,78.0,7402824.0,0.0,0.0,0.588,0.91,0.587,-5.0,115.389,235973.0,0.196,0.0311,4.79e-06,0.318,7yVGa0eKMNhL6GKTF6TBdS
allergic,post malone,58.0,,2019-09-06,86.0,47720209.0,0.0,0.0,,,,,,,,,,,1YscJ7yVTlFxW3eF6pv5ba
almost (sweet music),hozier,63.0,,2023-07,82.0,9114093.0,0.0,0.0,0.523,0.687,0.711,-5.601,90.036,217480.0,0.0215,0.105,2.86e-06,0.203,7uttm8Iurm5uK67Vr9G2Sp
almost famous,eminem,51.0,,2010-06-18,88.0,104517308.0,0.0,1.0,,,,,,,,,,,0ANExk8Iu85oqCgk82rG64
almost like being in love,nat king cole,0.0,,2005,,,0.0,0.0,0.446,0.487,0.696,-6.783,182.546,113293.0,0.842,0.0623,0.0,0.177,1m0AvdSjINx9FvsgvvI6ww
alone,doja cat,56.0,,2021-06-25,86.0,34748949.0,0.0,0.0,,,,,,,,,,,45Nc6nYgV3yBvAeRaZt689
alone,halsey,47.0,,2018-03-15,80.0,22392682.0,0.0,0.0,,,,,,,,,,,3tbNT2X5tfMIVeUflYbZUZ
alone,marshmello,73.0,,2019-02-02,80.0,34476607.0,0.0,0.0,0.631,0.953,0.422,-3.739,141.99,273802.0,0.0241,0.0343,0.0155,0.108,3MEYFivt6bilQ9q9mFWZ4g
alone together,dan + shay,0.0,,2018-06-01,66.0,3203185.0,0.0,0.0,0.541,0.871,0.666,-4.741,179.973,171440.0,0.00527,0.122,0.0,0.0867,5SfNJC5gLHSsyRKN04jVi3
alone together,fall out boy,60.0,,2022,77.0,11415609.0,0.0,0.0,0.552,0.915,0.606,-3.713,90.013,203413.0,0.0013,0.0559,3.74e-05,0.206,75SixhsPWyRRmtqHeffiXr
alone tonight,chris young,43.0,,2015-11-13,65.0,2918550.0,0.0,0.0,,,,,,,,,,,2pw6Sn2q1p4pVgHvj3K2JS
"alone, part 3",xxxtentacion,66.0,,2022-06-10,,,0.0,0.0,0.61,0.258,0.164,-12.758,127.08,109986.0,0.883,0.0331,0.0145,0.103,2oe6dDthgthqUkfL3czpEd
already home,a great big world,44.0,,2014-01-14,57.0,649992.0,0.0,0.0,0.602,0.404,0.243,-7.344,83.054,230186.0,0.31,0.0272,0.0,0.14,0jJqIi0uMG8IhGlLx7U85J
alright,darius rucker,69.0,,2008-01-01,66.0,2774161.0,0.0,0.0,,,,,,,,,,,5JlH51YDYsGj2dyEJKKjcN
although could,michael jackson,56.0,1000.0,2021-06-24,85.0,37446069.0,0.0,0.0,0.18,0.16,,-23.03,198.24,393956.0,,,0.597,,TRK-420561B1EB69
always,bon jovi,78.0,,1994-01-01,78.0,15810313.0,0.0,0.0,0.38,0.6585000000000001,0.317,-5.5735,142.254,353173.0,0.117,0.0315,0.0,0.07275,0kish3Tobj6Wq0we74343q
always been you,jessie murph,0.0,,2021-11-24,76.0,1626341.0,0.0,0.0,,,,,,,,,,,2zpZkOV7sD9C4Cv0cukoHV
always in my head,coldplay,66.0,,2014-05-16,88.0,60804949.0,0.0,0.0,,,,,,,,,,,0FMjqbY3aWo1QDbo3GwXib
always make real,michael jackson,100.0,19292000.0,2020-02-21,85.0,37446069.0,0.0,0.0,0.09,0.32,,-28.97,137.31,288243.0,,,0.253,,TRK-92DF94CEED91
always on my mind,elvis presley,73.0,,1990-07-17,,,0.0,0.0,0.358,0.387,0.495,-14.342,181.183,218440.0,0.746,0.0324,0.0121,0.119,1B5Tp2Ml9nLlmTSJx8xVfI
always on my mind - rehearsal,elvis presley,55.0,,1990-07-17,,,0.0,0.0,0.502,0.463,0.394,-13.144,92.279,264680.0,0.726,0.0434,0.00965,0.238,7DBHT8SI35z5I8sssBJ2WP
always remember us this way,lady gaga,84.0,,2018-10-05,88.0,42256604.0,,,,,,,,,,,,,2rbDhOo9Fh61Bbu23T2qCk
am i wrong,nico & vinz,78.0,,2014-01-21,61.0,573474.0,0.0,0.0,,,,,,,,,,,1fidCEsYlaVE3pHwKCvpFZ
amarillo,j balvin,69.0,,2020-09-11,86.0,39113380.0,0.0,1.0,0.7585,0.8534999999999999,0.9615,-5.7375,122.697,157939.5,0.0124,0.23199999999999998,0.00602,0.09025,6vKU6pCjacGEgxJylK9WHP
amarillo,shakira,60.0,,2017-05-26,85.0,39777995.0,0.0,1.0,,,,,,,,,,,5Qn56ssVeZJfNwDCme7Eo0
amazing day,coldplay,58.0,,2015-12-04,88.0,60830643.0,0.0,0.0,,,,,,,,,,,3wtV2ifnHzirkAElgTGh63
ambiente,j balvin,5.0,,2019-07-01,86.0,39113380.0,0.0,1.0,0.789,0.736,0.782,-6.279,81.014,249253.0,0.136,0.0896,0.0,0.681,6g9qibs8qNFnG1dFPYp48V
ambitionz az a ridah,2pac,79.0,,2006,78.0,22549768.0,0.0,0.0,0.801,0.91,0.805,-6.566,87.277,278386.0,0.00239,0.225,0.000891,0.0737,5g9lS8deSIxItFBmZRC4vN
amen,shaboozey,56.0,,2025-04-24,75.0,1448613.0,0.0,0.0,,,,,,,,,,,3Q5b9lTrxvv6f8jLX4M6VJ
america has a problem,beyoncé,65.0,,2022-07-29,84.0,41176723.0,0.0,0.0,,,,,,,,,,,2XMAWynSTIst5KmLSv0Npf
america's sweetheart,elle king,61.0,,2023-04-11,63.0,670530.0,0.0,0.0,0.528,0.928,0.4,-3.925,128.01,245546.0,0.0208,0.0666,5.75e-06,0.376,2NcstvY8H9PVQ0DMNGHckh
american,lana del rey,54.0,,2012-01-01,88.0,51773650.0,0.0,0.0,,,,,,,,,,,1Yfgbr2kZrb3u0NP8ioyuk
american boy,estelle,80.0,,2008-03-28,65.0,386136.0,0.0,0.0,,,,,,,,,,,6etwirSInfuJrSOlogS6Sh
american girl,tom petty and the heartbreakers,0.0,,1999,,,0.0,0.0,0.552,0.823,0.775,-5.988,114.514,214733.0,0.445,0.0332,0.000129,0.366,45u1g3oY1Tb0Ibmlwqo8f2
american idiot,green day,79.0,,2004-09-21,80.0,17327094.0,0.0,0.0,0.38,0.988,0.769,-2.042,186.113,176346.0,2.64e-05,0.0639,7.86e-05,0.368,6nTiIhLmQ3FWhvrGafw2zj
american soldier,toby keith,60.0,,2003-11-04,70.0,3014433.0,0.0,0.0,,,,,,,,,,,0oVWPlnK5eAqnJCVB0FvpP
anchor,of mice & men,55.0,,2021-02-26,,,0.0,0.0,0.452,0.873,0.226,-8.308,107.426,238750.0,0.00095,0.0723,0.362,0.0672,0cmU8GRcNiJ15pZqrmg02Q
and i love her,passenger,59.0,,2017-07-28,67.0,3758140.0,0.0,0.0,0.624,0.179,0.238,-13.273,117.572,162666.0,0.896,0.0373,1.92e-05,0.118,0Dv23k5ErS9XO9U2BYRI0F
and i love her,the beatles,68.0,,1995-11-20,82.0,30721676.0,0.0,0.0,0.767,0.331,0.636,-10.777,113.312,149693.0,0.64,0.0337,0.0,0.0681,65vdMBskhx3akkG9vQlSH1
and i love you so,elvis presley,56.0,,1998,,,0.0,0.0,0.485,0.332,0.39,-13.288,81.741,219066.0,0.129,0.0257,0.0668,0.0687,62p6cgUc0cdguS1DttbfKU
and so it goes,billy joel,53.0,,1990-06-19,78.0,7402824.0,0.0,0.0,0.433,0.0871,0.336,-14.532,135.498,217573.0,0.91,0.0341,1.98e-05,0.113,1u7kQUb3lQcpHaYRfia13A
and space seek offer,jennifer lopez,35.0,1000.0,2019-07-03,74.0,13710072.0,0.0,1.0,0.88,0.48,,-13.7,132.34,263671.0,,,0.201,,TRK-A76170A330AB
and your bird can sing,the beatles,57.0,,1996-03-18,82.0,30721676.0,0.0,0.0,0.555,0.65,0.966,-6.936,132.59,120493.0,0.0067,0.0282,0.0491,0.236,4KRgqwb4kvBuTz1utbYxfb
andrea,bad bunny,77.0,,2022-05-06,95.0,102500980.0,0.0,1.0,0.797,0.616,0.451,-10.229,103.071,339611.0,0.762,0.375,0.000293,0.0979,44XjoNvtwevktFKjvVe1vH
aneurysm,nirvana,66.0,,1991-09-26,81.0,23398010.0,0.0,0.0,0.298,0.823,0.235,-9.793,135.596,275600.0,7.66e-05,0.0816,7.53e-05,0.132,0Pie5DFAHHxpkONFUsAI6s
aneurysm - live at the paramount,nirvana,25.0,,1991-09-26,81.0,23398010.0,0.0,0.0,,,,,,,,,,,3feW8LT1KZoYkBYHBdYuYk
angel,pinkpantheress,48.0,,2023-07-21,78.0,4761364.0,0.0,0.0,,,,,,,,,,,6932XE7HnGtDvB0kgMDPdZ
angel,the weeknd,61.0,,2015-08-28,93.0,112918137.0,0.0,1.0,,,,,,,,,,,0wzPHTgOtFIDhk2rD3Au4x
angel by the wings,sia,66.0,,2016-12-02,82.0,30541347.0,0.0,0.0,,,,,,,,,,,4OLVK3kktkdLPp8dDgoCtb
angel numbers / ten toes,chris brown,77.0,,2023-11-10,87.0,28327351.0,0.0,0.0,,,,,,,,,,,3XqM8hLCEYlbnFjoWwqtFv
angel of small death & the codeine scene,hozier,62.0,,2015-11-27,82.0,9114093.0,0.0,0.0,0.377,0.638,0.369,-5.754,92.644,219214.0,0.213,0.0545,7.97e-05,0.12,1SCXzqKZdif5b33POmzwI4
angel pt. 1,kodak black,60.0,,2023-05-17,79.0,12478974.0,0.0,0.0,,,,,,,,,,,1vvcEHQdaUTvWt0EIUYcFK
angela,the lumineers,60.0,,2016-04-08,76.0,5903211.0,0.0,0.0,0.668,0.563,0.289,-8.23,130.366,201785.0,0.649,0.0305,0.000347,0.11,6Zz5CiVpQk2Fz2nV8m3YQm
angels like you,miley cyrus,81.0,,2020-11-27,81.0,26558356.0,0.0,0.0,,,,,,,,,,,1daDRI9ahBonbWD8YcxOIB
angie,the rolling stones,72.0,,1973-08-20,77.0,15714574.0,0.0,0.0,0.429,0.554,0.407,-6.128,136.302,272000.0,0.67,0.0291,0.000152,0.105,1GcVa4jFySlun4jLSuMhiq
animal,neon trees,72.0,,2010-01-01,64.0,1284368.0,0.0,0.0,0.482,0.829,0.739,-5.576,147.99,212306.0,0.00034,0.0437,0.0,0.378,0l4DTppOxy7NUaEcwXuOb6
animal city,shakira,1.0,,2005-11-28,85.0,39788275.0,0.0,1.0,,,,,,,,,,,4NirETfurhjh8U9Y1l5U1S
animals,maroon 5,81.0,,2014-09-02,85.0,45771951.0,0.0,1.0,0.279,0.742,0.328,-6.46,189.868,231013.0,0.000185,0.0898,0.0,0.593,2bL2gyO6kBdLkNSkxXNh6x
animals,martin garrix,62.0,,2013,74.0,15121577.0,0.0,0.0,0.676,0.8574999999999999,0.03745,-6.699,128.01049999999998,303040.0,0.001485,0.0391,0.6735,0.307,5q35GiekvBr6oAsCsW8YlR
animals,nickelback,62.0,,2005-09-26,78.0,7846032.0,0.0,0.0,0.5705,0.962,0.819,-3.0789999999999997,76.9965,186253.0,0.0007605,0.060899999999999996,0.0233,0.2135,1bOENKlPYEDXyH9kLFUsnj
animals - radio edit,martin garrix,66.0,,2013,74.0,15121577.0,0.0,0.0,0.594,0.914,0.0381,-5.351,128.017,176117.0,0.00137,0.0363,0.445,0.0714,0nqOcrAskzhTDBvGpOxNrD
animals sound fun,pinkfong,57.0,,2017-07-27,,,0.0,0.0,0.53,0.511,0.635,-4.79,173.879,74292.0,0.58,0.205,1.17e-06,0.102,77b2tRlrJMrtxu0439JMaL
anna (go to him),the beatles,57.0,,1992,82.0,30721676.0,0.0,0.0,0.608,0.565,0.835,-11.06,109.286,177133.0,0.635,0.0336,0.0,0.0601,2baEFuU0gQon0hgVRioI1o
another one bites the dust,queen,81.0,,1980-06-27,82.0,55202163.0,0.0,0.0,,,,,,,,,,,5vdp5UmvTsnMEMESIF2Ym7
another part of me - 2012 remaster,michael jackson,55.0,,1987-08-31,84.0,37417943.0,0.0,0.0,,,,,,,,,,,2hBJgz4Ye9MkkmBbaDTTKx
another world,one direction,53.0,,2012-05-25,83.0,40270893.0,0.0,0.0,,,,,,,,,,,6xnh4eQ4poVpqQBacETxia
anoti,wizkid,55.0,,2021-08-27,79.0,9449714.0,0.0,0.0,0.634,0.73,0.575,-7.353,101.901,181360.0,0.378,0.385,2.04e-05,0.0985,60lUecrFeE2t6QMJ1Nmsve
anpanman,bts,70.0,,2018-05-18,85.0,81197976.0,0.0,0.0,0.813,0.876,0.757,-2.92,98.989,232966.0,0.024,0.0922,0.0,0.287,34OSqW5ULWxmCEMjJ1ZgVW
answer : love myself,bts,63.0,,2018-08-24,85.0,81181104.0,0.0,0.0,0.568,0.793,0.45,-3.749,108.051,251279.0,0.189,0.0406,0.0,0.111,2X3UgVLSA4wYriGIQyYmMA
anti-hero,taylor swift,79.0,,2022-10-21,100.0,145489371.0,0.0,0.0,,,,,,,,,,,0V3wPSX9ygBnCm8psDIegu
antidote,travis scott,71.0,,2015-11-27,89.0,41131037.0,0.0,1.0,0.713,0.526,0.131,-5.046,131.05,262693.0,0.00767,0.032,0.000148,0.124,1wHZx0LgzFHyeIZkUydNXq
anxiety,doechii,79.0,,2025-03-05,76.0,3228538.0,0.0,0.0,,,,,,,,,,,1musbempyJAw5gfSKZHXP9
any ol' barstool,jason aldean,64.0,,2016-09-09,74.0,7052478.0,0.0,0.0,,,,,,,,,,,45tFpM9bn24cSK9ZP2Dh9I
any way you want it,journey,73.0,,2005-11-08,73.0,6505444.0,0.0,0.0,0.529,0.932,0.571,-7.501,138.158,201693.0,0.00251,0.0488,0.00109,0.136,71SvEDmsOwIWw1IozsZoMA
any way you want it (2024 remaster),journey,54.0,,1988-11-29,73.0,6505444.0,0.0,0.0,,,,,,,,,,,4UVKy0DI1hOlL8xF99Ba5j
anybody seen my baby?,the rolling stones,62.0,,2000,77.0,15714574.0,0.0,0.0,0.605,0.742,0.47,-4.363,105.04,271160.0,0.00286,0.0327,0.00105,0.256,4tXr9v3K7nWW1aebWqR1B7
anyone,justin bieber,70.0,,2021-03-19,91.0,85008100.0,0.0,0.0,,,,,,,,,,,2WnAKZefdRHxtBEkRjFOHC
anything goes,florida georgia line,40.0,,2021-05-14,70.0,5589342.0,0.0,0.0,,,,,,,,,,,3hj5xQ4sjdClPT86i7vvpn
anywhere,rita ora,42.0,,2018-11-23,68.0,8411212.0,0.0,0.0,,,,,,,,,,,6ZiSScoPLyeZyIudUBip1V
anywhere u go,tove lo,44.0,,2019-09-20,72.0,3676957.0,0.0,0.0,0.598,0.721,0.34,-5.563,175.981,189604.0,0.7,0.0652,0.0,0.119,0ulX0SQ58c1OGrwya6AnRB
apaga la luz,luis fonsi,0.0,,2019-02-01,73.0,10981084.0,0.0,0.0,0.808,0.791,0.787,-4.534,106.932,212306.0,0.132,0.0598,0.0,0.323,5ApEaNmGa5v6nPYhRGUJlV
apologize,onerepublic,74.0,,2007-01-01,81.0,18703625.0,0.0,0.0,0.5945,0.74,0.4975,-6.1235,118.0195,208106.0,0.352,0.03385,2.135e-05,0.102,1NrJYpdAi7uosDRPmSYrsG
apologize,timbaland,76.0,,2007-01-01,79.0,3469963.0,0.0,0.0,,,,,,,,,,,6q3zC9dDD4lUNk8nfUztXy
applause,lady gaga,54.0,,2013-01-01,88.0,42256604.0,0.0,1.0,,,,,,,,,,,63LAR8TGAGvpfLLM8Z1weo
apple,charli xcx,76.0,,2024-06-07,82.0,6322030.0,0.0,0.0,,,,,,,,,,,19RybK6XDbAVpcdxSbZL1o
apt.,rosé,88.0,,2024-10-18,78.0,13320396.0,0.0,0.0,,,,,,,,,,,4wJ5Qq0jBN4ajy7ouZIV1c
aquí estoy yo - solo version,luis fonsi,0.0,,2009-02-10,73.0,10981084.0,0.0,0.0,0.312,0.5,0.334,-7.795,147.669,248280.0,0.166,0.0396,0.0,0.332,6KpEW4tb8KJZ65iE6XszlP
arcade,duncan laurence,75.0,,2020-01-17,63.0,728004.0,0.0,0.0,0.45,0.329,0.266,-12.603,71.884,183624.0,0.818,0.0441,0.00109,0.135,1J14CdDAvBTE1AJYUOwl6C
are you even real?,james blake,52.0,,2020-07-08,69.0,1551541.0,0.0,0.0,0.289,0.619,0.197,-5.97,72.139,231807.0,0.877,0.125,0.0298,0.397,2k0HXdTDW28JFAaS8TaHeA
are you lonesome tonight,elvis presley,53.0,,1995,,,0.0,0.0,0.355,0.0922,0.191,-17.747,65.952,187026.0,0.918,0.0515,0.000702,0.106,6vXZs9rEQF7Nd6O8Ue7NrT
are you lonesome tonight?,elvis presley,56.0,,1995,,,0.0,0.0,0.42733333333333334,0.15893333333333334,0.18933333333333335,-14.716333333333333,97.178,186559.33333333334,0.918,0.045533333333333335,0.0006373333333333334,0.11233333333333334,0s3DYFA62sx5dUfPPRucOR
are you ready,ac/dc,62.0,,2005-03-29,,,0.0,0.0,0.452,0.821,0.414,-4.816,108.529,250333.0,0.0165,0.0324,3.53e-06,0.13,7A1odihHBrI8n9k0Fefh2j
are you ready for love?,elton john,64.0,,2010,80.0,15542286.0,0.0,0.0,0.803,0.748,0.752,-5.221,116.532,212440.0,0.254,0.0314,0.00212,0.113,3D15FZXmjfna7aFfKmEajd
arms,christina perri,0.0,,2011-05,71.0,4308239.0,0.0,0.0,0.463,0.755,0.252,-7.244,145.312,261213.0,0.11,0.0634,4.89e-06,0.103,1Kl6QcGWVECHMfjqrQux5V
army dreamers,kate bush,3.0,,1980,70.0,2516750.0,0.0,0.0,0.703,0.225,0.399,-11.366,143.248,174026.0,0.731,0.0511,4.59e-06,0.102,3OiUOulzZiEfaADvJNR7wa
army of one,coldplay,54.0,,2015-12-04,88.0,60818952.0,0.0,0.0,,,,,,,,,,,4giCxIFPZNQIP4bIZM4sqH
arsonist's lullabye,hozier,59.0,,2014-03-09,82.0,9111905.0,0.0,0.0,0.281,0.426,0.181,-9.07,177.714,266611.0,0.593,0.0526,0.0446,0.124,7lpmIGFw7Kc9qIdq4cGs34
art deco,lana del rey,78.0,,2015-09-18,88.0,51798111.0,0.0,0.0,,,,,,,,,,,5jqNQZBwbZWQXPWfo0ygZF
as i am,justin bieber,61.0,,2021-03-19,91.0,85022258.0,0.0,0.0,,,,,,,,,,,6F2r4HgpJnvKDmkN6JEN6J
as it was,harry styles,87.0,,2022-05-20,80.0,34133561.0,0.0,0.0,0.52,0.731,0.662,-5.338,173.93,167303.0,0.342,0.0557,0.00101,0.311,4Dvkj6JhhA12EX05fT7y2e
as long as you love me,justin bieber,67.0,,2012-06-15,91.0,85050158.0,0.0,0.0,,,,,,,,,,,0pwYLVXVknPSGUQb39cePC
as tears go by - mono version,the rolling stones,56.0,,1977,77.0,15714574.0,0.0,0.0,0.33,0.27949999999999997,0.3795,-10.949,112.862,165213.0,0.7164999999999999,0.029449999999999997,0.00264,0.16949999999999998,1LD75COdR1n8jTIjommyS2
as you are,the weeknd,65.0,,2015-08-28,94.0,113039308.0,0.0,1.0,,,,,,,,,,,3H3qBumaYj67PT3aMEBvAP
ascension,mac miller,5.0,,2015-09-18,81.0,12177441.0,0.0,0.0,0.763,0.53,0.296,-6.348,119.998,292466.0,0.368,0.132,3.41e-06,0.154,3CYcfkVQbUPjnljKdKA8H1
ass back home,gym class heroes,63.0,,2011-11-11,67.0,1672769.0,0.0,0.0,,,,,,,,,,,3bfqkspKABT4pPicm6wC9F
asshole,eminem,32.0,,2013-11-05,88.0,104517308.0,0.0,1.0,,,,,,,,,,,2fmlkxGNnUnIn4Ucc5P4ZX
astronaut in the ocean,masked wolf,70.0,,2021-01-06,59.0,787903.0,0.0,0.0,0.778,0.695,0.472,-6.865,149.996,132780.0,0.175,0.0913,0.0,0.15,3Ofmpyhv5UAQ70mENzB277
astrothunder,travis scott,77.0,,2018-08-03,89.0,41107596.0,0.0,1.0,0.7,0.46,0.286,-8.111,151.901,142969.0,0.142,0.0661,4.81e-05,0.111,4MXhiYIRDMGAuvZc5IFTwC
at this table,idina menzel,0.0,,2019-10-18,68.0,570812.0,0.0,0.0,0.41,0.208,0.368,-11.091,67.744,227000.0,0.927,0.0377,0.0,0.122,2UF2hAUTunGetAF7NDaLgi
attention,charlie puth,87.0,,2017-04-20,79.0,25301942.0,0.0,0.0,0.775,0.613,0.797,-4.586,100.066,208786.0,0.109,0.0542,2.33e-05,0.134,4iLqG9SeJSnt0cSPICSjxv
attention,doja cat,59.0,,2023-06-16,86.0,34742256.0,0.0,0.0,,,,,,,,,,,11xC6P3iKYpFThT6Ce1KdG
attention,the weeknd,61.0,,2016-11-25,93.0,112918137.0,0.0,1.0,,,,,,,,,,,6pDVjCUA3B1vg9waKutAsv
attention!,xxxtentacion,69.0,,2019-12-06,,,0.0,0.0,0.954,0.41,0.457,-7.725,130.074,120055.0,0.608,0.157,1.76e-05,0.133,0RjJSBBEolCDJ6wDiuVCmh
attorney,michael jackson,41.0,1000.0,2024-10-04,85.0,37446069.0,0.0,0.0,0.78,0.34,,-21.43,73.56,186895.0,,,0.627,,TRK-43C392B5CE1F
au revoir,onerepublic,38.0,,2013-03-22,,,0.0,0.0,0.517,0.528,0.108,-9.405,117.04,290480.0,0.913,0.0293,0.309,0.123,1oh5FOxndjZVz1wjiBeBmY
audio,sia,60.0,,2019-04-12,82.0,30541347.0,0.0,0.0,,,,,,,,,,,100eDEmpWV5YGVCqHI0leU
august,taylor swift,85.0,,2020-08-18,100.0,145443567.0,0.0,0.0,0.532,0.623,0.403,-9.208,89.937,261922.0,0.538,0.0331,7.28e-05,0.0925,3hUxzQpSfdDqwM3ZTFQY0K
august - the long pond studio sessions,taylor swift,53.0,,2020-11-25,100.0,145489371.0,0.0,0.0,,,,,,,,,,,4MGexoZc12lqE0hYkq9YYx
austin,blake shelton,0.0,,2001-06,69.0,7507062.0,0.0,0.0,0.603,0.609,0.275,-7.063,119.911,230333.0,0.188,0.0278,0.0,0.0982,2hyP9WkqwrydvQZ7IrCe0N
austin (boots stop workin'),dasha,82.0,,2024-02-16,67.0,416933.0,0.0,0.0,,,,,,,,,,,2uqYupMHANxnwgeiXTZXzd
autumn leaves,bts,65.0,,2015-11-30,,,0.0,0.0,0.619,0.804,0.314,-3.301,104.978,267150.0,0.0135,0.0424,0.0,0.127,158kubraiqKrcYpRsDHrBU
autumn leaves,ed sheeran,0.0,,2021-09-09,88.0,122773292.0,0.0,0.0,0.555,0.257,0.431,-12.637,89.013,200755.0,0.892,0.0299,1.42e-06,0.124,7s2OAgMDtuwq8F3DaBhunU
awake,bts,66.0,,2016-10-10,,,0.0,0.0,0.35,0.498,0.34,-6.589,142.803,226160.0,0.023,0.0332,1.99e-06,0.269,3gxNkvcP8scSzL6mGznTn3
away from the sun,3 doors down,57.0,,2005-11-08,71.0,4908790.0,0.0,0.0,0.541,0.677,0.237,-6.211,131.922,232066.0,0.0244,0.0271,0.0,0.0854,3THdexHRmED4euIY91Zrxc
away in silence,creed,45.0,,2009-10-27,73.0,4303697.0,0.0,0.0,0.454,0.863,0.293,-4.122,154.107,280720.0,0.025,0.0351,0.0,0.0798,65ONOjGUh9A5mKtvu2JwQg
awkward,sza,71.0,,2022-06-09,87.0,33029522.0,0.0,0.0,,,,,,,,,,,2xZ0zfuDTv5LxLhEgD82PG
ay vamos,j balvin,69.0,,2017-10-29,86.0,39113380.0,0.0,1.0,0.718,0.711,0.92,-5.746,173.916,226413.0,0.157,0.11,5.54e-05,0.1,6Ges5C2IE738iJh4HyQizQ
"ay, dios mío!",karol g,62.0,,2020-07-10,87.0,60395783.0,0.0,0.0,0.715,0.706,0.522,-4.423,179.997,189840.0,0.496,0.195,0.00134,0.106,493Gp8GQJHDtfGyUKvihrF
ayala (outro),xxxtentacion,62.0,,2017-08-25,,,0.0,0.0,0.57,0.285,0.0973,-14.125,83.485,99706.0,0.737,0.0381,0.0133,0.108,5xbrhx2tMMcN68IT3cJbhS
ayo,chris brown,75.0,,2015-02-24,87.0,28305692.0,0.0,0.0,,,,,,,,,,,0k6DnZMLoEUH8NGD5zh2SE
azizam,ed sheeran,84.0,,2025-04-04,88.0,122773292.0,0.0,0.0,,,,,,,,,,,0GRc3eGTg8HBdWLRGYgqIc
b.a.s.,megan thee stallion,62.0,,2024-06-28,76.0,10888670.0,0.0,0.0,,,,,,,,,,,3pR7ZToCrzeNkfEf6n2rVR
b2b,charli xcx,75.0,,2024-06-07,82.0,6318755.0,0.0,0.0,,,,,,,,,,,4wTvw1dBiPXNiHTh0zzpcI
babe,sugarland,27.0,,2017-11-09,54.0,1993973.0,0.0,0.0,,,,,,,,,,,40PXEOFLJc7UIpLMrhSfW1
babooshka,kate bush,65.0,,1980-06-27,70.0,2516750.0,0.0,0.0,0.46799999999999997,0.439,0.288,-8.892,107.605,209933.0,0.741,0.032350000000000004,1.64e-05,0.0707,0Qo6ENwrR9bj9nKWEuNslx
babooshka - 2018 remaster,kate bush,66.0,,2009,70.0,2516750.0,0.0,0.0,0.49,0.362,0.292,-12.047,108.866,199226.0,0.762,0.0382,1.14e-05,0.0671,6VpNGCU2ig4NQmsLfALdJU
baby,justin bieber,83.0,,2010-01-01,91.0,85022258.0,0.0,0.0,0.728,0.859,0.535,-5.237,65.043,214240.0,0.0401,0.137,0.0,0.111,2eJ8ij1T3cNUKiGdcUvKhy
baby be crazy,brantley gilbert,42.0,,2017-01-27,63.0,3029394.0,0.0,0.0,,,,,,,,,,,7CmJQKB7nW4yCuA0hhc4nc
baby boy,beyoncé,68.0,,2003-06-24,84.0,41172203.0,0.0,0.0,,,,,,,,,,,4WY3HyGXsWqjFRCVD6gnTe
baby by me,50 cent,78.0,,2009-01-01,82.0,18868122.0,0.0,1.0,,,,,,,,,,,1x075F39Q0zOhjPzPKgG8E
baby don't hurt me,david guetta,78.0,,2023-04-06,87.0,27141717.0,0.0,0.0,,,,,,,,,,,3BKD1PwArikchz2Zrlp1qi
baby i,ariana grande,48.0,,2013-01-01,90.0,107389514.0,0.0,0.0,,,,,,,,,,,6EIsMa5lbvljYxqCkjZVDi
baby i'm back,the kid laroi,74.0,,2024-08-09,79.0,6593079.0,0.0,0.0,,,,,,,,,,,5kDgJffgJ0lYHTSiaXFWNw
baby it's you,the beatles,55.0,,2023,82.0,30721676.0,0.0,0.0,0.608,0.494,0.879,-12.211,112.421,160520.0,0.778,0.0345,0.0,0.0926,2VmB1rF9FtfKUmFHDVnq8Q
baby nueva,bad bunny,71.0,,2023-10-13,95.0,102500980.0,0.0,1.0,,,,,,,,,,,3NhstUmrlhaN1M6hP8zMbb
baby outlaw,elle king,50.0,,2018-10-19,63.0,670530.0,0.0,0.0,0.479,0.915,0.375,-2.942,152.016,199840.0,0.057,0.0755,0.000367,0.284,6duWrSlajEdgjAfaiKZV31
baby shark,pinkfong,77.0,,2017-07-27,,,0.0,0.0,0.825,0.8755,0.6505000000000001,-2.6545,115.0555,88628.0,0.2845,0.152,0.0,0.19995,2XWEKRbJ8lSvmDI3qfIsXc
baby shark - dance remix,pinkfong,47.0,,2017-07-27,,,0.0,0.0,0.757,0.839,0.718,-6.187,154.025,86997.0,0.591,0.304,1.3e-05,0.0401,0BeKq38GJrvkBg8wUmqfl6
baby shark 1.5x,pinkfong,59.0,,2017-12-13,,,0.0,0.0,0.733,0.924,0.5,-1.579,153.264,72247.0,0.168,0.244,6.81e-05,0.35,6Hkd95mjIbWyL97rtTAigl
baby shark music box,pinkfong,52.0,,2017-07-27,,,0.0,0.0,0.686,0.121,0.818,-20.751,148.002,110522.0,0.688,0.103,0.885,0.0793,07enmUOMmpuy7ZVUXHAPIk
baby t-rex,pinkfong,54.0,,2018-05-28,,,0.0,0.0,0.733,0.953,0.689,-3.792,109.955,95272.0,0.228,0.172,0.0,0.635,3O6QmII0duGci0lfFIrbsG
"baby, let's play house",elvis presley,51.0,,1996,,,0.0,0.0,0.668,0.65,0.961,-9.373,103.975,139040.0,0.733,0.042,0.0284,0.122,5j8cflZIx0GwvlkzPImbtK
"baby, you're a rich man",the beatles,53.0,,2005,82.0,30721676.0,0.0,0.0,0.619,0.625,0.467,-9.635,96.751,181306.0,0.0119,0.036,1.05e-06,0.152,0JBvtprXP2Z0LP3jmzA7Xp
back door,stray kids,73.0,,2020-09-14,,,0.0,0.0,0.82,0.842,0.653,-3.853,107.952,189286.0,0.157,0.272,0.0,0.112,0XuepwFJUcKN8T5zTqoP0F
back in black,ac/dc,84.0,,1980-07-25,80.0,32291922.0,0.0,0.0,0.3735,0.7064999999999999,0.7665,-5.688000000000001,141.002,255566.5,0.010225,0.04115,0.00966,0.0887,08mG3Y1vljYA6bvDt4Wqkj
back in the saddle,luke combs,76.0,,2025-07-25,83.0,13397845.0,0.0,0.0,,,,,,,,,,,6tlZIGGXozhQpYyKesjwWL
back in the u.s.s.r.,the beatles,65.0,,2018-11-09,82.0,30721676.0,0.0,0.0,0.48,0.969,0.494,-7.464,142.489,163453.0,0.069,0.0854,0.00022,0.0608,0j3p1p06deJ7f9xmJ9yG22
back that up to the beat - demo version,madonna,56.0,,2022-12-30,78.0,8793654.0,0.0,0.0,,,,,,,,,,,5ZQ2slXNqImBi0SdomcjYN
back to black,amy winehouse,82.0,,2006-06-30,75.0,9747371.0,0.0,0.0,0.4465,0.5735,0.35650000000000004,-8.634,123.00399999999999,240866.5,0.1285,0.03825,2.365e-05,0.0922,30FURVTCpbKyykjSEQzGkH
back to friends,sombr,92.0,,2024-12-27,85.0,2789144.0,0.0,0.0,,,,,,,,,,,0FTmksd2dxiE5e3rWyJXs6
back to life - 80s remix,hailee steinfeld,39.0,,2018-12-21,66.0,8862427.0,0.0,0.0,,,,,,,,,,,3c4e5bs1Y9txBubMx2al9G
back to me,3 doors down,53.0,,2011-07-15,71.0,4908790.0,0.0,0.0,0.498,0.735,0.402,-4.701,145.852,222506.0,0.00834,0.026,5.51e-06,0.245,5Zft9zIODo7ZnImwcbaO4Z
back to you,selena gomez,65.0,,2018-08-03,81.0,53267200.0,0.0,0.0,0.6,0.683,0.494,-6.271,102.036,210240.0,0.0984,0.0493,1.26e-06,0.11,514rhnksEwHUh6LxXsQ4Y9
back to you - from 13 reasons why – season 2 soundtrack,selena gomez,70.0,,2018-05-10,81.0,53267200.0,,,0.601,0.724,0.508,-4.856,102.061,207904.0,0.0945,0.0486,1.68e-06,0.12,4hQ6UGyWQIGJmHSo0J88JW
backstabber,kesha,70.0,,2010-01-01,78.0,9156883.0,0.0,0.0,,,,,,,,,,,4GRFzKI7jTZ3kbMfouc7bn
bad,jason aldean,45.0,,2016-09-09,74.0,7052478.0,0.0,0.0,,,,,,,,,,,7AHs6Tcu2VYpcHL9HEqPs3
bad,wale,76.0,,2013-02-05,72.0,4278389.0,0.0,0.0,,,,,,,,,,,5yhKaacMZGRo4s6evJx9vk
bad - 2012 remaster,michael jackson,72.0,,1987-08-31,85.0,37462708.0,0.0,0.0,,,,,,,,,,,2gSNBigeWMVtY3QBIvPAEc
bad and boujee,migos,2.0,,2017-04-07,74.0,14638268.0,0.0,0.0,,,,,,,,,,,4Km5HrUvYTaSUfiSGPJeQR
bad ass bitches,wiz khalifa,0.0,,2022-06-24,81.0,12078615.0,0.0,0.0,0.9040000000000001,0.601,0.761,-5.561,87.037,118466.0,0.0305,0.198,0.0,0.615,0pp7ZaS8BM0t3iB3DzioJ0
bad at love,halsey,80.0,,2017-06-02,80.0,22396044.0,0.0,0.0,0.675,0.751,0.612,-3.539,118.384,181279.0,0.0604,0.0296,0.0,0.0893,3OzCF9i6Ey7EkkAYJztmKp
bad blood,bastille,0.0,,2013-09-27,72.0,5647181.0,0.0,0.0,0.664,0.794,0.933,-5.503,143.013,212240.0,0.0132,0.038,0.0137,0.12,3egSwvRPqL8BaaGkUaxqOc
bad blood,taylor swift,65.0,,2014-01-01,100.0,145443567.0,0.0,0.0,,,,,,,,,,,273dCMFseLcVsoSWx59IoE
bad boy,cascada,55.0,,2004,65.0,615439.0,0.0,0.0,0.666,0.978,0.63,-5.118,139.991,191843.0,0.0149,0.0925,0.0444,0.222,1p5jgCAGFDBIBs6ZbWIMvA
bad day,daniel powter,75.0,,2005-02-22,58.0,323888.0,0.0,0.0,,,,,,,,,,,0mUyMawtxj1CJ76kn9gIZK
bad days,tove lo,43.0,,2017-11-17,72.0,3676957.0,0.0,0.0,0.66,0.498,0.382,-6.539,131.946,206058.0,0.471,0.0322,0.0,0.124,4eTUG3TF3lQuar1lLkN0cG
bad decisions,ariana grande,53.0,,2016-04-01,90.0,107389514.0,0.0,0.0,,,,,,,,,,,4qtXU0epoC3zEmolXdBcu8
bad decisions (with bts & snoop dogg),benny blanco,64.0,,2022-08-04,72.0,1626627.0,0.0,1.0,0.762,0.861,0.955,-3.296,120.048,172714.0,0.0185,0.0955,0.0,0.264,0xzI1KAr0Yd9tv8jlIk3sn
bad dreams,teddy swims,79.0,,2024-09-13,83.0,5670437.0,0.0,0.0,,,,,,,,,,,3nHuKdFJZm78CoeBnDcFKe
bad girl,avril lavigne,53.0,,2013-11-01,76.0,12008159.0,0.0,0.0,,,,,,,,,,,1HiV8vDg7l9eKp6abjvA7P
bad girls,m.i.a.,72.0,,2012-03,66.0,1475109.0,0.0,0.0,0.639,0.912,0.343,-2.621,143.448,227520.0,0.00107,0.0615,0.0,0.097,3vh4UVXsvtMCfpOzVCIR4F
bad guy,billie eilish,82.0,,2019-03-29,90.0,118692183.0,0.0,0.0,0.701,0.425,0.562,-10.965,135.128,194087.0,0.328,0.375,0.13,0.1,154lbtHSyyOt0ao2QwbE4n
bad guy,eminem,38.0,,2013-11-05,88.0,104517308.0,0.0,1.0,,,,,,,,,,,5SpWTzTFzy2UiZWaEWCHWn
bad habit,steve lacy,83.0,,2022-06-29,77.0,6429788.0,0.0,0.0,,,,,,,,,,,4k6Uh1HXdhtusDW5y8Gbvy
bad habits,ed sheeran,82.0,,2021-06-25,88.0,122802777.0,0.0,0.0,0.807,0.893,0.537,-3.745,126.011,230746.0,0.0451,0.0347,2.79e-05,0.366,3rmo8F54jFF8OgYsqTxm5d
bad idea,ariana grande,66.0,,2019-02-08,90.0,107389514.0,0.0,0.0,,,,,,,,,,,5Il6Oe7lr5XM7A0cWbVQtr
bad idea,dove cameron,52.0,,2022-10-28,70.0,5531839.0,0.0,0.0,,,,,,,,,,,6azVi5ToFHo6KfKs6SstAC
bad idea right?,olivia rodrigo,76.0,,2023-08-11,85.0,49083617.0,0.0,0.0,,,,,,,,,,,27Cne97mFE21Ob0ScMewrV
bad liar,imagine dragons,80.0,,2019,85.0,58364373.0,0.0,0.0,0.383,0.637,0.0827,-6.993,177.913,260773.0,0.0722,0.0703,0.0,0.368,2RSHsoi04658QL5xgQVov3
bad liar,selena gomez,0.0,,2017-05-18,81.0,53267200.0,0.0,0.0,0.965,0.414,0.729,-6.408,121.032,214647.0,0.189,0.0712,0.0,0.0767,1WrMD6on4zuCXVrYp5o8io
bad medicine,bon jovi,70.0,,2016-05-27,78.0,15810313.0,0.0,0.0,0.542,0.9775,0.7985,-2.9665,118.655,316613.0,0.0343,0.0359,0.0,0.08299999999999999,1kdumEk4vjB6LTjtp59YdL
bad moon rising,creedence clearwater revival,80.0,,1969-04-01,77.0,7945600.0,0.0,0.0,0.5532,0.8024000000000001,0.9332,-5.265,143.168,140671.6,0.04364,0.0319,4.022e-06,0.061040000000000004,0BIpEYy15QaMusucc8H0l7
bad ones,tate mcrae,61.0,,2021-03-26,88.0,9256589.0,0.0,0.0,,,,,,,,,,,6CYT0souHUHKTO4EMzTUFg
bad romance,lady gaga,85.0,,2009-01-01,89.0,42275793.0,0.0,1.0,0.6938,0.9228,0.714,-3.7244,118.9932,294532.8,0.0032959999999999995,0.03804,4.966e-05,0.0875,0SiywuOBRcynK0uKGWdCnn
bad to me,wizkid,73.0,,2022-09-13,79.0,9449714.0,0.0,0.0,0.859,0.822,0.908,-5.005,110.045,176850.0,0.07,0.0467,0.0144,0.101,2pUlBBWq8R10ylbBvZJV9j
bad together,dua lipa,47.0,,2017-06-02,85.0,46886554.0,0.0,0.0,,,,,,,,,,,0LwbO2KIQw1uR2FCqwaKAu
bad!,xxxtentacion,72.0,,2018-11-09,,,0.0,0.0,0.78,0.492,0.374,-3.4,143.983,94245.0,0.0643,0.0671,0.0313,0.174,22An65gG31JLf9n18qjdhZ
bag of grins,red hot chili peppers,62.0,,2022-10-14,82.0,23218829.0,0.0,0.0,0.486,0.812,0.303,-6.244,112.648,306434.0,0.0106,0.0553,0.0116,0.201,1TmBaKkDUu0akM9xzSxRia
baila baila baila,ozuna,70.0,,2019-01-05,,,0.0,0.0,0.837,0.626,0.592,-5.674,99.987,158760.0,0.0588,0.152,0.0,0.252,5PXsZaT8cOxb4mXrA20PMQ
baila conmigo (with rauw alejandro),selena gomez,65.0,,2021-01-29,81.0,53267200.0,0.0,0.0,0.823,0.544,0.664,-7.132,149.903,186087.0,0.0215,0.0715,0.00315,0.0966,079Ey5uxL04AKPQgVQwx5h
bailando - english version,enrique iglesias,48.0,,2014-05-06,77.0,11932306.0,0.0,0.0,,,,,,,,,,,1yM7GIEJ2QniupkEHOyp0a
bailando - spanish version,enrique iglesias,45.0,,2014-03-17,77.0,11932306.0,0.0,0.0,,,,,,,,,,,32lm3769IRfcnrQV11LO4E
baile inolvidable,bad bunny,90.0,,2025-01-05,95.0,102536542.0,0.0,1.0,,,,,,,,,,,2lTm559tuIvatlT1u0JYG2
baile quieto de tiburón bebé en halloween,pinkfong,19.0,,2022-10-07,,,0.0,0.0,0.41,0.878,0.542,-3.741,87.594,193765.0,0.183,0.377,0.0,0.0737,63wf95ga7EdWjsWeQk1yGC
ball if i want to,dababy,0.0,,2021-06-18,,,0.0,0.0,0.902,0.669,0.628,-5.049,139.949,112546.0,0.161,0.457,0.0,0.0728,6h1JK4zvCvvSHJFFVG3Vqf
ballad of a homeschooled girl,olivia rodrigo,69.0,,2023-09-08,85.0,49083617.0,0.0,0.0,,,,,,,,,,,5lfHlUT9WtSGw12jw7dSkk
bam bam,camila cabello,71.0,,2022-03-04,78.0,35579266.0,0.0,0.0,0.756,0.697,0.956,-6.377,94.996,206070.0,0.182,0.0401,0.0,0.333,0QBzMgT7NIeoCYy3sJCof1
bananza (belly dancer),akon,69.0,,2021-02-07,81.0,6002343.0,0.0,0.0,0.877,0.702,0.69,-5.899,104.833,238493.0,0.0334,0.127,8.92e-06,0.743,3BwkldhE22DdxOcXegF2Kv
bang bang,jessie j,81.0,,2014-08-22,71.0,12190846.0,0.0,0.0,,,,,,,,,,,0puf9yIluy9W0vpMEUoAnN
bank account,21 savage,3.0,,2017-09-23,84.0,23799771.0,0.0,0.0,,,,,,,,,,,2fQrGHiQOvpL9UgPvtYy6G
banking on me,gunna,2.0,,2023,85.0,10342615.0,0.0,0.0,0.793,0.308,0.46,-10.414,135.143,200000.0,0.613,0.0466,1.68e-05,0.0953,0vbisbhaTk92sEVKVkl66k
baptized in fear,the weeknd,71.0,,2025-01-30,93.0,112918137.0,0.0,1.0,,,,,,,,,,,0bxRSMz5WY1VuMmOhanE4b
bar none,jordan davis,70.0,,2025-03-28,71.0,1615711.0,0.0,0.0,,,,,,,,,,,212xtcXoSqbbwFAYd0zvNP
barbara ann,the beach boys,63.0,,1992,,,0.0,0.0,0.581,0.669,0.926,-3.659,78.073,133893.0,0.19,0.0385,0.0,0.243,2KOt2JrCB720UxIbyzweQo
barbie dreams,fifty fifty,45.0,,2023-07-21,63.0,1990839.0,0.0,0.0,,,,,,,,,,,7F3q1XtxXjKFoTyo14fGQn
barbie girl,aqua,75.0,,1997-01-01,63.0,779228.0,0.0,0.0,,,,,,,,,,,5ZrDlcxIDZyjOzHdYW1ydr
barbie world (with aqua),nicki minaj,68.0,,2023-06-23,84.0,34297934.0,0.0,0.0,,,,,,,,,,,2tQG2nFEHhWsH05kFKlC4A
barcelona,ed sheeran,61.0,,2017-03-03,88.0,122773292.0,0.0,0.0,,,,,,,,,,,3Lfiu5sZ4M4B6JaKMBc0FU
barcelona,george ezra,67.0,,2014-05-19,68.0,4312223.0,0.0,0.0,0.629,0.572,0.182,-9.332,93.997,188960.0,0.32,0.0307,0.000853,0.109,3ieLey98V9mIIh3W9gBlPF
bartender,lana del rey,58.0,,2019-08-30,88.0,51798111.0,0.0,0.0,,,,,,,,,,,5USsRaiqL1RNKRm1fTJ3JM
bartier cardi,cardi b,61.0,,2018-04-06,81.0,25957976.0,0.0,0.0,,,,,,,,,,,0dIoGTQXDh1wVnhIiSyYEa
basket case,green day,81.0,,2025-11-14,80.0,17327094.0,0.0,0.0,0.4415,0.943,0.781,-3.205,85.05699999999999,181533.0,0.00293,0.0602,8.49e-06,0.091,5jenPxOowZslz2QBv8utFF
baticano,bad bunny,67.0,,2023-10-13,95.0,102536542.0,0.0,1.0,,,,,,,,,,,5qzLdvRViHUrRNdkpakG7C
battery,metallica,65.0,,2004-08-05,81.0,32161423.0,0.0,0.0,0.481,0.928,0.427,-8.799,96.699,312360.0,0.00022,0.0672,0.558,0.106,6UB9mShVLbMm0W4e6vud4C
battle symphony,linkin park,64.0,,2017-03-16,88.0,31785695.0,0.0,0.0,0.653,0.839,0.669,-5.077,149.034,216281.0,0.0369,0.0685,0.0,0.068,3FQCJI2t5LTbsRPfYVBSVB
battleships,daughtry,54.0,,2013-11-15,65.0,2382165.0,0.0,0.0,0.49,0.746,0.331,-4.951,81.848,232133.0,0.0121,0.0405,0.0,0.0624,0YpzP03QziAgqcZSCtjbl2
be alright,ariana grande,61.0,,2016-04-01,90.0,107418606.0,0.0,0.0,,,,,,,,,,,1MkFj1ThZZxjYMNkczx9mk
be alright,dean lewis,77.0,,2018-06-29,75.0,4155089.0,0.0,0.0,,,,,,,,,,,3EPXxR3ImUwfayaurPi3cm
be careful,cardi b,69.0,,2018-04-05,81.0,25957976.0,0.0,0.0,0.835,0.561,0.499,-8.248,152.152,210787.0,0.0264,0.4,0.0,0.095,2Yl4OmDby9iitgNWZPwxkd
be happy with baby shark,pinkfong,55.0,,2017-12-13,,,0.0,0.0,0.807,0.782,0.891,-3.579,114.001,72700.0,0.713,0.0443,0.00112,0.419,0zr3XWQ7wBzpBtotLynUfQ
be kind (with halsey),marshmello,71.0,,2020-05-01,80.0,34476607.0,0.0,0.0,0.63,0.633,0.452,-7.088,93.995,172761.0,0.00776,0.0457,0.0,0.0541,3Z8FwOEN59mRMxDCtb8N0A
be like that,3 doors down,62.0,,2005-11-08,71.0,4908790.0,0.0,0.0,0.487,0.702,0.306,-6.043,95.982,265906.0,0.00528,0.0238,4.97e-06,0.129,3PbHle8KhJp6GuO1jLdEmQ
be like that - feat. swae lee & khalid,kane brown,65.0,,2020-07-10,71.0,5777873.0,0.0,0.0,0.727,0.626,0.322,-8.415,86.97,191406.0,0.0469,0.0726,2.58e-05,0.126,5f1joOtoMeyppIcJGZQvqJ
be still,the fray,56.0,,2012-02-07,73.0,4290585.0,0.0,0.0,0.361,0.149,0.302,-12.066,107.607,168853.0,0.887,0.0333,0.0,0.175,3URt4lJQlANOstDBAWQJA7
be the one,dua lipa,74.0,,2017-06-02,85.0,46895665.0,0.0,0.0,,,,,,,,,,,1vTntttEXlVHk4uj1vtVEe
be the one,jason derulo,1.0,,2019-11-08,76.0,12460242.0,0.0,0.0,0.738,0.782,0.498,-3.562,110.117,161035.0,0.143,0.095,0.0,0.106,7d6z6f8WSKjoPlLbmcY8TS
be true to your school,the beach boys,26.0,,1974-06-24,,,0.0,0.0,0.55,0.664,0.734,-8.952,144.21,131520.0,0.245,0.0438,0.0,0.112,0Tc7E6YsVc87M2op6fmFwI
be your everything,boys like girls,58.0,,2012-07-17,,,0.0,0.0,0.501,0.833,0.68,-4.954,148.035,210706.0,0.0303,0.0334,0.0,0.0788,5X1VGqaNrpXC8HBPEA4uDT
beach house,the chainsmokers,56.0,,2018-11-16,80.0,21360805.0,0.0,0.0,0.4,0.838,0.533,-4.491,179.945,206120.0,0.174,0.0526,0.0,0.341,2bQhVQbV7VBzSOPo8mbkUR
beast of burden,the rolling stones,73.0,,1978,77.0,15714574.0,0.0,0.0,0.7835000000000001,0.8785000000000001,0.889,-3.863,100.624,265173.0,0.39,0.0308,0.000813,0.0426,5pov3V37DnTkVV93lWgHqo
beat it,michael jackson,75.0,,2008-02-08,84.0,37431031.0,0.0,0.0,,,,,,,,,,,1OOtq8tRnDM8kG2gqUPjAj
beat the odds,lil tjay,81.0,,2022-08-26,74.0,10192579.0,0.0,0.0,0.498,0.625,0.478,-7.452,84.821,150000.0,0.054,0.342,0.0,0.175,2BJWxD8xKrDv8vneTvTIm9
beautiful,bazzi,72.0,,2018,66.0,5506553.0,0.0,0.0,0.662,0.6827142857142857,0.18814285714285714,-5.597142857142857,100.01585714285714,178493.14285714287,0.23285714285714285,0.03275714285714285,0.0,0.09891428571428572,2AiaI6KaPOJofH97x3XvV8
beautiful,christina aguilera,67.0,,2002-07-19,76.0,9250522.0,0.0,0.0,,,,,,,,,,,0Ri6sPso4CNTnHn7RroCt4
beautiful crazy,luke combs,80.0,,2022-08-24,83.0,13400486.0,0.0,0.0,0.551,0.402,0.382,-7.431,103.313,193200.0,0.676,0.0262,0.0,0.0928,2rxQMGVafnNaRaXlRMWPde
beautiful day,u2,73.0,,2000-01-01,75.0,13593848.0,0.0,0.0,,,,,,,,,,,0gzqZ9d1jIKo9psEIthwXe
beautiful mistakes,maroon 5,75.0,,2021-06-11,85.0,45777722.0,0.0,1.0,,,,,,,,,,,5zFglKYiknIxks8geR8rcL
beautiful monster,ne-yo,2.0,,2010,80.0,10217787.0,0.0,0.0,0.722,0.826,0.494,-5.464,127.929,251133.0,0.227,0.108,4.06e-06,0.222,0tj1GPlAwcdSHAnvlTFUS2
beautiful people,ed sheeran,69.0,,2019-06-28,88.0,122802777.0,0.0,0.0,,,,,,,,,,,4evmHXcjt3bTUHD1cvny97
beautiful people beautiful problems,lana del rey,59.0,,2017-07-21,88.0,51821190.0,0.0,0.0,,,,,,,,,,,3O7p9Itz8PXUoAjD2vmuM6
beautiful stranger,toby keith,43.0,,2015-10-09,70.0,3013521.0,0.0,0.0,,,,,,,,,,,6uHSl2vtD7NzQ3yjEAGFGg
beautiful things,benson boone,88.0,,2024-01-18,83.0,7055537.0,0.0,0.0,,,,,,,,,,,3xkHsmpQCBMytMJNiDf3Ii
beautiful things - acoustic,benson boone,72.0,,2024-02-23,83.0,7050520.0,0.0,0.0,,,,,,,,,,,7rJkmoGkKjLMIPI9qUQnSy
"beautiful, dirty, rich",lady gaga,47.0,,2009-11-05,89.0,42275793.0,0.0,1.0,,,,,,,,,,,4Jvz8OW0kOa6RK23YPKMtj
beauty and a beat,justin bieber,83.0,,2012-01-01,91.0,85022258.0,0.0,0.0,,,,,,,,,,,190jyVPHYjAqEaOGmMzdyk
bebesita,karol g,0.0,,2019-05-03,,,0.0,0.0,0.714,0.826,0.742,-3.897,91.997,185053.0,0.318,0.0385,1.63e-05,0.216,1bNsvWmJGd4pdpahQhlK9T
bebê tubarão fantasma,pinkfong,0.0,,2022-10-21,,,0.0,0.0,0.926,0.691,0.664,-4.067,119.902,72165.0,0.468,0.311,0.0,0.0633,7KDuXJKsd2Xp9fKWnbV81I
bebê tubarão gostosuras ou travessuras,pinkfong,0.0,,2020-11-13,,,0.0,0.0,0.914,0.739,0.942,-6.014,114.954,80867.0,0.714,0.117,0.0,0.047,3mc4NFWM0W13kmMmrkPyAx
bebê tubarão pirata,pinkfong,0.0,,2022-10-21,,,0.0,0.0,0.929,0.573,0.915,-6.463,115.01,91133.0,0.592,0.126,0.0,0.033,4OKgIssENTtnMueQBCMFSl
because,the beatles,57.0,,2019-04,82.0,30714318.0,0.0,0.0,0.328,0.249,0.162,-11.777,81.257,165666.0,0.754,0.0272,5.77e-06,0.134,1rxoyGj1QuPoVi8fOft1Kt
because i liked a boy,sabrina carpenter,78.0,,2022-07-15,91.0,26559943.0,0.0,0.0,,,,,,,,,,,32FhTAAjKZaBein150o3Px
because of you,kelly clarkson,74.0,,2004-06-30,72.0,10961237.0,0.0,0.0,,,,,,,,,,,0gJvqi9QyASOCtJu99tytc
because of you,stephen sanchez,56.0,,2022-08-19,71.0,1873452.0,0.0,0.0,0.401,0.163,0.303,-10.94,130.273,231413.0,0.932,0.0319,0.0,0.119,6nmukSDAmw3XtbGKGD8056
bed,nicki minaj,61.0,,2018-08-10,84.0,34297934.0,0.0,0.0,,,,,,,,,,,3L4GsGLgxpHieVQH86H8bv
bed chem,sabrina carpenter,82.0,,2024-08-23,91.0,26516295.0,0.0,0.0,,,,,,,,,,,1UHS8Rf6h5Ar3CDWRd3wjF
bed of roses,bon jovi,74.0,,1993,78.0,15810313.0,0.0,0.0,0.309,0.596,0.161,-5.599,164.587,394400.0,0.101,0.0293,0.0,0.21,1zng9uqqXoPkmU05nsAlsw
bed smile truth black,tyler hubbard,86.0,12367000.0,2022-05-05,,,0.0,0.0,0.33,0.35,,-40.2,130.61,217063.0,,,0.378,,TRK-1B25C0A9435A
bedrock,young money,69.0,,2009-01-01,60.0,3277692.0,0.0,0.0,,,,,,,,,,,3iL2l5gUqyPS6vDwJFgJTR
been a son - bbc mark goodier session,nirvana,55.0,,1994,81.0,23384088.0,0.0,0.0,0.387,0.914,0.556,-10.101,154.455,115600.0,2.7e-06,0.0862,0.0,0.258,4dXBG3zz9SzaPBtm4Fv91x
been a son - live at paramount theatre b-side,nirvana,20.0,,1991-09-26,81.0,23398010.0,0.0,0.0,,,,,,,,,,,4xDkJw2YEBX1OqRsYoyFfm
been a son - live at the paramount,nirvana,19.0,,1991-09-26,81.0,23391272.0,0.0,0.0,,,,,,,,,,,0ijNkzJRP7FXwXS88z9Avo
been like this,doja cat,78.0,,2021-06-25,86.0,34742256.0,0.0,0.0,,,,,,,,,,,7y3xU9vEC1s8DSuuoSYKih
before he cheats,carrie underwood,76.0,,2012-06-15,68.0,6125781.0,0.0,0.0,0.519,0.749,0.29,-3.318,147.905,199946.0,0.271,0.0405,0.0,0.119,0ZUo4YjG4saFnEJhdWp9Bt
before i realize,xxxtentacion,52.0,,2019-12-06,,,0.0,0.0,0.715,0.28,0.478,-7.528,70.033,94786.0,0.806,0.0316,0.0,0.0972,4lLR14DyqhM5LBj6iHI0Al
before u,marshmello,57.0,,2022-03-10,80.0,34476607.0,0.0,0.0,0.597,0.94,0.585,-3.049,140.031,154285.0,0.00496,0.0325,0.916,0.0954,1iyXU0LHY9Irw7oohGf7hb
before you go,lewis capaldi,83.0,,2019-11-19,79.0,14043382.0,0.0,0.0,,,,,,,,,,,2gMXnyrvIjhVBUZwvLZDMP
beg for you,charli xcx,54.0,,2022-03-18,82.0,6315216.0,0.0,0.0,,,,,,,,,,,11M8c9SHQYpd8DOrmcu25k
begging,dua lipa,51.0,,2017-06-02,85.0,46891061.0,0.0,0.0,,,,,,,,,,,4wNQAG2BzbVkLhdajjxGpR
begin,bts,66.0,,2016-10-10,,,0.0,0.0,0.566,0.842,0.308,-5.222,131.05,229740.0,0.00357,0.0442,0.000253,0.141,0bGJHUPR6ems9tzIljlPFR
begin again,taylor swift,49.0,,2012-10-22,100.0,145443567.0,0.0,0.0,,,,,,,,,,,1yG491M3fRfowMdGN5pey4
begin again (taylor's version),taylor swift,68.0,,2021-11-12,100.0,145542136.0,0.0,0.0,,,,,,,,,,,05GsNucq8Bngd9fnd4fRa0
beibs in the trap,travis scott,66.0,,2016-09-15,89.0,41131037.0,0.0,1.0,,,,,,,,,,,0ESJlaM8CE1jRWaNtwSNj8
bejeweled,taylor swift,59.0,,2022-10-21,100.0,145443567.0,0.0,0.0,,,,,,,,,,,0jvo9CjnbR0lYUDTSNTMiu
bel air,lana del rey,54.0,,2012-01-01,88.0,51773650.0,0.0,0.0,,,,,,,,,,,7E8A5k5VOhPmt6pGPDJhxQ
believe,mumford & sons,0.0,,2015-05-04,73.0,6613930.0,0.0,0.0,,,,,,,,,,,30o4hMJ6OC9uv954GT6OZU
believe it,partynextdoor,0.0,,2020-03-27,83.0,10115734.0,0.0,0.0,,,,,,,,,,,4HDCLYli2SUdkq9OjmvhSD
believer,imagine dragons,86.0,,2017,85.0,58375520.0,0.0,0.0,0.771,0.7775000000000001,0.6805,-4.3205,124.85,204346.0,0.0563,0.1345,0.0,0.10450000000000001,0CcQNd8CINkwQfe1RDtGV6
bella,red hot chili peppers,66.0,,2022-10-14,82.0,23218829.0,0.0,0.0,0.492,0.815,0.812,-5.499,171.379,291346.0,0.00643,0.0487,2e-05,0.0875,2dbA4sPwu3iK72c0mA6907
bella ciao,becky g,61.0,,2021-12-01,74.0,16646605.0,0.0,0.0,0.667,0.754,0.693,-2.861,104.987,160177.0,0.214,0.0715,0.0,0.0532,1bHhB1E62CqbM3uVZVvaEl
bella luna,jason mraz,1.0,,2025-10-03,71.0,7312594.0,0.0,0.0,0.755,0.454,0.33,-9.609,120.06,302346.0,0.757,0.0352,0.0,0.236,6D33wCKzWtNEgOovgeVJ7r
bellakeo,peso pluma,71.0,,2023-12-07,86.0,23973526.0,0.0,0.0,,,,,,,,,,,05WVKTdZhlIMX4qqMLuo0f
belly (lil baby & gunna),lil baby,54.0,,2018-10-05,84.0,21644763.0,0.0,0.0,,,,,,,,,,,1yQvL8SzbF5JCroRKk9F07
bellyache,billie eilish,79.0,,2017-09-20,90.0,118692183.0,0.0,0.0,0.695,0.573,0.408,-8.597,99.939,179172.0,0.46,0.106,0.0734,0.482,1ni8ZTAY1GHXEFOGHl7fdg
bennie and the jets,elton john,74.0,,2004-09-27,80.0,15542286.0,0.0,0.0,0.665,0.673,0.779,-7.95,132.642,322548.0,0.259,0.0493,7.62e-06,0.497,5Wj1rJnCLpMHdLaxsFtJLs
beno!,playboi carti,59.0,,2020-12-25,86.0,15026799.0,0.0,0.0,,,,,,,,,,,4CYTQpr2jc4uBScYvpEK2w
berzerk,eminem,40.0,,2013-11-05,88.0,104539036.0,0.0,1.0,,,,,,,,,,,10WswZVDTu9dkEzChThMLV
best day of my life,american authors,78.0,,2014-07-15,62.0,1646684.0,0.0,0.0,0.673,0.902,0.538,-2.392,100.012,194240.0,0.0591,0.0346,0.000262,0.0558,5Hroj5K7vLpIG4FNCRIjbP
best friend,saweetie,65.0,,2021-01-07,65.0,2640883.0,0.0,0.0,,,,,,,,,,,2etHQJxIbV0soyPhelVs9Y
best friend,young thug,4.0,,2015-11-27,84.0,12418681.0,0.0,0.0,0.959,0.598,0.408,-5.534,127.028,213000.0,0.0358,0.0713,0.0,0.358,616iXZO76Rq81MEfFBktME
best life,cardi b,50.0,,2018-04-06,81.0,25953771.0,0.0,0.0,,,,,,,,,,,00B7TZ0Xawar6NZ00JFomN
best mistake,ariana grande,66.0,,2014-08-22,90.0,107418606.0,0.0,0.0,,,,,,,,,,,70yhaHLp9STtzI2Kzba6Tr
best mother,jennifer lawrence,24.0,1000.0,2019-01-09,,,0.0,0.0,0.94,0.76,,-3.46,182.13,371185.0,,,0.032,,TRK-AF06E2225AEF
best of me,bts,69.0,,2017-04-10,85.0,81181104.0,0.0,0.0,0.655,0.756,0.469,-4.388,121.936,227191.0,0.0298,0.07,0.0,0.396,3xYfDSxJhRLDIb1fw71WTw
best song ever,one direction,76.0,,2013-11-25,83.0,40270893.0,0.0,0.0,,,,,,,,,,,5T7ZFtCcOgkpjxcuaeZbw0
best thing i never had,beyoncé,67.0,,2011-06-24,84.0,41172203.0,0.0,0.0,,,,,,,,,,,3lBRNqXjPp2j3JMTCXDTNO
better,khalid,70.0,,2018-10-18,82.0,16946293.0,0.0,0.0,,,,,,,,,,,339Y993TrFyWyO438be0RY
better,zayn,49.0,,2020-09-25,77.0,24108798.0,0.0,0.0,,,,,,,,,,,1dLXLETYiZohIZWnse4ypG
better days,onerepublic,64.0,,2020-03-25,,,0.0,0.0,0.622,0.7255,0.2495,-4.983499999999999,89.057,144537.5,0.245,0.042749999999999996,0.0,0.364,2K0r5GD5zYlEMx2M7ZMcqG
better in time,leona lewis,67.0,,2008-05,65.0,3786304.0,0.0,0.0,0.584,0.7,0.549,-4.251,163.953,234173.0,0.512,0.0506,2.43e-05,0.13,2iXBZ32Fz5VDCLeE0JIdX5
better man,little big town,28.0,,2017-11-09,60.0,2881528.0,0.0,0.0,,,,,,,,,,,3EXetjrGgwIjDRNn6YA8sa
better mistakes,bebe rexha,0.0,,2021-05-07,75.0,9837715.0,0.0,0.0,0.798,0.725,0.773,-7.637,123.957,135678.0,0.247,0.0932,0.000725,0.0851,4l0PjsiO4Kbq8WF6BRDE7T
better now,post malone,80.0,,2018-04-27,86.0,47722935.0,0.0,0.0,,,,,,,,,,,7dt6x5M1jzdTEt8oCbisTK
better off,ariana grande,65.0,,2018-08-17,90.0,107389514.0,0.0,0.0,,,,,,,,,,,3NbTQ8ZbHU6MSEVUFAVCJ9
better than me,hinder,63.0,,2005-01-01,61.0,2078962.0,0.0,0.0,0.449,0.682,0.254,-5.295,139.924,223533.0,0.205,0.029,0.0,0.175,10fddGyyeUquZZ2uPTjD7P
better than revenge,taylor swift,58.0,,2010-10-25,100.0,145443567.0,0.0,0.0,,,,,,,,,,,0PWgAyoxsjwGRuFSO0fyya
betty,taylor swift,62.0,,2020-08-18,100.0,145396321.0,0.0,0.0,,,,,,,,,,,3IhtE4fkytdrtEfV34UzkD
bibia be ye ye,ed sheeran,57.0,,2017-03-03,88.0,122773292.0,0.0,0.0,,,,,,,,,,,6SznMYPQJHzr3IwsAHLId2
bichota,karol g,76.0,,2020-10-23,87.0,60358474.0,0.0,0.0,0.863,0.666,0.838,-4.158,163.908,178946.0,0.212,0.152,0.000493,0.103,0vM59xaWz4IuJlsW2Cni7X
bickenhead,cardi b,51.0,,2018-04-06,81.0,25953771.0,0.0,0.0,,,,,,,,,,,17Yq72h0p15OhCbZ5lJ5gd
big and chunky,will.i.am,72.0,,2008-11-04,73.0,4428244.0,,,,,,,,,,,,,5wA5mA9v9lPxAaSg1FagG6
big chillin,jack harlow,0.0,,2019-09-20,75.0,4349241.0,0.0,0.0,0.81,0.69,0.585,-8.257,129.239,158014.0,0.0102,0.299,0.0,0.292,5pILd3WHCjJa8trmnjfRBO
big energy,latto,63.0,,2022-03-25,75.0,2338401.0,0.0,0.0,,,,,,,,,,,4pi1G1x8tl9VfdD9bL3maT
big gangsta,kevin gates,65.0,,2021-03-26,74.0,6808651.0,0.0,0.0,,,,,,,,,,,03ERnTvSV5fy8WAyvA4uNP
big girls don't cry (personal),fergie,0.0,,2010-01-01,68.0,6157207.0,0.0,0.0,,,,,,,,,,,7amhfTaV9f9u6gPRtD6kPT
big green tractor,jason aldean,69.0,,2009-04-07,74.0,7052478.0,0.0,0.0,,,,,,,,,,,0Ajm7DFmbGEURySKm7G2jf
big lie,post malone,59.0,,2016-12-09,85.0,47716988.0,0.0,0.0,,,,,,,,,,,02opp1cycqiFNDpLd2o1J3
big love - 2018 remaster,fleetwood mac,2.0,,1989,83.0,13966197.0,0.0,0.0,0.71,0.748,0.619,-10.558,125.374,222373.0,0.0287,0.0482,0.156,0.0741,3QO2QeKbBQgx1ZTezCThPX
big poppa,the notorious b.i.g.,49.0,,2011,75.0,12762931.0,0.0,0.0,0.765,0.671,0.798,-5.249,84.5,249866.0,0.344,0.278,0.0,0.0506,4sGylyGhQaOzhi77fLrMmP
big poppa - 2005 remaster,the notorious b.i.g.,79.0,,1995,75.0,12762931.0,0.0,0.0,0.755,0.5914999999999999,0.763,-6.832,84.52350000000001,251293.0,0.3655,0.28400000000000003,0.0,0.175,17larILaMHwsprsMFnYI77
big poppa - 2007 remaster,the notorious b.i.g.,72.0,,1995-11-21,75.0,12762931.0,0.0,0.0,0.765,0.671,0.798,-5.249,84.5,249866.0,0.344,0.278,0.0,0.0506,63BcfK6YAzJYeISaTPr6IO
big sleep,the weeknd,62.0,,2025-01-31,93.0,112918137.0,0.0,1.0,,,,,,,,,,,4sWQbsLLH2NEbO79DSZCL9
bikini porn,tove lo,48.0,,2019-09-27,72.0,3676957.0,0.0,0.0,0.9185000000000001,0.686,0.6725000000000001,-5.7705,100.99600000000001,162940.5,0.08405,0.07975,1.65e-05,0.05065,2jUoKSWTHduXxUL3JomwhB
billie bossa nova,billie eilish,76.0,,2021,90.0,118692183.0,0.0,0.0,0.895,0.389,0.549,-11.036,110.023,196730.0,0.222,0.11,0.0346,0.105,2KnuaZYoGzDoHiBTNYOTXG
billie jean,michael jackson,85.0,,1982-11-30,84.0,37431031.0,0.0,0.0,,,,,,,,,,,5ChkMS8OtdzJeqyybCc9R5
billionaire,travie mccoy,73.0,,2010-03-09,59.0,489247.0,0.0,0.0,,,,,,,,,,,2M9ULmQwTaTGmAdXaXpfz5
billy,6ix9ine,67.0,,2018-02-23,,,0.0,0.0,0.764,0.711,0.774,-3.818,90.076,112666.0,0.175,0.288,0.0,0.105,5KhFaq45chTw8RGfWo8T8J
birds,coldplay,60.0,,2015-12-04,88.0,60804949.0,0.0,0.0,,,,,,,,,,,3HWDWyIqWuLsTHECx9DvXF
birds,imagine dragons,72.0,,2023-07-28,85.0,58375520.0,0.0,0.0,0.649,0.517,0.35,-7.428,119.997,219440.0,0.0146,0.0297,1.63e-06,0.145,6Tvzf3VEi16JMhAgOwdt2y
birds of a feather,billie eilish,94.0,,2024-05-17,90.0,118692183.0,0.0,0.0,,,,,,,,,,,6dOtVTDdiauQNBQEDOtlAB
birthday,anne-marie,61.0,,2020-02-07,75.0,12848260.0,0.0,0.0,0.609,0.785,0.756,-3.32,151.995,181466.0,0.0502,0.0891,0.0,0.171,5hff5RQeE84pznOt8WEWeO
birthday,katy perry,61.0,,2013-10-18,83.0,38400585.0,0.0,0.0,,,,,,,,,,,2xLOMHjkOK8nzxJ4r6yOKR
birthday sex,jeremih,76.0,,2009-01-01,73.0,7218544.0,0.0,0.0,,,,,,,,,,,4NpDZPwSXmL0cCTaJuVrCw
bitch better have my money,rihanna,73.0,,2015-03-26,90.0,68997177.0,0.0,1.0,,,,,,,,,,,0NTMtAO2BV4tnGvw9EgBVq
bitch please,snoop dogg,63.0,,1999-01-01,80.0,15689568.0,0.0,1.0,,,,,,,,,,,5Sm1X46tna50RstHZvw072
bitches,tove lo,44.0,,2017-11-17,72.0,3677060.0,0.0,0.0,0.477,0.831,0.818,-5.219,165.825,137219.0,0.0781,0.144,5.51e-06,0.0523,2FtyrwcRqA2JQEezLjPZ8r
bitches broken hearts,billie eilish,74.0,,2019-03-29,90.0,118760311.0,0.0,0.0,0.778,0.422,0.187,-10.114,120.033,176471.0,0.921,0.0482,0.00924,0.0958,5t3Vk8bRKylx4fjj7qlbib
bitchin' summer,avril lavigne,38.0,,2013-11-01,76.0,12004691.0,0.0,0.0,,,,,,,,,,,4N2RGPjya8OIyMYz3t5LuY
bittersuite,billie eilish,76.0,,2024-05-17,90.0,118728633.0,0.0,0.0,,,,,,,,,,,7DpUoxGSdlDHfqCYj0otzU
bizaardvark theme song,olivia rodrigo,27.0,,2016-10-07,85.0,49083617.0,,,,,,,,,,,,,4lssBDAmUk4e7rv2ajY6H6
black,dierks bentley,58.0,,2016-06-10,65.0,3315988.0,0.0,0.0,,,,,,,,,,,2lFtnEmkIPm2ClN55e2chV
black and yellow,wiz khalifa,77.0,,2011-03-29,81.0,12075691.0,0.0,0.0,,,,,,,,,,,5A6OHHy73AR5tLxgTc98zz
black bathing suit,lana del rey,56.0,,2021-10-22,88.0,51798111.0,0.0,0.0,,,,,,,,,,,2LQGoKFKkZ9yk3UeYFj2xo
black beatles,rae sremmurd,77.0,,2016-08-12,69.0,7767068.0,0.0,0.0,,,,,,,,,,,6fujklziTHa8uoM5OQSfIo
black beauty,lana del rey,69.0,,2014-01-01,88.0,51821190.0,0.0,0.0,,,,,,,,,,,63hHlajVLQnlFMAqSyePxO
black horse and the cherry tree,kt tunstall,67.0,,2006-03-06,,,0.0,0.0,0.748,0.786,0.917,-7.788,104.833,172373.0,0.328,0.0641,0.0,0.34,0qAMjeQFyd1qD0LDiV8gWp
black magic woman,santana,62.0,,1999-10-26,70.0,3797948.0,0.0,0.0,0.497,0.552,0.633,-7.102,124.359,195866.0,0.679,0.0307,0.0314,0.089,4nmne9J3YCEdhvjTzwiAgu
black magic woman - single version,santana,67.0,,1999-10-26,70.0,3797948.0,0.0,0.0,0.489,0.349,0.622,-14.295,124.348,196466.0,0.676,0.0323,0.0789,0.0866,4YMQXzscifAREG0a7KNGhB
black or white,michael jackson,69.0,,2001,85.0,37446069.0,0.0,0.0,0.518,0.901,0.873,-3.749,115.026,254933.0,0.174,0.093,0.0314,0.0712,7EsjkelQuoUlJXEw7SeVV4
black out days,offset,0.0,,2001-10-07,0.0,68.0,0.0,0.0,,,,,,,,,,,3XFyAs24R0vMfbHaVtLeM8
black summer,red hot chili peppers,72.0,,2022-02-04,82.0,23218829.0,0.0,0.0,0.417,0.682,0.351,-5.071,105.542,232412.0,0.0267,0.0295,0.000669,0.10900000000000001,1tRpraJDpEUl0HjnkMosqx
black swan,bts,74.0,,2020-01-17,,,0.0,0.0,0.719,0.757,0.489,-5.167,147.024,198260.0,0.137,0.0849,0.0,0.129,2EmcTFQ1rM11wp2ztsXTHa
black widow,iggy azalea,67.0,,2014-01-01,67.0,6619201.0,0.0,0.0,,,,,,,,,,,71vsEyBd4X1D5BUmLdFSVH
blackbird,the beatles,74.0,,2007,82.0,30721676.0,0.0,0.0,0.686,0.127,0.372,-14.361,93.699,138386.0,0.754,0.0342,1.41e-05,0.0573,5jgFfDIR6FR0gvlA56Nakr
blackout,linkin park,23.0,,2013-03-22,88.0,31785695.0,0.0,0.0,0.542,0.927,0.369,-3.971,135.002,279453.0,0.167,0.0752,0.00927,0.446,0YmA7060yYtRtMS8LME0hK
blade of grass,lady gaga,55.0,,2025-09-01,88.0,42256604.0,0.0,1.0,,,,,,,,,,,4tniPU1iKcOa0VIjzOVxYi
bladow!!,busta rhymes,0.0,,2000-06-20,70.0,3165404.0,0.0,0.0,0.765,0.705,0.642,-7.39,88.316,220373.0,0.0398,0.28,0.0005,0.0392,6p7NrRPfrrcOUI1pPHJ7cU
blame,calvin harris,80.0,,2014-10-31,84.0,23078931.0,0.0,0.0,0.414,0.857,0.348,-4.078,128.024,212960.0,0.0287,0.0808,0.00574,0.343,07nH4ifBxUB4lZcsf44Brn
blame it on me,george ezra,68.0,,2016,68.0,4312223.0,0.0,0.0,0.537,0.757,0.421,-3.374,103.882,196400.0,0.473,0.0274,0.0,0.341,2vzMWO0T008m86yDnXwkII
blame it on me,post malone,59.0,,2018-04-27,86.0,47720209.0,0.0,0.0,,,,,,,,,,,1ZemPoaj7LBj1RAQrb89EC
blame it on your love,charli xcx,48.0,,2019-09-13,82.0,6315216.0,0.0,0.0,,,,,,,,,,,2RCUr24WkEe2r5Vv4oDKlN
blank space,taylor swift,83.0,,2014-01-01,100.0,145489371.0,0.0,0.0,0.76,0.703,0.57,-5.412,95.997,231826.0,0.103,0.054,0.0,0.0913,1p80LdxRV74UKvL8gnD7ky
blank space - voice memo,taylor swift,0.0,,2014-01-01,100.0,145443567.0,0.0,0.0,,,,,,,,,,,4e6QU4gpfZj9xxcK856RgG
bleed it out,linkin park,80.0,,2007-05-14,88.0,31785695.0,0.0,0.0,0.5285,0.9445,0.647,-4.574,140.067,164608.5,0.08474999999999999,0.051500000000000004,0.0,0.606,04klL0e4Den6eZV9nitQWT
bleeding love,leona lewis,75.0,,2007-09-18,65.0,3786304.0,0.0,0.0,0.6365000000000001,0.6515,0.21300000000000002,-5.875,104.047,262579.5,0.19,0.03615,0.0,0.15,6LtPIXlIzPOTF8vTecYjRe
bless the broken road,rascal flatts,70.0,,2004-09-28,68.0,3672255.0,0.0,0.0,0.588,0.448,0.362,-6.37,135.962,226693.0,0.668,0.0265,1.37e-05,0.156,18q0I5Mz5TbxMf4cWSKql9
blew,nirvana,62.0,,1989-06-15,81.0,23384088.0,0.0,0.0,0.411,0.882,0.531,-6.618,129.848,174134.0,5.65e-06,0.0556,0.0147,0.298,7MfEDP2TL40OPiUDwZiyVk
blew - live at the paramount,nirvana,21.0,,1991-09-26,81.0,23384088.0,0.0,0.0,,,,,,,,,,,2YU18JTvxKXCmudnfV5nRQ
blind,lifehouse,55.0,,2005-03-22,63.0,2146238.0,0.0,0.0,0.425,0.75,0.266,-4.796,86.911,300066.0,0.00335,0.0293,0.0,0.115,7m6w9ijsXoXhYoyeAbA5Oy
blinding lights,the weeknd,89.0,,2019-11-29,94.0,112995439.0,0.0,1.0,0.5124000000000001,0.7828,0.34199999999999997,-4.4468000000000005,171.0122,201266.4,0.001468,0.06355999999999999,0.00018627999999999999,0.09298,0VjIjW4GlUZAMYd2vXMi3b
block me out,gracie abrams,64.0,,2023-06-16,82.0,7403257.0,0.0,0.0,0.636,0.527,0.222,-7.472,127.999,249494.0,0.771,0.0414,1.3e-06,0.126,7AX1eCw6qcX54PrDylynJr
block traffic,popcaan,22.0,,2021-06-18,,,0.0,0.0,0.649,0.633,0.83,-5.669,67.792,195395.0,0.504,0.376,0.0,0.0963,4nt1Z2VDrvQml7LYVyqFFS
blood political sit share,michael jackson,40.0,3000.0,2016-12-08,85.0,37446069.0,0.0,0.0,0.68,0.56,,-44.5,73.02,297665.0,,,0.726,,TRK-0A9CB3FBD9A5
blood sweat & tears,bts,75.0,,2025-07-18,,,0.0,0.0,0.579,0.8835,0.6085,-3.8255,92.947,217051.0,0.02445,0.11249999999999999,0.0,0.3555,1wiqEFd8phSCSlteDLSyp2
bloodline,alex warren,79.0,,2025-05-22,84.0,2896488.0,0.0,0.0,,,,,,,,,,,0qmhTHMVxnXRmT5N92wTD9
bloodline,ariana grande,78.0,,2019-02-08,90.0,107389514.0,0.0,0.0,,,,,,,,,,,2hloaUoRonYssMuqLCBLTX
bloodonmyhands,tate mcrae,68.0,,2025-02-24,88.0,9256589.0,0.0,0.0,,,,,,,,,,,5Y6a6AaahaBi5ljf6hk7dF
bloodstream,ed sheeran,63.0,,2014-06-21,88.0,122773292.0,0.0,0.0,,,,,,,,,,,5v4sZRuvWDcisoOk1PFv6T
bloodstream,the chainsmokers,50.0,,2017-04-07,80.0,21360805.0,0.0,0.0,,,,,,,,,,,26AuyrZGzWWiYZPSd3XBIg
bloody mary,lady gaga,77.0,,2011-05-23,89.0,42275793.0,0.0,1.0,0.584,0.638,0.456,-6.437,99.97,244760.0,0.0134,0.0302,3.06e-06,0.101,2HJvS1fhaJbPxI9gT0mPjb
bloody valentine,machine gun kelly,0.0,,2020-05-01,,,0.0,0.0,0.52,0.856,0.47,-4.228,160.083,205015.0,0.000193,0.0806,0.0,0.157,5cc6bqV4lFNB8etIbI7SNz
blow,kesha,76.0,,2010-11-19,78.0,9156883.0,0.0,0.0,,,,,,,,,,,3pYDZTJM2tVBUhIRifWVzI
blow me,p!nk,65.0,,2012-09-18,78.0,18203604.0,0.0,0.0,,,,,,,,,,,4k80K0b6KZ2QjAYkXON7q6
blow me (one last kiss),p!nk,0.0,,2012-09-17,78.0,18205037.0,0.0,0.0,,,,,,,,,,,6LS6pltO7YBgjwNVhxMwtp
blow your mind (mwah),dua lipa,65.0,,2017-06-02,85.0,46886554.0,0.0,0.0,,,,,,,,,,,2eAAEa8pxKF7My0EO4rFgR
blue,billie eilish,80.0,,2024-05-17,90.0,118760311.0,0.0,0.0,,,,,,,,,,,2prqm9sPLj10B4Wg0wE5x9
blue & grey,bts,71.0,,2020-11-20,,,0.0,0.0,0.547,0.605,0.364,-6.755,121.953,254950.0,0.42,0.0415,0.0,0.125,7Ki0hse0IfXEcXUlpyECbJ
blue ain't your color,keith urban,53.0,,2016-12-16,67.0,5273501.0,0.0,0.0,0.69,0.416,0.479,-7.865,82.45,230600.0,0.617,0.0335,1.37e-06,0.102,2CxmktXqJwP9KZv6WJtZCm
blue banisters,lana del rey,41.0,,2021-05-20,88.0,51821190.0,0.0,0.0,0.373,0.114,0.172,-13.171,90.945,293692.0,0.937,0.041,4.73e-05,0.104,0HFXVKOkmnqOUHCrXfrH9y
blue christmas,brenda lee,0.0,,1964-10-19,,,0.0,0.0,0.467,0.207,0.247,-11.064,90.02,164240.0,0.836,0.0264,1.05e-06,0.127,0urAdcTNGNqUwFsiIEMA9C
blue christmas,elvis presley,59.0,,1991,,,0.0,0.0,0.48550000000000004,0.3725,0.588,-12.1065,94.506,128626.5,0.865,0.03745,0.002575,0.1345,3KJombE6eRPrdrhNJza7T8
blue christmas,the lumineers,0.0,,2016-12-02,76.0,5903211.0,0.0,0.0,0.661,0.22,0.274,-8.31,102.771,182703.0,0.742,0.0298,6.09e-06,0.115,3uit1VjYh9PzjVdpuJNkP8
blue jeans,lana del rey,66.0,,2011-01-01,88.0,51821190.0,0.0,0.0,,,,,,,,,,,02mZfKpVsVUaGG8jaF3s0V
blue strips,jessie murph,74.0,,2025-04-11,76.0,1626341.0,0.0,0.0,,,,,,,,,,,7u7IqryLFAygWFz6bsEB7y
blue suede shoes,elvis presley,66.0,,2003-01,,,0.0,0.0,0.551,0.687,0.957,-6.6825,95.018,119400.0,0.6645000000000001,0.0561,2.09e-06,0.1295,3htVOUt4zoFthJhqtJMGTo
"blue suede shoes - live at the honolulu international center, hawaii january 14, 1973",elvis presley,24.0,,1995,,,0.0,0.0,0.512,0.819,0.709,-11.529,103.537,76653.0,0.742,0.102,0.869,0.914,708n8lvH3MaU3oTfhhTL70
blue tint,drake,59.0,,2018-06-29,95.0,103039388.0,0.0,0.0,,,,,,,,,,,4n1bdaKwynQndm47x5HqWX
blue velvet,lana del rey,52.0,,2012-01-01,88.0,51773650.0,0.0,0.0,,,,,,,,,,,5SzoFexynLVceTLggJTZZM
blueberry faygo,lil mosey,70.0,,2020-02-06,64.0,5982826.0,0.0,0.0,,,,,,,,,,,22LAwLoDA5b4AaGSkg6bKW
blurred lines,robin thicke,78.0,,2013-01-01,63.0,1976419.0,0.0,0.0,0.853,0.599,0.843,-4.756,119.993,263826.0,0.00334,0.0411,7.93e-06,0.0759,0n4bITAu0Y0nigrz3MFJMb
bmf,sza,78.0,,2024-12-20,87.0,33055350.0,0.0,0.0,,,,,,,,,,,3U3hFkMr0Q90pD24EkE3Pr
boa,megan thee stallion,57.0,,2024-06-28,76.0,10895519.0,0.0,0.0,,,,,,,,,,,0FPCqTZoiZpEs324IJFFpQ
boda de sirenas en halloween,pinkfong,21.0,,2022-10-07,,,0.0,0.0,0.572,0.557,0.322,-5.317,127.688,98630.0,0.286,0.0748,0.0,0.0468,2me0KbXetILoYkOD085dK7
bodak yellow,cardi b,72.0,,2018-04-06,81.0,25956015.0,0.0,0.0,,,,,,,,,,,6KBYefIoo7KydImq1uUQlL
body,summer walker,73.0,,2019-10-04,76.0,8011254.0,0.0,0.0,,,,,,,,,,,7vxLj7MREliG5i5vSnqSVr
body electric,lana del rey,54.0,,2012-01-01,88.0,51821190.0,0.0,0.0,,,,,,,,,,,3mCftPkn17Jyn2j116sWWc
body like a back road,sam hunt,66.0,,2017-02-01,65.0,2473426.0,0.0,0.0,0.7319999999999999,0.458,0.661,-7.224999999999999,98.94066666666667,165386.0,0.447,0.0311,0.0,0.136,2i3jHrou8M7ec3AZi8HgPF
body party,ciara,63.0,,2013-07-05,69.0,7333933.0,0.0,0.0,,,,,,,,,,,0rFZaQ4crlGAzuCjWCQ2xu
bohemian rhapsody,queen,81.0,,1975-11-21,82.0,55209500.0,0.0,0.0,0.414,0.404,0.224,-9.928,71.105,354320.0,0.271,0.0499,0.0,0.3,1AhDOtG9vPSOmsWgNW0BEY
bones,imagine dragons,81.0,,2022-03-11,85.0,58375520.0,0.0,0.0,0.7726666666666667,0.7446666666666667,0.5763333333333333,-3.675333333333333,114.06766666666665,165264.0,0.020433333333333335,0.04583333333333334,0.0,0.07493333333333334,0HqZX76SFLDz2aW8aiqi7G
bonfire heart,james blunt,68.0,,2013-10-04,70.0,3298298.0,0.0,0.0,0.575,0.821,0.473,-5.699,118.025,238000.0,0.184,0.0533,0.0,0.124,2N0volXQpwsvjDorTTxBAU
bonnie & clyde,vance joy,0.0,,2018-11-16,74.0,3482109.0,0.0,0.0,0.714,0.611,0.412,-5.448,117.872,194080.0,0.891,0.0367,0.011,0.0969,6PL07DkNaAqFPbJBbIX1ZY
boo'd up,ella mai,68.0,,2017-02-22,69.0,6192505.0,0.0,0.0,,,,,,,,,,,0At2qAoaVjIwWNAqrscXli
boom boom pow,black eyed peas,70.0,,2009-01-01,81.0,9553224.0,0.0,0.0,,,,,,,,,,,3oDFtOhcN08qeDPAK6MEQG
boom clap,charli xcx,64.0,,2014-12-15,82.0,6315216.0,0.0,0.0,,,,,,,,,,,0Y1MWB026LYxGvhq4EcMiC
boondocks,little big town,0.0,,2005-05-11,60.0,2881528.0,0.0,0.0,0.406,0.78,0.687,-5.392,88.017,272346.0,0.21,0.0324,0.0,0.474,3dcDc0eaQabbXoTNXysU6U
bop,dababy,73.0,,2019-09-27,77.0,12954295.0,0.0,0.0,0.77,0.786,0.837,-3.909,126.764,159714.0,0.189,0.368,0.0,0.129,4xgXA4ipRmQqrrvT6ZBSRX
bored,billie eilish,79.0,,2017-03-30,90.0,118760311.0,0.0,0.0,0.614,0.318,0.112,-12.695,119.959,180933.0,0.896,0.0478,0.00239,0.0795,04sN26COy28wTXYj3dMoiZ
born,onerepublic,48.0,,2016-10-07,,,0.0,0.0,0.251,0.843,0.211,-5.318,93.102,265893.0,0.0715,0.055,3.99e-06,0.361,797fEwjPjyNhkoQCHDkzne
born singer,bts,75.0,,2022-06-10,,,0.0,0.0,0.602,0.841,0.684,-3.334,157.937,238628.0,0.0354,0.109,0.0,0.235,1IthE5GNiRzFN5CVaCa445
born this way,lady gaga,68.0,,2011-01-01,89.0,42275793.0,0.0,1.0,0.586,0.835,0.492,-5.117,123.93599999999999,260413.0,0.00387,0.146,0.0,0.304,204PLz9hMiXFIJu0wWZr79
born to die,lana del rey,77.0,,2012-01-01,88.0,51821190.0,0.0,0.0,0.206,0.636,0.394,-6.591,77.797,286253.0,0.211,0.0418,0.000118,0.217,4Ouhoi2lAhrLJKFzUqEzwl
born with horns,machine gun kelly,4.0,,2022-03-25,,,0.0,0.0,0.569,0.919,0.256,-5.378,95.073,147943.0,0.00089,0.135,9.44e-05,0.0524,3WFAdUVTAuLeTMApMwGgvr
boss,lil pump,61.0,,2017,61.0,7569701.0,0.0,0.0,0.803,0.789,0.647,-3.434,119.999,106020.0,0.0304,0.0383,0.0,0.378,1rsAFUCa6BVMgRQ3FCQQsi
boss bitch,doja cat,74.0,,2021-02-26,86.0,34742256.0,0.0,0.0,0.707,0.955,0.575,-4.593,125.99166666666667,134239.0,0.127,0.222,0.0,0.2026666666666667,3stdy0xXNOgwFAB94FzVSj
bossa nova baby,elvis presley,55.0,,2010-10-19,,,0.0,0.0,0.755,0.736,0.953,-9.594,106.777,122760.0,0.657,0.107,0.0,0.226,22Z6ClJxSRovjPiswfCg3V
both,gucci mane,66.0,,2016-12-16,76.0,5985945.0,0.0,0.0,,,,,,,,,,,5tFep7dXGd7vEJ668wTPux
bottoms up,trey songz,3.0,,2010-09-13,69.0,7744534.0,0.0,0.0,,,,,,,,,,,2IpGdrWvIZipmaxo1YRxw5
boulevard of broken dreams,green day,72.0,,2005,80.0,17333748.0,0.0,0.0,0.496,0.682,0.474,-4.095,167.06,262333.0,0.00552,0.0294,2.94e-05,0.0589,5GorCbAP4aL0EJ16frG2hd
bounce back,big sean,63.0,,2017-02-03,74.0,11542638.0,0.0,0.0,,,,,,,,,,,0SGkqnVQo9KPytSri1H6cF
bound 2,kanye west,81.0,,2013-06-18,89.0,31045858.0,0.0,0.0,,,,,,,,,,,3sNVsP50132BTNlImLx70i
boy division,my chemical romance,63.0,,2013-02-05,78.0,10298850.0,0.0,0.0,0.357,0.996,0.278,-3.496,183.039,175453.0,0.0012,0.103,0.0,0.35,7wzNovIu5urOjulGX4VzFo
boy in luv,bts,67.0,,2014-02-12,,,0.0,0.0,0.4915,0.9390000000000001,0.45899999999999996,-3.0445,166.1535,231081.0,0.002525,0.3015,0.0,0.34650000000000003,0vMk4IrUfSJQkhwZnVX6us
boy with luv,bts,76.0,,2014-04-13,85.0,81181104.0,0.0,0.0,0.645,0.862,0.803,-4.761,119.947,229773.0,0.0933,0.0845,0.0,0.193,4a9tbd947vo9K8Vti9JwcI
boy's a liar,pinkpantheress,63.0,,2022-11-30,78.0,4761364.0,0.0,0.0,,,,,,,,,,,3NanY0K4okhIQzL33U5Ad8
boy's a liar pt. 2,pinkpantheress,71.0,,2023-02-03,78.0,4759233.0,0.0,0.0,,,,,,,,,,,6AQbmUe0Qwf5PZnt4HmTXv
boyfriend,dove cameron,71.0,,2022-02-11,70.0,5531011.0,0.0,0.0,,,,,,,,,,,59CfNbkERJ3NoTXDvoURjj
boyfriend,justin bieber,1.0,,2012-01-01,91.0,85008100.0,0.0,0.0,,,,,,,,,,,0171XsIM2xyeXRr6wsugEI
boyfriend,selena gomez,49.0,,2020-04-09,81.0,53263844.0,0.0,0.0,,,,,,,,,,,4QnC1bIaMSfDQvF4XDhV5M
boyfriend (with social house),ariana grande,79.0,,2014,90.0,107374593.0,0.0,0.0,0.4,0.795,0.702,-3.731,190.097,186106.0,0.119,0.461,0.0,0.159,0Ryd8975WihbObpp5cPW1t
boyfriends,harry styles,62.0,,2022-05-20,80.0,34139515.0,0.0,0.0,,,,,,,,,,,6qj02zSeEJGWZ4c0dn5QzJ
boys boys boys,lady gaga,46.0,,2009-11-05,88.0,42237551.0,0.0,1.0,,,,,,,,,,,6Fxduoap3jB3u4qD6ICiBL
boys will be boys,dua lipa,45.0,,2020-03-27,85.0,46891061.0,0.0,0.0,,,,,,,,,,,2F5nK70URbVjwao6lRwX0P
boyz with fun,bts,65.0,,2015-04-29,,,0.0,0.0,0.704,0.96,0.751,-2.606,116.024,244156.0,0.0808,0.192,0.0,0.383,1sz4drpDPpHVrPUgnXGaNn
brain stew,green day,69.0,,2025-11-14,80.0,17327094.0,0.0,0.0,0.559,0.543,0.337,-5.429,75.958,193000.0,0.00133,0.302,2e-05,0.0577,1nLnpLXvl68RZCSjfkyiaa
brainless,eminem,33.0,,2013-11-05,88.0,104539036.0,0.0,1.0,,,,,,,,,,,3gQHtZ82TP9oCSLn2PqB4n
brave,sara bareilles,66.0,,2014-04-08,61.0,1987157.0,0.0,0.0,0.551,0.836,0.758,-3.838,185.063,220573.0,0.00502,0.0524,2.1e-05,0.0425,6Uy6K3KdmUdAfelUp0SeXn
brave new girl,britney spears,40.0,,2003-11-13,80.0,17755451.0,0.0,0.0,,,,,,,,,,,1YTuMc934yzN1PKjSIaspV
break free,ariana grande,80.0,,2014-08-22,90.0,107389514.0,0.0,0.0,,,,,,,,,,,12KUFSHFgT0XCoiSlvdQi4
break it off,pinkpantheress,63.0,,2021-06-04,78.0,4759233.0,0.0,0.0,,,,,,,,,,,0DwVfCYLrVXgvejYbWwZAd
break it to me gently,brenda lee,59.0,,2012-01-12,,,0.0,0.0,0.539,0.26,0.492,-10.414,92.032,164000.0,0.588,0.0268,0.0,0.134,5JccvAiwcZ7n3urnXqWPsG
break my heart,dua lipa,77.0,,2020-03-25,85.0,46895665.0,0.0,0.0,0.73,0.729,0.467,-3.434,113.011,221820.0,0.167,0.0884,1.39e-06,0.349,017PF4Q3l4DBUiWoXk4OWT
break my soul,beyoncé,66.0,,2022-06-21,84.0,41176723.0,0.0,0.0,,,,,,,,,,,2KukL7UlQ8TdvpaA7bY3ZJ
break on me,keith urban,37.0,,2016-12-16,67.0,5273567.0,0.0,0.0,,,,,,,,,,,6dg9Tceo2JpMgAKiNyLpKK
break up every night,the chainsmokers,48.0,,2017-04-07,80.0,21359561.0,0.0,0.0,,,,,,,,,,,6cPyTS0Kk2sc4xQwC93kOg
break up in a bar,eli young band,1.0,,2022-06-03,58.0,888564.0,0.0,0.0,0.602,0.831,0.722,-4.887,119.935,216133.0,0.0164,0.0365,0.000736,0.184,1gtl58TMl0fzivv3jO2IE9
break up in a small town,sam hunt,45.0,,2014-08-12,65.0,2473426.0,0.0,0.0,,,,,,,,,,,2XxjRGbbwxCeSsSPZrbyoL
break up in the end,cole swindell,59.0,,2018-08-17,64.0,2565642.0,0.0,0.0,,,,,,,,,,,5Z19ylxppfnfdP4JH0u8oj
break up with him,old dominion,65.0,,2015-11-06,67.0,1738576.0,0.0,0.0,,,,,,,,,,,5ZManJDV3CexO66nRCkdiV
"break up with your girlfriend, i'm bored",ariana grande,74.0,,2019-06,90.0,107374593.0,0.0,0.0,0.726,0.554,0.335,-5.29,169.999,190440.0,0.0421,0.0917,0.0,0.106,4kV4N9D1iKVxx1KLvtTpjS
break ya neck,busta rhymes,69.0,,2003-02-07,70.0,3165404.0,0.0,0.0,0.82,0.809,0.737,-6.759,83.011,231240.0,0.443,0.251,0.00175,0.0613,7gKgd0P3dAAePiSQQBqrlf
break your heart,taio cruz,68.0,,2010-01-01,67.0,2367073.0,0.0,0.0,,,,,,,,,,,1CdqVF1ywD0ZO1zXtB9yWa
breakaway,kelly clarkson,70.0,,2004-06-30,72.0,10960422.0,0.0,0.0,,,,,,,,,,,4PFAm88FBkY7IFtvCaGctZ
breakeven,the script,66.0,,2008-09-08,74.0,8811891.0,0.0,0.0,,,,,,,,,,,38xWaVFKaxZlMFvzNff2aW
breakfast with the moon,powfu,50.0,,2018-10-14,66.0,1474124.0,0.0,0.0,0.697,0.354,0.575,-15.064,78.007,163108.0,0.892,0.206,2.48e-06,0.0539,3p8iG863bPsafyReUXaqXO
breakin' dishes,rihanna,87.0,,2008-06-02,90.0,68997177.0,0.0,1.0,,,,,,,,,,,46aZJc0z1HHHSFxaIRxYSP
"breaking free - nini, ricky & e.j. version",olivia rodrigo,37.0,,2020-01-10,85.0,49083617.0,,,,,,,,,,,,,41EgG6zD47crJxHLgD42CO
breaking the habit,linkin park,75.0,,2003,88.0,31796892.0,0.0,0.0,0.579,0.849,0.581,-5.218,100.021,196906.0,0.108,0.0303,0.0,0.0909,3dxiWIBVJRlqh9xk144rf4
breathe,fabolous,54.0,,2004-10-11,64.0,2757877.0,0.0,0.0,,,,,,,,,,,7fuoqve1SOEBmhc2PoQTF0
breathe,taylor swift,59.0,,2008-11-11,100.0,145489371.0,0.0,0.0,,,,,,,,,,,3oxgFdIlxFEDEJqn7k5TVN
breathe again,sara bareilles,51.0,,2010-09-07,61.0,1987190.0,0.0,0.0,0.366,0.482,0.278,-7.9,169.677,298280.0,0.288,0.0278,0.00655,0.117,0UgmLwOrTeOCUNwV07a5AD
breathe on me,britney spears,55.0,,2003-11-13,81.0,17761102.0,0.0,0.0,,,,,,,,,,,1lK5iIMKifrxERzS3iimJH
breathin,ariana grande,71.0,,2018-08-17,90.0,107401919.0,0.0,0.0,,,,,,,,,,,4OafepJy2teCjYJbvFE60J
breathing,lifehouse,47.0,,2000-10-31,63.0,2146238.0,0.0,0.0,0.499,0.82,0.593,-6.163,144.949,265400.0,0.0495,0.0301,0.0,0.345,3oOO9PWp1izU4AxZ4SWqzH
breed,nirvana,63.0,,1991-09-26,81.0,23384088.0,0.0,0.0,0.262,0.969,0.263,-4.675,158.433,184040.0,3.69e-06,0.0894,0.00213,0.133,3PyPpABRA2bTGhNwPd66H6
breed - devonshire mix,nirvana,24.0,,1991-09-26,81.0,23384088.0,0.0,0.0,,,,,,,,,,,49NDycyt6YzR97HybuSJV9
breed - live at the paramount,nirvana,23.0,,1991-09-26,81.0,23391272.0,0.0,0.0,,,,,,,,,,,6B1OLGBMr4czyREffH4rkH
bridge over troubled water,elvis presley,59.0,,1987,,,0.0,0.0,0.21,0.236,0.196,-14.48,82.833,275333.0,0.86,0.0278,0.00182,0.713,0gaZi6J3Pk7FG7GNMHsK5o
bright,echosmith,0.0,,2015-03,55.0,606152.0,0.0,0.0,0.646,0.431,0.292,-8.517,90.034,220626.0,0.637,0.0262,6.99e-06,0.113,3FfdQzQl0oNwgqja5Ef4vH
bring me to life,evanescence,87.0,,2003-01-01,75.0,6165678.0,0.0,0.0,0.3194444444444444,0.9430000000000001,0.29777777777777775,-3.188,179.38800000000003,235893.0,0.00721,0.10286666666666666,2.06e-06,0.242,0Bhf80gwbCronwcRHW8EZF
broke his heart,megan thee stallion,43.0,,2024-06-28,76.0,10888670.0,0.0,0.0,,,,,,,,,,,01teRdn4aIEsPzVT1K6FAf
broke in a minute,tory lanez,71.0,,2020-04-10,79.0,8272511.0,0.0,0.0,,,,,,,,,,,4xqIYGwwZTEem9U8A42SPF
broken,lifehouse,57.0,,2007-06-19,63.0,2146238.0,0.0,0.0,0.534,0.708,0.488,-5.732,130.639,286480.0,0.089,0.0402,0.0,0.192,5f6cTFoUenDiCJDGecYiuB
broken,lovelytheband,70.0,,2017,,,0.0,0.0,0.666,0.728,0.51,-5.808,122.996,204878.0,0.00175,0.0419,4.26e-06,0.0429,6XcfKZvJio9Z0fQy11GnNX
broken glass,buckcherry,28.0,,2009-09-29,,,0.0,0.0,0.426,0.987,0.452,-3.616,176.925,213293.0,0.00118,0.0606,3.37e-06,0.167,66dpeKhmayj4OdsnfgO1Xh
broken record,shakira,21.0,,2014-03-21,85.0,39798156.0,0.0,1.0,,,,,,,,,,,6uBYwDurQJm3YQkYxSG5fO
broken whiskey glass,post malone,55.0,,2016-12-09,86.0,47720209.0,0.0,0.0,,,,,,,,,,,5BoOzegGrg5XFRR8UBDtkF
brooklyn,buckcherry,27.0,,2006-04-11,,,0.0,0.0,0.662,0.976,0.729,-3.853,124.005,241786.0,0.00851,0.0405,0.0,0.103,5Tv5sVWoB1oQL2PbNvXoq5
brooklyn baby,lana del rey,82.0,,2014-01-01,88.0,51821190.0,0.0,0.0,0.378,0.664,0.0941,-6.698,106.316,351640.0,0.542,0.0407,0.00397,0.11,1NZs6n6hl8UuMaX0UC0YTz
brown eyes,lady gaga,42.0,,2009-11-05,88.0,42256604.0,0.0,1.0,,,,,,,,,,,5Gqx8YhQeB1crgtFS0wNUm
brown sugar - 2009 remaster,the rolling stones,67.0,,2002,77.0,15714574.0,0.0,0.0,0.633,0.934,0.963,-3.594,128.606,228666.0,0.219,0.0344,0.00021,0.0592,61UuPxxYUvacEH6SHIK3sU
bruh...,lil dicky,54.0,,2015-07-31,59.0,2046209.0,0.0,0.0,0.906,0.888,0.756,-7.275,105.991,262984.0,0.182,0.152,0.0,0.934,4roDTLs05yU9RpSBqwfKQ3
bruises,lewis capaldi,78.0,,2019-05-17,79.0,14043382.0,0.0,0.0,,,,,,,,,,,4Of7rzpRpV1mWRbhp5rAqG
brutal,olivia rodrigo,75.0,,2021-05-21,84.0,49050008.0,0.0,0.0,,,,,,,,,,,6SRsiMl7w1USE4mFqrOhHC
bts cypher 4,bts,66.0,,2016-10-10,,,0.0,0.0,0.817,0.797,0.361,-4.395,119.978,294463.0,0.00533,0.0839,7.77e-06,0.0551,4cTSnpyaIR1qGaTOLJunDM
budapest,george ezra,79.0,,2014-06-13,68.0,4312223.0,0.0,0.0,0.717,0.455,0.389,-8.303,127.812,200733.0,0.0846,0.0276,0.0,0.11,2ixsaeFioXJmMgkkbd4uj1
buffalo soldier,bob marley & the wailers,72.0,,2001,,,0.0,0.0,0.929,0.463,0.757,-8.651,124.084,255840.0,0.142,0.308,5.26e-06,0.0634,7BfW1eoDh27W69nxsmRicb
bulletproof,la roux,72.0,,2009-01-01,60.0,668219.0,0.0,0.0,0.674,0.882,0.682,-2.771,123.016,205733.0,0.000441,0.0477,6.47e-05,0.068,3kMrazSvILsgcwtidZd1Qd
bulletproof heart,my chemical romance,31.0,,2010-11-05,78.0,10298850.0,0.0,0.0,0.405,0.95,0.383,-2.8,139.715,296733.0,0.00033,0.071,3.47e-06,0.108,1sFFxRWtbJmYH3hP5Fvi3v
bully,shinedown,31.0,,2012-01-03,,,0.0,0.0,0.519,0.969,0.48,-2.34,77.011,242746.0,9.03e-05,0.0662,0.0,0.111,3HhHP56irp6Z0c8q0gv6tK
bump n' grind,r. kelly,57.0,,1993-11-07,66.0,2485444.0,0.0,0.0,,,,,,,,,,,0DBIL8arX0Zo6eAuxNIpik
burn,david kushner,65.0,,2022-06-24,70.0,2768544.0,0.0,0.0,0.576,0.406,0.129,-9.723,126.123,179173.0,0.793,0.0355,0.00276,0.151,3gw2Mz111daFVWm7IF0Gb7
burn,ellie goulding,75.0,,2012-10-12,78.0,13212719.0,0.0,0.0,0.559,0.777,0.329,-5.031,87.016,231211.0,0.31,0.0432,0.0,0.105,0xMd5bcWTbyXS7wPrBtZA6
burn it down,linkin park,75.0,,2012,88.0,31796892.0,0.0,0.0,0.585,0.972,0.585,-4.45,110.006,230253.0,0.0143,0.0534,0.0,0.0707,2YRLXsjjIO7oj1OIEWnmTT
burn it down - one more light live,linkin park,44.0,,2012-08-11,88.0,31785695.0,0.0,0.0,0.658,0.781,0.542,-6.472,110.008,253573.0,0.0639,0.0509,0.0,0.485,0zKs47fghFBtrEpxyUR1Wz
burn it to the ground,nickelback,73.0,,2011-11-22,78.0,7846032.0,0.0,0.0,0.617,0.922,0.6,-3.474,132.059,212346.0,0.000247,0.0744,0.388,0.363,1jq28NGw6wdtFKx8MBPy6C
burn the house down,ajr,64.0,,2020-12-26,,,0.0,0.0,0.454,0.66,0.568,-4.357,184.353,212689.0,0.0364,0.168,0.0,0.181,4u8Gkqyg87iGSW3hQbbnQZ
"burn, burn, burn",zach bryan,0.0,,2022-12-25,84.0,7325625.0,0.0,0.0,0.508,0.296,0.134,-10.513,82.532,268856.0,0.897,0.0755,5e-05,0.11,6ZqH4uUlj3rArdFyaejq9n
burning blue,mariah the scientist,72.0,,2025-05-02,73.0,1180085.0,0.0,0.0,,,,,,,,,,,0aWHb6ujnlXkmmOI1ltStc
burning bridges,onerepublic,39.0,,2013-03-22,,,0.0,0.0,0.576,0.737,0.248,-5.266,97.949,257573.0,0.0583,0.0261,0.0,0.0825,3FQrnheOyqkoJPVgS7ZjoH
burning bright,shinedown,25.0,,2005-08-23,,,0.0,0.0,0.524,0.769,0.262,-5.262,113.43,226973.0,0.000431,0.0314,4.48e-06,0.103,2RZTOHYYfQarBj1X41R89b
burning bright - acoustic; live from kansas city,shinedown,26.0,,2005-08-23,,,0.0,0.0,0.508,0.662,0.226,-5.985,116.548,236533.0,0.0645,0.0323,0.0,0.978,2vrCcLP8D26ZSSbOcUSIU5
burning bright - live from washington state,shinedown,25.0,,2005-08-23,,,0.0,0.0,0.533,0.865,0.235,-3.215,113.364,233040.0,0.00101,0.039,0.0,0.894,2Cb1ZAkSUNrsrJcBhEEhFH
burning desire,lana del rey,60.0,,2012-01-01,88.0,51798111.0,0.0,0.0,,,,,,,,,,,2Za7Yhteh4XcUXnNYxTIHH
burning in the skies,linkin park,30.0,,2010-09-10,88.0,31785695.0,0.0,0.0,0.607,0.891,0.462,-4.56,120.012,253160.0,0.0417,0.0387,0.00521,0.314,023iiH1B94VYpHuq2Wnp1b
burning love,elvis presley,74.0,,1998-04-27,,,0.0,0.0,0.66,0.748,0.972,-11.206,143.549,170293.0,0.0993,0.0284,0.00585,0.283,7zMUCLm1TN9o9JlLISztxO
"burning love - digitally mastered- may - june, 1988",elvis presley,23.0,,1997-11,,,0.0,0.0,0.563,0.955,0.923,-7.139,143.219,173506.0,0.418,0.0502,0.0,0.118,42iwgWCBOJr142iY4wB8un
burning up (fire),bts,72.0,,2025-07-18,,,0.0,0.0,0.626,0.706,0.534,-3.201,99.939,203351.0,0.00225,0.0596,0.0,0.122,0aE3V0zgSD2YwkEHW42gxG
bury a friend,billie eilish,75.0,,2019-01-30,90.0,118728633.0,0.0,0.0,0.8895714285714286,0.3881428571428572,0.2037142857142857,-14.505,120.03657142857142,193143.0,0.7391428571428571,0.34657142857142853,0.1457142857142857,0.106,0rhRmyfpaAyos7Euzh8ztl
bus de halloween del tiburón bebé,pinkfong,20.0,,2022-10-07,,,0.0,0.0,0.63,0.557,0.395,-5.599,111.176,93224.0,0.657,0.333,1.3e-06,0.28,2cGwFC0yUQ8OZLVvb6dFQn
business,eminem,71.0,,2002-05-26,88.0,104559284.0,0.0,1.0,,,,,,,,,,,0x60P5taxdI5pcGbqbap6S
business is business (lil baby & gunna),lil baby,61.0,,2018-10-05,84.0,21662596.0,0.0,0.0,,,,,,,,,,,7roKDmJDOzkpfGpUQJ5EnL
busy woman,sabrina carpenter,82.0,,2025-02-14,91.0,26559943.0,0.0,0.0,,,,,,,,,,,0b0Dz0Gi86SVdBxYeiQcCP
but daddy i love him,taylor swift,69.0,,2024-04-19,100.0,145396321.0,0.0,0.0,,,,,,,,,,,4QMgEffJQuKtjCNvqfRZ0m
butter,bts,83.0,,2021-05-21,85.0,81181104.0,0.0,0.0,0.759,0.459,0.695,-5.187,109.997,164611.33333333334,0.00323,0.0948,0.0,0.08666666666666667,1hciAV5LrrTkRV0g0StZ6h
butterflies,gayle,39.0,,2023-07-21,58.0,668804.0,0.0,0.0,,,,,,,,,,,3r6wuvcMPjtIWlYdkpdMPM
butterflies,justin bieber,67.0,,2025-07-11,91.0,85008100.0,0.0,0.0,,,,,,,,,,,5cfsQZEFf1IpQr8F9vI9le
butterflies,kacey musgraves,68.0,,2024-05-22,,,0.0,0.0,0.689,0.614,0.411,-6.137,141.97,219053.0,0.252,0.0306,1.95e-05,0.178,30VHURM5NOfoZmqp2iKawS
butterfly,bts,70.0,,2015-11-30,,,0.0,0.0,0.461,0.776,0.291,-4.498,149.985,238861.0,0.0149,0.0565,0.0,0.12,3bjg5cbmuwDoS7e2dAWyRG
butterfly effect,dj snake,41.0,,2019-07-25,,,0.0,0.0,0.224,0.644,0.0387,-7.276,149.822,204800.0,0.00407,0.0386,0.252,0.537,6lg0Md3xQ7U5EYAcsnysiv
butterfly effect,travis scott,81.0,,2017-05-18,89.0,41119579.0,0.0,1.0,0.7635000000000001,0.628,0.1945,-5.8505,140.9605,190557.0,0.05305,0.05015,0.0,0.114,2cYqizR4lgvp4Qu6IQ3qGN
buyer beware,post malone,51.0,,2023-07-28,86.0,47720209.0,0.0,0.0,,,,,,,,,,,6wOmmoM5nyS6mOyzo9wDjC
buzzcut season,lorde,77.0,,2013-01-01,80.0,10541250.0,0.0,0.0,,,,,,,,,,,3ShTaJBCOclymogQNzPde7
by myself,linkin park,62.0,,2003-11-18,88.0,31785695.0,0.0,0.0,0.5443333333333333,0.935,0.339,-4.159,103.02533333333334,189800.0,0.017233333333333333,0.17299999999999996,0.002936666666666667,0.297,4SJoEhpI6C61wtUfxSHMGc
by the end of the night - southstar remix,ellie goulding,48.0,,2023-04-28,78.0,13212719.0,0.0,0.0,,,,,,,,,,,0BJq75IdLPWnFWG0TLwoN2
by the grace of god,katy perry,40.0,,2013-10-18,83.0,38393243.0,0.0,0.0,,,,,,,,,,,2IRK3qdY6BzbKxKr8eBk8o
by the way,red hot chili peppers,78.0,,2002-06-24,82.0,23218829.0,0.0,0.0,0.446,0.978,0.191,-3.702,123.209,216299.5,0.0322,0.1115,0.0021655,0.10089999999999999,12cG3BUpk6PzLAzWK0mryO
by_myslf (josh abraham and mike shinoda reanimation),linkin park,41.0,,2002,88.0,31785695.0,0.0,0.0,0.552,0.965,0.258,-4.873,103.212,222440.0,0.000636,0.102,0.0924,0.119,5tavbOJXnynWlwijfausey
bye,ariana grande,73.0,,2024-03-08,90.0,107401919.0,0.0,0.0,,,,,,,,,,,1Rweq7vNjK4kZBbGrmxQsl
bye bye baby (taylor’s version) (from the vault),taylor swift,55.0,,2021-04-09,100.0,145396321.0,0.0,0.0,,,,,,,,,,,4qUijfYU8EoIWiY6oSyrgT
c7osure (you like),lil nas x,48.0,,2019-06-21,71.0,12310527.0,0.0,0.0,,,,,,,,,,,4no0eHn4fEB7tN1yZSXMma
cake,melanie martinez,71.0,,2015-08-14,75.0,22219090.0,0.0,0.0,0.518,0.655,0.29,-6.255,156.992,199681.0,0.381,0.0826,0.0,0.271,5H3TCfiw0CQTX1XU7A9TXM
cake by the ocean,dnce,81.0,,2015-10-23,66.0,4592408.0,0.0,0.0,,,,,,,,,,,2aFiaMXmWsM3Vj72F9ksBl
california,chappell roan,62.0,,2023-09-22,82.0,7299563.0,0.0,0.0,,,,,,,,,,,6dA1JQt3f3meGzahhNN75m
california,lana del rey,64.0,,2019-08-30,88.0,51773650.0,0.0,0.0,,,,,,,,,,,7oTE1KmtU2ml9zBhv9Reao
california dreamin',the beach boys,55.0,,1986,,,0.0,0.0,0.58,0.706,0.608,-11.722,116.475,204413.0,0.0385,0.0425,0.0,0.0968,37U0SOW7pv9n2NyNmlrMRt
california dreamin' - 2007 digital remaster,the beach boys,68.0,,1986,,,0.0,0.0,0.582,0.845,0.624,-7.335,116.453,204373.0,0.0529,0.0447,1.44e-06,0.0752,4MHzXgBy7hexDe2Bto11hP
california gurls,katy perry,74.0,,2010-01-01,83.0,38409786.0,0.0,0.0,,,,,,,,,,,3f7gYMirBEKuc57218BjOY
california gurls - armand van helden remix,katy perry,26.0,,2010-08-24,83.0,38385499.0,0.0,0.0,,,,,,,,,,,38XaC5ruJI06vqa3uKeB0K
california gurls - passion pit main mix,katy perry,27.0,,2010-08-24,83.0,38393243.0,0.0,0.0,,,,,,,,,,,7BAuEd5WLrd4gHKyInRk4B
california king bed,rihanna,67.0,,2010-01-01,90.0,68997177.0,0.0,1.0,,,,,,,,,,,1NpDnkQO0yWxTtntrC0UNz
california love - original version,2pac,80.0,,1998-01-01,78.0,22549768.0,0.0,0.0,0.763,0.85,0.761,-3.052,91.519,284906.0,0.0304,0.0417,1.21e-06,0.371,3ia3dJETSOllPsv3LJkE35
california sober,post malone,57.0,,2024-08-15,86.0,47720209.0,0.0,0.0,,,,,,,,,,,1SPI4AlK4121PEQPGSpdcY
californication,red hot chili peppers,84.0,,1999-06-08,82.0,23218829.0,0.0,0.0,0.592,0.766,0.3275,-2.788,96.483,329733.0,0.0021,0.027,0.001595,0.127,2AEdT2ZKd14kzOouzdNOUj
call if you need me,vance joy,0.0,,2018-11-16,74.0,3482109.0,0.0,0.0,0.748,0.573,0.463,-6.057,110.204,163720.0,0.879,0.0332,0.00581,0.0989,6nOf8jSSBzVVXXLz03dsrL
call it what you want,taylor swift,77.0,,2017-11-10,100.0,145542136.0,0.0,0.0,,,,,,,,,,,1GwMQaZz6Au3QLDbjbMdme
call me,shinedown,61.0,,2008-06-23,,,0.0,0.0,0.413,0.445,0.117,-7.259,95.562,222200.0,0.438,0.025,0.0,0.111,2nBWxgSZ79w9l6t2rUg6pl
call me maybe,carly rae jepsen,81.0,,2012-01-01,70.0,5140332.0,0.0,0.0,0.77475,0.595,0.648,-6.3267500000000005,120.02475,193209.5,0.0123,0.040425,5.7e-07,0.10875,1r4hE9lJO7VkqmajEywNzg
call me when you're sober,evanescence,72.0,,2006-01-01,75.0,6158071.0,0.0,0.0,,,,,,,,,,,663Karu2rvKLdnY0eo1n3M
call out my name,the weeknd,85.0,,2018-03-30,93.0,112957721.0,0.0,1.0,0.461,0.593,0.175,-4.954,134.17,228373.0,0.17,0.0356,0.0,0.307,09mEdoA6zrmBPgTEN5qXmN
call you mine,the chainsmokers,66.0,,2019-05-31,80.0,21357977.0,0.0,0.0,0.585,0.696,0.522,-5.6,104.01,217640.0,0.204,0.0307,0.0,0.344,2oejEp50ZzPuQTQ6v54Evp
call your mom,noah kahan,75.0,,2023-06-09,82.0,4379868.0,0.0,0.0,,,,,,,,,,,3yn01PcU95PTbiZ3xvop2j
callaita,bad bunny,77.0,,2019-05-01,95.0,102610644.0,0.0,1.0,0.608,0.626,0.246,-4.773,176.086,250533.0,0.597,0.301,2.16e-06,0.25,71wFwRo8xGc4lrcyKwsvba
callin' my name,chris young,38.0,,2015-11-13,65.0,2918228.0,0.0,0.0,,,,,,,,,,,6CoPNCd1MY6TaJBWkkVdN6
"calling (spider-man: across the spider-verse) (metro boomin & swae lee, nav, feat. a boogie wit da hoodie)",metro boomin,70.0,,2023-06-02,84.0,11679132.0,,,,,,,,,,,,,0by9UaVYUrKUz2TVAmK0Pg
calling all my lovelies,bruno mars,64.0,,2016-11-17,90.0,75474551.0,0.0,0.0,,,,,,,,,,,6ObpR8ek44tvWefQRcSo8K
calling my phone,lil tjay,75.0,,2021-04-01,74.0,10192579.0,0.0,0.0,0.907,0.393,0.202,-7.636,104.949,205458.0,0.451,0.0539,1.35e-06,0.135,3J8EOeKLTLXORtWPpOU5bE
calling my spirit,kodak black,0.0,,2018-11-29,79.0,12474509.0,0.0,0.0,0.9135,0.3635,0.7415,-9.9485,119.995,152000.0,0.1078,0.09215,0.0,0.262,5oibpY8nzNR2uCPKMzLeK0
calling on,swedish house mafia,54.0,,2022-04-15,75.0,3948613.0,0.0,0.0,0.45,0.817,0.0958,-6.488,123.934,275828.0,0.0493,0.212,0.0432,0.168,6ByN6v7D5YUogv622VMGrk
calm down (with selena gomez),rema,79.0,,2022-02-10,76.0,8672431.0,0.0,0.0,0.801,0.806,0.802,-5.206,106.999,239317.0,0.382,0.0381,0.000669,0.114,0WtM2NBVQNNJLh6scP13H8
came here to forget,blake shelton,62.0,,2016-05-20,69.0,7507062.0,0.0,0.0,,,,,,,,,,,1N7qGCKRRnvjoy8MGyHgpS
camera,ed sheeran,79.0,,2025-09-12,88.0,122773292.0,0.0,0.0,,,,,,,,,,,6vqyk3mbDBv3npTpctYoka
can believe,popcaan,22.0,,2017-03-31,,,0.0,0.0,0.606,0.688,0.578,-5.316,105.187,158521.0,0.296,0.284,0.0,0.288,5esOXdFE06M85EPjSFXBxa
can i be him,james arthur,79.0,,2016-10-28,79.0,20852039.0,0.0,0.0,,,,,,,,,,,0VhgEqMTNZwYL1ARDLLNCX
can i get a... - from the rush hour soundtrack,jay-z,44.0,,1998-01-01,82.0,10371098.0,,,,,,,,,,,,,45HLgh98kxPEMP1gPAEe8X
can i get it,adele,65.0,,2021-11-19,83.0,66734917.0,0.0,0.0,0.703,0.68,0.536,-6.118,97.985,210384.0,0.0171,0.0431,0.0,0.178,6w8ZPYdnGajyfPddTWdthN
can you feel the love tonight,elton john,65.0,,1995,80.0,15542286.0,0.0,0.0,0.298,0.382,0.124,-7.812,125.473,241893.0,0.798,0.0299,9.87e-06,0.0988,5KlCWDbatUCBhvN7ZwyeEF
can't be tamed,miley cyrus,62.0,,2010-01-01,81.0,26564677.0,0.0,0.0,,,,,,,,,,,2r6DdaSbkbwoPzuK6NjLPn
can't buy me love,the beatles,65.0,,2021,82.0,30721676.0,0.0,0.0,0.4545,0.7185,0.8985,-4.996,171.279,131539.5,0.20049999999999998,0.05035,0.0,0.323,38Vb1J5W5LOs0i7SAF76pa
can't c me,2pac,70.0,,2003-09-13,78.0,22549768.0,0.0,0.0,0.795,0.852,0.673,-2.238,95.44,330760.0,0.0442,0.178,3.47e-06,0.39,7rUchbZxrhF29Q0vYjKEU0
can't deny it,fabolous,51.0,,2001-09-11,65.0,2758038.0,0.0,0.0,,,,,,,,,,,7K4Aq4awgYvDKEJdEvvl4j
can't feel my face,the weeknd,83.0,,2015-08-28,94.0,113039308.0,0.0,1.0,,,,,,,,,,,22VdIZQfgXJea34mQxlt81
can't help falling in love,elvis presley,80.0,,1998-04-27,,,0.0,0.0,0.42366666666666664,0.31433333333333335,0.35566666666666663,-12.064666666666668,101.15366666666667,179346.66666666666,0.9089999999999999,0.027033333333333336,6.864333333333333e-05,0.10633333333333334,3NeGGLc03MKcd1Sl2YflI1
"can't help falling in love - live at mid-south coliseum, memphis, tn - march 1974",elvis presley,24.0,,2003,,,0.0,0.0,0.448,0.799,0.688,-7.572,51.953,98546.0,0.305,0.0511,2.97e-05,0.937,66t429vEmiqGQoXSrBEGYP
can't hold us,macklemore,82.0,,2012-10-09,74.0,2829534.0,0.0,0.0,,,,,,,,,,,22skzmqfdWrjJylampe0kt
can't remember to forget you,shakira,79.0,,2014-03-13,85.0,39788275.0,0.0,1.0,0.694,0.81,0.824,-3.556,137.968,206866.0,0.122,0.0661,0.0,0.141,09N6k2FECWDBNL7DF5uo3j
can't say,travis scott,77.0,,2018-08-03,89.0,41119579.0,0.0,1.0,0.702,0.708,0.713,-5.366,147.98,198408.0,0.201,0.0547,0.0,0.118,27a1mYSG5tYg7dmEjWBcmL
can't stop,red hot chili peppers,85.0,,2002-07-09,82.0,23223067.0,0.0,0.0,0.618,0.938,0.875,-3.442,91.455,269000.0,0.0179,0.0456,0.0,0.167,3ZOEytgrvLwQaqXreDs2Jx
"can't stop (seungmin, i.n)",stray kids,73.0,,2022-10-07,,,0.0,0.0,0.645,0.87,0.79,-3.087,119.973,209666.0,0.00522,0.0465,1.12e-06,0.101,33vfE5bxDMHpOFHMSgxehR
can't stop dancin',becky g,61.0,,2014-11-04,74.0,16646605.0,0.0,0.0,0.645,0.669,0.568,-7.946,100.052,198852.0,0.00545,0.0638,0.00138,0.0997,5NetSTs4dgiR6GLrZOQcwJ
"can't stop the feeling! (from dreamworks animation's trolls"")""",justin timberlake,75.0,,2016-05-06,82.0,15830822.0,0.0,0.0,,,,,,,,,,,1WkMMavIMc4JZ8cfMmxHkI
can't you hear me knocking - 2009 mix,the rolling stones,64.0,,2003,77.0,15714574.0,0.0,0.0,0.545,0.757,0.714,-5.228,152.217,436000.0,0.408,0.0396,0.045,0.16,1hIQPCM3oWXrpnXmgTDaKG
canal street,sombr,73.0,,2025-08-22,85.0,2809275.0,0.0,0.0,,,,,,,,,,,0KtV18BLmyIOYHCSISmVl9
cancelled!,taylor swift,93.0,,2025-10-03,100.0,145396321.0,0.0,0.0,,,,,,,,,,,1appZ3c336FkPvCuywfmrs
cancer,my chemical romance,69.0,,2016,78.0,10298850.0,0.0,0.0,0.457,0.515,0.222,-4.31,74.984,142973.0,0.358,0.0261,0.0,0.278,0GgN4MhR5GKn5IcKN0e0rG
candle in the wind,elton john,66.0,,2007,80.0,15542286.0,0.0,0.0,0.599,0.502,0.5449999999999999,-10.717,124.3485,228932.5,0.1955,0.028999999999999998,1.2085e-05,0.1376,1L9fzw2pXprOqtemTwtxXF
candle in the wind 1997,elton john,59.0,,1997-09-13,80.0,15542286.0,0.0,0.0,0.45,0.311,0.367,-8.175,125.648,250106.0,0.977,0.0314,0.00713,0.167,3DUcaEvPO72PijivCjtZcU
candy,doja cat,79.0,,2018-03-30,86.0,34742256.0,0.0,0.0,,,,,,,,,,,1VJwtWR6z7SpZRwipI12be
candy necklace,lana del rey,58.0,,2023-03-24,88.0,51773650.0,0.0,0.0,,,,,,,,,,,3MlEryrxCKZkcfX18ZLX96
candy paint,normani,44.0,,2024-06-14,66.0,2956534.0,0.0,0.0,,,,,,,,,,,3vgFnL1k9NC9oZYdooQoHE
candy shop,50 cent,80.0,,2005-03-03,82.0,18860205.0,0.0,1.0,,,,,,,,,,,2mpFm3f7QmdsVtSAIICEB7
canyon moon,harry styles,62.0,,2019-12-13,80.0,34130771.0,0.0,0.0,,,,,,,,,,,5IhzJOXNE7ki0IIJbZbnGq
can’t catch me now - from the hunger games: the ballad of songbirds & snakes,olivia rodrigo,74.0,,2023-11-03,84.0,49050008.0,0.0,0.0,,,,,,,,,,,17cia5k4BpGVlyEfqrFH50
can’t stop the high,lady gaga,64.0,,2025-09-01,88.0,42237551.0,0.0,1.0,,,,,,,,,,,1d9AAVXN2uohnH4Fe07Xxn
can’t take a joke,drake,65.0,,2018-06-29,95.0,103039388.0,0.0,0.0,,,,,,,,,,,1dUHF4RyMmMTveJ0Rby6Xm
car's outside,james arthur,83.0,,2019-10-18,79.0,20848055.0,0.0,0.0,,,,,,,,,,,0otRX6Z89qKkHkQ9OqJpKt
cardigan,taylor swift,86.0,,2020-07-24,100.0,145489371.0,0.0,0.0,0.612,0.58,0.534,-8.572,130.045,239560.0,0.525,0.0419,0.000414,0.26,0KRYCBwIpWYFNrXOmXbyUh
cardigan - the long pond studio sessions,taylor swift,57.0,,2020-11-25,100.0,145396321.0,0.0,0.0,,,,,,,,,,,3EPgWM1zfTSzEc0z4AwWTM
cariño,jennifer lopez,31.0,,2001-01-23,74.0,13710072.0,0.0,1.0,,,,,,,,,,,57Coopi4KriNAIdBzCOVY1
carmen,lana del rey,61.0,,2012-01-01,88.0,51773650.0,0.0,0.0,,,,,,,,,,,1FaHPLv48VjsTkPCQOH7bv
carolina - from the motion picture “where the crawdads sing”,taylor swift,60.0,,2022-06-24,100.0,145542136.0,,,,,,,,,,,,,4axSuOg3BqsowKjRpj59RU
carousel,travis scott,63.0,,2018-08-03,89.0,41107596.0,0.0,1.0,,,,,,,,,,,7KZ5MMVgBVox9ycroB2UrI
carry me away,john mayer,66.0,,2021-07-16,,,0.0,0.0,0.677,0.713,0.744,-6.626,119.997,159133.0,0.0117,0.0288,0.15,0.0952,4Szq4dulKN9bOvLRW6uMdZ
carry me home,red hot chili peppers,61.0,,2022-10-14,82.0,23218829.0,0.0,0.0,0.481,0.715,0.222,-7.14,131.452,253494.0,0.023,0.0661,0.00213,0.181,5axys0aO71B1dZDfnrxHvy
carry on,xxxtentacion,75.0,,2017-08-25,,,0.0,0.0,0.735,0.197,0.383,-13.378,147.899,129720.0,0.768,0.537,0.000276,0.296,2yZax79pOrYuyIFVW2cZY2
carry out (featuring justin timberlake),timbaland,71.0,,2009-01-01,79.0,3467190.0,0.0,0.0,,,,,,,,,,,2DHc2e5bBn4UzY0ENVFrUl
carry that weight,the beatles,58.0,,2019-04,82.0,30721676.0,0.0,0.0,0.543,0.458,0.704,-8.976,84.319,96466.0,0.226,0.0274,0.00663,0.298,5eZrW59C3UgBhkqNlowEID
casa embrujada de tiburón bebé,pinkfong,18.0,,2022-10-07,,,0.0,0.0,0.65,0.609,0.581,-5.167,114.927,179274.0,0.774,0.0533,0.0,0.101,6P3iWGIFeAU51TTayfsBzl
casamento de sereias do dia das bruxas,pinkfong,0.0,,2022-10-21,,,0.0,0.0,0.642,0.468,0.631,-4.562,127.669,94299.0,0.313,0.0548,0.0,0.0614,0RcsxVISESFJqa6mS398Xo
case 143,stray kids,82.0,,2022-10-07,,,0.0,0.0,0.812,0.89,0.69,-2.661,100.006,191964.0,0.0961,0.209,0.0,0.0222,3O8G8eVrhfXTGttyQ1xVuq
casi nada,karol g,0.0,,2016-03-18,,,0.0,0.0,0.734,0.848,0.591,-2.756,98.059,219026.0,0.121,0.0362,4.74e-05,0.0993,3LDezJ0x3UWsC0XXnjM8U9
cassandra,taylor swift,65.0,,2024-04-19,100.0,145443567.0,0.0,0.0,,,,,,,,,,,0g4fMVo4JjwnIpTfFfLdxS
castle,halsey,65.0,,2015-08-28,80.0,22394475.0,0.0,0.0,0.626,0.571,0.164,-7.461,129.959,277623.0,0.25,0.0327,0.0,0.0946,16w8ZGVSjI4TlTLV8VimBY
castle made of sand,pitbull,35.0,,2011-06-17,84.0,11933906.0,0.0,0.0,,,,,,,,,,,0LHpEIKaXBtXrqSUEdfWKm
castle of glass,linkin park,76.0,,2012-06-19,88.0,31806929.0,0.0,0.0,0.615,0.911,0.685,-3.584,108.0,205400.0,0.0686,0.0278,0.00188,0.0908,1r1fPuhj9H4VdXr7OK6FL5
castle on the hill,ed sheeran,78.0,,2017-03-03,88.0,122789460.0,0.0,0.0,,,,,,,,,,,6PCUP3dWmTjcTtXY02oFdT
casual,chappell roan,80.0,,2023-09-22,82.0,7310428.0,0.0,0.0,,,,,,,,,,,3WSOUb3U7tqURbBSgZTrZX
catalonia,vance joy,2.0,,2022-06-10,74.0,3482109.0,0.0,0.0,0.399,0.801,0.6960000000000001,-4.638,199.792,218306.0,0.32,0.0544,0.0,0.308,0y3ISXx180Hs7MGMH2RUZN
catch me,jvke,40.0,,2022-09-23,,,0.0,0.0,0.442,0.55,0.332,-3.845,101.389,177236.0,0.73,0.184,0.00059,0.276,1U7Y9C4YpHYp1EJP1p5rRs
cattitude,miley cyrus,0.0,,2019-05-31,81.0,26564677.0,0.0,0.0,,,,,,,,,,,0uZd8cKaTyNogTREourFY5
cemetery drive,my chemical romance,65.0,,2025-06-06,78.0,10298850.0,0.0,0.0,0.548,0.888,0.655,-4.861,115.993,188066.0,0.000902,0.0362,0.00172,0.0943,2cViIXIe8Pbd1sOJExMJlK
centuries,fall out boy,81.0,,2015,77.0,11415609.0,0.0,0.0,0.3915,0.861,0.5415000000000001,-2.8545,176.0325,228560.0,0.0038399999999999997,0.0729,0.0,0.101,04aAxqtGp5pv12UXAg4pkq
chain drinkin',cody johnson,42.0,,2016-08-05,73.0,1943383.0,0.0,0.0,0.575,0.793,0.817,-4.954,166.099,189760.0,0.199,0.0426,0.0,0.0818,4smdDxU927wqJsaNr8RkTc
chained to the rhythm,katy perry,69.0,,2017-06-09,83.0,38400585.0,0.0,0.0,,,,,,,,,,,7qvxFz3JodM0A7xEM7k3YD
challenge improve,jennifer lopez,46.0,5000.0,2016-03-10,74.0,13710072.0,0.0,1.0,0.07,0.5,,-43.84,63.23,236689.0,,,0.548,,TRK-F216D365B9C6
champagne problems,taylor swift,74.0,,2020-12-11,100.0,145489371.0,0.0,0.0,,,,,,,,,,,0sY6ZUTh4yoctD8VIXz339
champagne supernova,onerepublic,49.0,,2017-07-28,,,0.0,0.0,0.488,0.588,0.156,-5.929,75.982,380802.0,0.157,0.0298,1.53e-06,0.111,3RIYWuMEasEhXVNx722ZOC
champion,fall out boy,56.0,,2017-06-22,77.0,11415609.0,0.0,0.0,0.31,0.905,0.309,-4.109,187.796,192533.0,0.000927,0.253,3.1e-05,0.431,1DRUwJSt2YOUUEz965OJ66
champion,nav,63.0,,2018-05-18,69.0,3563926.0,0.0,0.0,,,,,,,,,,,6nO3tr47nr2P7f3hXb8JIo
champions,kanye west,61.0,,2016-06-10,89.0,31038851.0,0.0,0.0,,,,,,,,,,,2nBI3iWLhupR7LyAJ5GGkE
chandelier,sia,81.0,,2014-07-04,82.0,30556621.0,0.0,0.0,0.399,0.787,0.572,-2.88,117.089,216120.0,0.0197,0.0499,6.07e-05,0.0685,2s1sdSqGcKxpPr5lCl7jAV
chanel,frank ocean,79.0,,2017-03-10,83.0,20280852.0,0.0,0.0,0.776,0.503,0.473,-5.732,110.134,210285.0,0.874,0.237,0.0,0.112,6Nle9hKrkL1wQpwNfEkxjh
change,taylor swift,24.0,,2017-11-09,100.0,145443567.0,0.0,0.0,,,,,,,,,,,5PSOWHll3h3Vy226xSJk0M
change (taylor’s version),taylor swift,56.0,,2021-04-09,100.0,145396321.0,0.0,0.0,,,,,,,,,,,3ExweHKZF9B752DPQByRVT
changes,xxxtentacion,73.0,,2018-03-02,83.0,51710210.0,0.0,0.0,0.669,0.308,0.52,-10.068333333333333,64.93466666666667,121886.0,0.883,0.029,0.0,0.0984,3jLk18JaCL9sFo9xSDup4A
changes are coming,daughtry,49.0,,2021-11-01,65.0,2382165.0,0.0,0.0,0.368,0.845,0.314,-4.87,82.781,221224.0,0.000243,0.057,1.1e-06,0.253,3SSflpFdIv5r6x2fOcQvrH
channel 1 - lofi remix,the chainsmokers,0.0,,2022-10-21,80.0,21360805.0,0.0,0.0,0.681,0.329,0.187,-12.988,116.019,153239.0,0.899,0.0386,0.731,0.176,01A1YsdxWJ6omysFtEqJ18
chantaje,shakira,81.0,,2017-05-26,85.0,39788275.0,0.0,1.0,0.852,0.773,0.907,-2.921,102.034,195840.0,0.187,0.0776,3.05e-05,0.159,6mICuAdrwEjh6Y6lroV2Kg
chaotic,tate mcrae,71.0,,2022-05-27,88.0,9249502.0,0.0,0.0,,,,,,,,,,,4bt7eqP7mfWduRBKEpCAzM
charge me up - bonus track,jennifer lopez,25.0,,2011-04-29,74.0,13708054.0,0.0,1.0,,,,,,,,,,,35zmKCfwfr6q4owhj1YRuf
charlie be quiet!,charlie puth,69.0,,2022-09-30,79.0,25301942.0,0.0,0.0,0.753,0.662,0.466,-4.25,94.958,128364.0,0.205,0.0702,3.66e-06,0.0851,2NGPPfcQfNm3f2ym3WHBuf
charlie brown,coldplay,70.0,,2011-10-24,88.0,60830643.0,0.0,0.0,,,,,,,,,,,1yqMgZNrevsWMLWfO2PRp5
charmer,stray kids,74.0,,2022-03-18,,,0.0,0.0,0.786,0.762,0.731,-2.508,90.963,188573.0,0.0524,0.0519,1.04e-05,0.0971,4QDpsNBlllaLGj8zbF2EE0
chasing cars,snow patrol,83.0,,2006-01-01,68.0,3301184.0,0.0,0.0,0.56,0.595,0.144,-4.53,104.011,267960.0,0.199,0.0274,6.47e-05,0.132,11bD1JtSjlIgKgZG2134DZ
chasing pavements,adele,74.0,,2009-02-03,83.0,66734917.0,0.0,0.0,0.616,0.47,0.325,-6.092,80.03,210506.0,0.291,0.0253,0.0,0.111,0Z5ok0QLLttAKsujOZYOXf
chasing shadows,shakira,21.0,,2014-03-21,85.0,39777995.0,0.0,1.0,,,,,,,,,,,4DCAO5JHENPeOXCEUPNUU5
chasing the sun,the wanted,45.0,,2013-01-01,61.0,2444220.0,0.0,0.0,,,,,,,,,,,0j4kPncBrdidY9Mfl1eZ1d
chateau,blackbear,53.0,,2017-04-21,71.0,5067710.0,0.0,0.0,,,,,,,,,,,5IdrsGhB8D7RwNwGra9V6i
cheap thrills,sia,77.0,,2016-10-21,82.0,30541347.0,0.0,0.0,0.61,0.749,0.73,-5.2695,89.97399999999999,218239.5,0.05165,0.16,0.000716005,0.08410000000000001,27SdWb2rFzO6GWiYDBTD9j
cheating on you,charlie puth,78.0,,2019-10-01,79.0,25301942.0,0.0,0.0,0.749,0.535,0.601,-6.785,123.042,196606.0,0.0131,0.0336,3.65e-05,0.0982,0ClPIeT6MSgfSgQ9ZrJbAq
cheerleader (felix jaehn remix) - radio edit,omi,79.0,,2015-10-16,63.0,690380.0,0.0,0.0,,,,,,,,,,,7vFoFDWqTX0mHzLfrF1Cfy
cheerleader - felix jaehn remix radio edit,omi,66.0,,2015-03-06,63.0,690311.0,0.0,0.0,,,,,,,,,,,023OVLNzXhX0j7CxswUt6D
cheers (drink to that),rihanna,57.0,,2010-01-01,90.0,68997177.0,0.0,1.0,,,,,,,,,,,3DDBW9yeXc0RQUAOBeKYti
chemical,post malone,74.0,,2023-04-14,86.0,47720209.0,0.0,0.0,,,,,,,,,,,5w40ZYhbBMAlHYNDaVJIUu
cherry,harry styles,71.0,,2019-12-13,80.0,34130771.0,0.0,0.0,,,,,,,,,,,2IOFZdYYkFxEHVz1w34PoL
cherry,lana del rey,72.0,,2017,88.0,51821190.0,0.0,0.0,0.355,0.533,0.347,-9.493,121.292,180902.0,0.0471,0.0613,0.00107,0.384,1Ym6aMuT5bliaZMC67AmPp
cherry wine - live,hozier,67.0,,2021-11-24,82.0,9114093.0,0.0,0.0,0.418,0.111,0.228,-14.848,82.508,240147.0,0.953,0.0389,0.00342,0.0982,4Q66chx9WzqWcLItXoZ5r4
chicago,michael jackson,82.0,,2014-05-09,85.0,37446069.0,0.0,0.0,0.608,0.756,0.55,-2.675,176.086,245506.0,0.0784,0.176,0.0,0.187,5BKKy9fIJL5uM9fz1SnqyP
chicago freestyle,drake,78.0,,2020-05-01,95.0,103067383.0,0.0,0.0,,,,,,,,,,,4wVOKKEHUJxHCFFNUWDn0B
chihiro,billie eilish,86.0,,2024-05-17,90.0,118728633.0,0.0,0.0,,,,,,,,,,,7BRD7x5pt8Lqa1eGYC4dzj
childs play,drake,67.0,,2016-05-06,95.0,103067383.0,0.0,0.0,,,,,,,,,,,3NxAG2ni1lLa8RKL6a0INc
chill,stray kids,74.0,,2023-02-22,,,0.0,0.0,0.744,0.923,0.522,-2.797,96.005,195146.0,0.115,0.0507,0.0,0.065,1HshHZrFIF5MRXWCZntOPr
chillin' it,cole swindell,1.0,,2013-03-28,64.0,2565032.0,0.0,0.0,0.576,0.849,0.666,-3.057,137.99,196746.0,0.511,0.0386,4.01e-05,0.109,5IoDSNO8QBvxCHGgQeIlKO
chloe or sam or sophia or marcus,taylor swift,70.0,,2024-04-19,100.0,145489371.0,0.0,0.0,,,,,,,,,,,1rmEsOezwf2lmIZTMAO5Ag
chlorine,twenty one pilots,76.0,,2018-10-05,83.0,25759662.0,0.0,0.0,0.609,0.674,0.315,-7.388,90.009,324466.0,0.0735,0.0548,0.06,0.345,23OXdR7YuUBVWh5hSnYJau
choke,onerepublic,50.0,,2016-10-07,,,0.0,0.0,0.582,0.607,0.263,-6.397,92.021,226760.0,0.302,0.0346,0.0,0.116,5xtliWYBVT4cKo9BtBn43B
choose score soldier,melanie martinez,59.0,17000.0,2015-08-30,75.0,22219090.0,0.0,0.0,0.39,0.09,,-37.58,114.37,393610.0,,,0.026,,TRK-9FEC1FBEF1A0
choose your battles,katy perry,37.0,,2013-10-18,83.0,38385499.0,0.0,0.0,,,,,,,,,,,3rHUpjfq9JjrfaTsEAmQBC
choose your fighter,ava max,61.0,,2023-07-21,77.0,7753423.0,0.0,0.0,,,,,,,,,,,7lcuUkp4LjPflvzPjemDzw
choppa won't miss,playboi carti,62.0,,2018-05-11,86.0,15031490.0,0.0,0.0,,,,,,,,,,,5O9zs6G6RcB6yP1OKwnwiM
christmas (baby please come home),maddie & tae,0.0,,2023-10-27,,,0.0,0.0,0.424,0.451,0.184,-7.486,161.992,182506.0,0.821,0.0285,1.46e-06,0.124,1Y1lY3CMLxuvtsW7YVxJAi
christmas (baby please come home),rozes,0.0,,2024-11-22,,,0.0,0.0,0.507,0.616,0.353,-4.746,65.372,161093.0,0.744,0.0376,3.15e-06,0.261,3C1t9vvGBtSsSV858iEk4A
christmas all over again,tom petty and the heartbreakers,0.0,,1992-10-20,,,0.0,0.0,0.44,0.838,0.619,-6.196,138.908,253626.0,0.0956,0.0423,0.0,0.473,0EcpFZArVrXZJ4vh9hLPsz
christmas all over the world,tim mcgraw,0.0,,2011-12-08,,,0.0,0.0,0.565,0.782,0.798,-5.098,126.904,166168.0,0.0341,0.0305,0.0,0.0782,1mElWOxIAwRJJCVNpIvuTK
christmas eve,justin bieber,2.0,,2011-11-01,91.0,85008100.0,0.0,0.0,0.409,0.57,0.336,-10.54,128.657,223613.0,0.6869999999999999,0.0711,0.0,0.17299999999999996,21ox43RiEnhW9T398iSgAN
christmas evel,stray kids,67.0,,2021-11-29,,,0.0,0.0,0.878,0.777,0.878,-3.702,139.989,178529.0,0.0437,0.163,0.0,0.401,5npCUsfrlhdyjxyCa32maW
christmas just ain't christmas,idina menzel,1.0,,2019-10-18,68.0,570812.0,0.0,0.0,0.681,0.712,0.84,-7.445,115.098,212306.0,0.32,0.0393,0.0,0.295,0AMk7c9MAR7HIMYJhJ1IhA
christmas lights,coldplay,4.0,,2018-12-07,88.0,60804949.0,0.0,0.0,0.315,0.418,0.23700000000000002,-9.146,129.116,242495.0,0.131,0.0299,0.000679,0.0836,2hwoYy91Ozo33plQD7uekh
christmas makes me cry,kacey musgraves,0.0,,2019-11-29,,,0.0,0.0,0.477,0.206,0.2,-10.4,94.784,170786.0,0.9,0.0349,1.37e-05,0.229,5uJNs7kHNXqmX8MSv52QN9
christmas makes me cry - from the kacey musgraves christmas show,kacey musgraves,0.0,,2021,,,0.0,0.0,0.506,0.21,0.414,-12.534,104.181,183372.0,0.8080000000000002,0.0569,0.0,0.75,3nSHkz2pTH4TzTVfdPvZ8A
christmas without you,ava max,3.0,,2020-10-15,77.0,7750481.0,0.0,0.0,0.654,0.596,0.38199999999999995,-4.68,118.07800000000002,169245.0,0.424,0.0458,0.0,0.11,0mGt87s5MXXrDFPWhNdf7r
christmas without you,onerepublic,14.0,,2011-11-21,,,0.0,0.0,0.262,0.677,0.365,-5.644999999999999,207.47800000000004,197146.0,0.447,0.0528,0.0,0.205,03pixFplMU4GlGanyGESCJ
chumbala cachumbala esqueletos piratas,pinkfong,18.0,,2022-10-07,,,0.0,0.0,0.784,0.873,0.596,-4.063,106.073,171858.0,0.792,0.329,0.0,0.136,2DTgQNBS3nmWHHeD09Udcv
chunky,bruno mars,70.0,,2016-11-17,89.0,75455093.0,0.0,0.0,,,,,,,,,,,0mBKv9DkYfQHjdMcw2jdyI
church girl,beyoncé,60.0,,2022-07-29,84.0,41176723.0,0.0,0.0,,,,,,,,,,,2mqTtvbKxH7SoEQ2oGAnsA
ciao adios,anne-marie,65.0,,2017-02-10,75.0,12848260.0,0.0,0.0,0.694,0.853,0.501,-3.986,106.098,199773.0,0.136,0.0934,0.0,0.322,01BC4Xj5tfsfV8DLDrma7q
cielos rosado,ozuna,59.0,,2022-10-07,,,0.0,0.0,0.86,0.72,0.23,-6.191,120.0,182840.0,0.0234,0.0454,0.168,0.377,4u4EnZpoThBaxVRLMHyVOA
cigarettes,juice wrld,69.0,,2022-03-18,85.0,42528657.0,0.0,0.0,,,,,,,,,,,1CfuBY3BDdKpooQ9L5zgUc
cinderella,future,72.0,,2024-03-22,88.0,22675640.0,0.0,0.0,,,,,,,,,,,0hKtu53OlIFXVuYkZwcn3o
cinderella man,eminem,67.0,,2010-06-18,88.0,104517308.0,0.0,1.0,,,,,,,,,,,4SE4yewyGpOYfxfx59Yjc5
cinema,harry styles,66.0,,2022-05-20,80.0,34133561.0,0.0,0.0,,,,,,,,,,,35TyJIMR3xRouUuo2sjS6v
cinnamon girl,lana del rey,86.0,,2019-08-30,88.0,51773650.0,0.0,0.0,,,,,,,,,,,2mdEsXPu8ZmkHRRtAdC09e
circle of life,elton john,57.0,,2013,80.0,15542286.0,0.0,0.0,0.27,0.612,0.116,-6.101,160.417,293268.0,0.174,0.0336,0.205,0.119,1t055EdeL1r5DfORFy0UXX
circle the drain,katy perry,36.0,,2010-08-24,83.0,38385499.0,0.0,0.0,,,,,,,,,,,2t3BqduzpMJVMo5cceBLQY
circles,post malone,85.0,,2019-09-06,86.0,47722935.0,0.0,0.0,,,,,,,,,,,21jGcNKet2qwijlDFuPiPb
circus,britney spears,78.0,,2008-12-02,81.0,17766757.0,0.0,0.0,,,,,,,,,,,7jk7gqyEonmVVYahZN5zhW
circus,stray kids,73.0,,2022-06-22,,,0.0,0.0,0.767,0.809,0.69,-3.734,97.958,194440.0,0.0337,0.0958,0.0,0.0353,2uw2ftfyS4yJLWiTtbxasE
circus (korean ver.),stray kids,70.0,,2022-06-22,,,0.0,0.0,0.788,0.795,0.703,-3.676,98.004,194400.0,0.031,0.0948,0.0,0.0302,3JeLa5o0NxQjQHhVYaTLV0
circus maximus,travis scott,65.0,,2023-07-28,89.0,41107596.0,0.0,1.0,,,,,,,,,,,4GL9GMX9t7Qkprvf1YighZ
citizen/soldier,3 doors down,48.0,,2008-11-22,71.0,4908790.0,0.0,0.0,0.638,0.818,0.47,-5.524,97.021,232933.0,0.0136,0.0334,0.0103,0.191,43Tzmi4Lw0GcZRAE4xqwOg
city of angels,24kgoldn,64.0,,2019-11-22,65.0,2285377.0,0.0,0.0,,,,,,,,,,,6ap9lSRJ0iLriGLqoJ44cq
city of angels,em beihold,63.0,,2020-08-14,67.0,676095.0,0.0,0.0,0.684,0.371,0.338,-7.248,75.018,194308.0,0.791,0.0436,0.0,0.316,5amAJIEdIVtWYEi4wGp7Fn
civil war,guns n' roses,70.0,,2016-04-13,80.0,35196831.0,0.0,0.0,0.336,0.787,0.383,-8.803,140.003,462093.0,0.0793,0.0732,0.0648,0.32,6i4Qi1mJxXjqNIL9HfJhRs
clandestino,shakira,70.0,,2018-06-08,85.0,39777995.0,0.0,1.0,,,,,,,,,,,7DrluKkTviBwCc8AV3VGmf
clap snap,icona pop,57.0,,2015-07-17,66.0,778810.0,0.0,0.0,0.897,0.794,0.569,-4.642,130.01,164399.0,0.0464,0.0571,0.0816,0.0482,4F8xzq2XQ82zMBypnQ3gvB
clara bow,taylor swift,66.0,,2024-04-18,100.0,145489371.0,0.0,0.0,,,,,,,,,,,1UlhrRvYzbHEyugEDspXUB
clarity,vance joy,69.0,,2022-04-06,74.0,3482109.0,0.0,0.0,0.552,0.8729999999999999,0.62,-6.065,125.05900000000001,227240.0,0.00137,0.0464,0.000273,0.0966,0S79nxCc3Ctvs4Rnz4Ohu7
clarity,zedd,78.0,,2012-01-01,73.0,6111556.0,0.0,0.0,0.509,0.781,0.176,-3.48,128.0,271426.0,0.0398,0.072,0.0,0.0749,60wwxj6Dd9NJlirf84wr2c
clash of the titans,powfu,42.0,,2020-11-20,66.0,1474124.0,0.0,0.0,0.727,0.419,0.751,-8.334,158.344,110000.0,0.595,0.187,0.0,0.112,6hzTeCA93yeY8WZE0kW3ui
classic,mkto,79.0,,2013,62.0,1101988.0,0.0,0.0,0.72,0.791,0.756,-4.689,102.071,175426.0,0.0384,0.124,0.0,0.157,6FE2iI43OZnszFLuLtvvmg
claustrophobic,future,56.0,,2024-03-22,88.0,22682234.0,0.0,0.0,,,,,,,,,,,57ELn9TPDIhrpl0dasS465
clean,taylor swift,57.0,,2014-01-01,100.0,145489371.0,0.0,0.0,,,,,,,,,,,1NmVZsG18CzCAtw7rnV3yA
clean (taylor's version),taylor swift,68.0,,2023-10-26,100.0,145489371.0,0.0,0.0,,,,,,,,,,,2ByBBvpR9b7IynvRmnG7kG
cleanin' out my closet,eminem,72.0,,2002-05-26,88.0,104539036.0,0.0,1.0,,,,,,,,,,,7BMO7O7ImjV8HNTH74Tshv
cleopatra,the lumineers,68.0,,2016,76.0,5903211.0,0.0,0.0,0.536,0.775,0.485,-6.765,151.393,201413.0,0.228,0.0394,0.000143,0.0947,5bzf1xrbqr1ttjAJuRz2xY
clint eastwood,gorillaz,76.0,,2001-04-16,82.0,14505359.0,0.0,0.0,0.663,0.694,0.525,-8.627,167.953,340920.0,0.0253,0.171,0.0,0.0698,1RKUoGiLEbcXN4GY4spQDx
clique,kanye west,62.0,,2012-01-01,89.0,31038851.0,0.0,0.0,,,,,,,,,,,65rRB2mspD309xE6YimZTl
close friends (lil baby & gunna),lil baby,73.0,,2018-10-05,84.0,21650642.0,0.0,0.0,,,,,,,,,,,5nzhL67GpF9szXWg5y509A
close to me,ellie goulding,64.0,,2020-07-17,78.0,13212719.0,0.0,0.0,0.572,0.75,0.475,-5.042,144.081,182626.0,0.0946,0.0604,0.0,0.378,2GjMaJ7DacMIkgoe8oMXGg
close to you,frank ocean,65.0,,2016-08-20,83.0,20280852.0,0.0,0.0,0.855,0.663,0.815,-8.401,77.978,85754.0,0.194,0.2,0.0013,0.146,1VZLEW5ZfcAbKZ94XQiSZF
close to you,gracie abrams,78.0,,2024-06-20,82.0,7403257.0,0.0,0.0,,,,,,,,,,,5wbg8kepMFoMzHOEuxiI0q
close to you,rihanna,56.0,,2016-01-28,90.0,69030894.0,0.0,1.0,,,,,,,,,,,6D2tzc8kRnZb7P1lNwMBLH
close your eyes,kim petras,3.0,,2018-10-01,69.0,1192832.0,0.0,0.0,0.548,0.728,0.337,-5.678,105.961,235615.0,0.0104,0.0507,0.000126,0.146,02q48eRgkja20qgxTKdXk4
closer,ne-yo,71.0,,2008-01-01,80.0,10220440.0,0.0,0.0,,,,,,,,,,,0GX5oOKtU0nnx5OkhenW2i
closer,the chainsmokers,86.0,,2016-07-29,80.0,21360805.0,0.0,0.0,0.748,0.524,0.661,-5.599,95.01,244960.0,0.414,0.0338,0.0,0.111,7BKLCZ1jbUBVqRi2FVlTVw
closure,taylor swift,60.0,,2021-01-07,100.0,145443567.0,0.0,0.0,,,,,,,,,,,6a8aUhYbaQBUI8PcJ5ZmQ6
cloudbusting,kate bush,62.0,,2009-02-23,70.0,2516750.0,0.0,0.0,0.68,0.248,0.812,-17.465,112.806,310160.0,0.696,0.0328,8.88e-06,0.0839,5atQ2haKP5LT65WM0KUts3
club can't handle me,flo rida,80.0,,2010-06-28,79.0,8973505.0,0.0,0.0,,,,,,,,,,,0xcl9XT60Siji6CSG4y6nb
club classics,charli xcx,70.0,,2024-06-07,82.0,6322030.0,0.0,0.0,,,,,,,,,,,0CySZwyRJ0vyUqtSjM9i2k
club tropicana,wham!,64.0,,1983,,,0.0,0.0,0.658,0.714,0.806,-9.247,117.283,265600.0,0.0294,0.0519,5.7e-05,0.651,6tASfEUyB7lE2r6DLzURji
cobra,megan thee stallion,50.0,,2024-06-28,76.0,10890822.0,0.0,0.0,,,,,,,,,,,6qpmH5ijUjGGKB0ZcJUzwh
coco,o.t. genasis,59.0,,2014-11-10,50.0,1100826.0,0.0,0.0,,,,,,,,,,,2JI71GHwq2LN8mtq3iCLYo
coconut tree,shakira,38.0,,2017-05-26,85.0,39798156.0,0.0,1.0,,,,,,,,,,,4uGz0wWAkH4FGPpBR6eaHt
coffee,beabadoobee,69.0,,2025-04-12,,,0.0,0.0,0.532,0.137,0.301,-18.208,118.734,126824.0,0.982,0.0717,0.962,0.112,429NtPmr12aypzFH3FkN9l
coffee,bts,67.0,,2013-09-11,,,0.0,0.0,0.656,0.798,0.573,-6.608,92.031,260433.0,0.00862,0.103,0.0,0.321,4eqHEzFsCCiGALC1MHbqnU
coffee,chappell roan,65.0,,2023-09-22,82.0,7299563.0,0.0,0.0,,,,,,,,,,,6GdUMm5xMw9hJckIc0qsGb
coffee bean,travis scott,67.0,,2018-08-03,89.0,41119579.0,0.0,1.0,,,,,,,,,,,6vnfObZ4Ys70SBAtti1xZ9
coincidence,sabrina carpenter,73.0,,2024-08-23,91.0,26538275.0,0.0,0.0,,,,,,,,,,,5oIVNm56t6OIf9ZjdEG3ud
cola,lana del rey,64.0,,2012-01-01,88.0,51798111.0,0.0,0.0,,,,,,,,,,,3I5azi0831uNpYQsfYsW7G
cold,maroon 5,74.0,,2017-02-14,85.0,45771951.0,0.0,1.0,,,,,,,,,,,2NlTOhsAamXOaZciOXbITb
cold,post malone,52.0,,2016-12-09,86.0,47722935.0,0.0,0.0,,,,,,,,,,,1QWmKmqhv5zcsS3v45FNl0
cold heart - pnau remix,elton john,80.0,,2021-08-13,80.0,15545907.0,0.0,0.0,0.795,0.8,0.934,-6.32,116.032,202735.0,0.0354,0.0309,7.25e-05,0.0915,6JIC3hbC28JZKZ8AlAqX8h
cold shoulder,adele,52.0,,2008,83.0,66734917.0,0.0,0.0,0.65,0.82,0.35,-5.344,109.955,191866.0,0.00217,0.047,0.0,0.133,78foNmu2hGDPwm3cJVlikF
cold water,major lazer,68.0,,2016-07-22,73.0,6302021.0,0.0,0.0,,,,,,,,,,,6DNtNfH8hXkqOX1sjqmI7p
cold wind blows,eminem,58.0,,2010-06-18,88.0,104517308.0,0.0,1.0,,,,,,,,,,,3Tj1luJyKPQt7WbrqpJ2Az
coldplay,lizzo,3.0,,2022-07-15,68.0,5738825.0,0.0,0.0,0.637,0.807,0.774,-5.193,156.954,175497.0,0.133,0.0411,3.89e-06,0.249,1c9hq0RFTVmhZS3ju7bBun
colors,halsey,68.0,,2015-08-28,80.0,22396044.0,0.0,0.0,0.512,0.812,0.521,-4.809,100.02,249499.0,0.0534,0.0617,0.0,0.092,1TnUURhehaoMWKAqQtirm6
colour spectrum,coldplay,45.0,,2015-12-04,88.0,60818952.0,0.0,0.0,,,,,,,,,,,3VqiD8Yvk6bKwqS1e64PHB
come & get it,selena gomez,70.0,,2013-01-01,81.0,53267200.0,0.0,0.0,0.552,0.783,0.575,-4.138,79.984,231413.0,0.00887,0.0504,0.00026,0.0954,1tvmqQlkFrVun9HO4dlNdr
come & go (with marshmello),juice wrld,75.0,,2020-07-09,85.0,42551578.0,0.0,0.0,,,,,,,,,,,2Y0wPrPQBrGhoLn14xRYCG
come around me,justin bieber,0.0,,2022-03-16,91.0,85008100.0,0.0,0.0,0.648,0.681,0.766,-8.389,157.944,200773.0,0.263,0.0379,0.00761,0.0971,0Jj3HijYvpp6UBVJeQPNQh
come as you are,nirvana,79.0,,1991-09-26,81.0,23398010.0,0.0,0.0,0.5576666666666666,0.8083333333333332,0.5419999999999999,-6.967333333333333,119.745,230622.0,0.18474793333333336,0.03766666666666667,0.002933333333333333,0.08796666666666668,0LnkNEgEXv83bVVvgnB9Et
come as you are - boombox rehearsals,nirvana,18.0,,1991-09-26,81.0,23391272.0,0.0,0.0,,,,,,,,,,,51cwCNBjJZIPwHimgiMDvm
come as you are - devonshire mix,nirvana,38.0,,1991-09-26,81.0,23384088.0,0.0,0.0,,,,,,,,,,,72hAGgKtsrIrfiuL7FydDP
come back as a country boy,blake shelton,1.0,,2021-10-01,69.0,7507062.0,0.0,0.0,0.494,0.796,0.447,-3.965,76.069,221733.0,0.0197,0.0324,0.000178,0.309,1SXRVPBqTOBlcMSbYwHfFH
come back...be here,taylor swift,48.0,,2012-10-22,100.0,145489371.0,0.0,0.0,,,,,,,,,,,1n8rB9AhxiAvVP1E2c3yOd
come closer,sombr,71.0,,2025-08-22,85.0,2789144.0,0.0,0.0,,,,,,,,,,,261jWBGVjAGH4SuOEVLlvO
come get her,rae sremmurd,71.0,,2015-01-06,69.0,7767068.0,0.0,0.0,,,,,,,,,,,1Ser4X0TKttOvo8bgdytTP
come home,onerepublic,48.0,,2008,,,0.0,0.0,0.521,0.155,0.16,-12.147,75.003,261653.0,0.947,0.0286,9.32e-06,0.103,348MCvZbnPrsHkxq6w8cif
come in with the rain (taylor’s version),taylor swift,56.0,,2021-04-09,100.0,145542136.0,0.0,0.0,,,,,,,,,,,1n2wszmJyVkw6FHqyLnQsY
come n go,pitbull,39.0,,2011-06-17,84.0,11939612.0,0.0,0.0,,,,,,,,,,,5Zc3d993GDKljZ5d6NNk3b
come over,jennifer lopez,23.0,,2001-01-23,74.0,13709065.0,0.0,1.0,,,,,,,,,,,11y6pGsIo9BbsotNAGHjO9
come together,the beatles,77.0,,1969-09-26,82.0,30714318.0,0.0,0.0,0.533,0.376,0.187,-11.913,165.007,259946.0,0.0302,0.0393,0.248,0.0926,2EqlS6tkEnglzr7tkKAAYD
come undone,tove lo,45.0,,2019-09-20,72.0,3676957.0,0.0,0.0,0.58,0.617,0.243,-5.828,163.865,177534.0,0.288,0.0991,0.0,0.551,5VnKWH0QvC4u9ridOIFwCC
come with me now,kongos,67.0,,2014,,,0.0,0.0,0.654,0.726,0.728,-3.803,103.987,211960.0,0.0311,0.0401,6.35e-05,0.0618,2kWowW0k4oFymhkr7LmvzO
coming down,the weeknd,55.0,,2012-11-13,94.0,112995439.0,0.0,1.0,,,,,,,,,,,4q75XguyPrsduy70hcBVFu
coming home,diddy - dirty money,65.0,,2010-01-01,48.0,129604.0,0.0,0.0,,,,,,,,,,,6Iocm6VMu6bVNYwiDoyQFW
coming home - part ii,skylar grey,49.0,,2012-01-01,65.0,672618.0,0.0,0.0,0.58,0.282,0.174,-9.605,129.948,164826.0,0.93,0.0323,2.04e-05,0.0905,49J6l9fKrBXaiu9WQkTUBp
coming home - part ii / bonus track,skylar grey,57.0,,2012-01-01,65.0,672618.0,0.0,0.0,0.568,0.283,0.173,-9.605,130.052,164826.0,0.93,0.0333,2.04e-05,0.0906,2EowclmjcHVK6W8xlngurh
company,justin bieber,78.0,,2015-11-13,91.0,85034636.0,0.0,0.0,,,,,,,,,,,61uyGDPJ06MkxJtHgPmuyO
complicated,avril lavigne,83.0,,2002-06-04,76.0,12008159.0,0.0,0.0,,,,,,,,,,,2IiNA0s5eQBSjwK4iNeUvW
complicated,olivia o'brien,71.0,,2015-08-09,60.0,2069542.0,0.0,0.0,0.657,0.355,0.0808,-12.044,74.99,189000.0,0.694,0.0714,0.000427,0.123,0jllH0usRFD4LJkJnGK9Lf
complicated,rihanna,42.0,,2010-01-01,90.0,69014420.0,0.0,1.0,,,,,,,,,,,5lP1kCqAj1fh9pgJWOKyJa
conceited,lola young,70.0,,2024-06-21,77.0,1460038.0,0.0,0.0,,,,,,,,,,,5ZdqVCiXrvMGpY8cux5g8t
coney island,taylor swift,63.0,,2020-12-11,100.0,145489371.0,0.0,0.0,,,,,,,,,,,2awNGIJHodfLZSClB3PYhz
confession,florida georgia line,56.0,,2014-10-14,70.0,5588772.0,0.0,0.0,,,,,,,,,,,6IFPfV8PNSYOmufzQ95hmm
confident,justin bieber,85.0,,2014-05-13,91.0,85034636.0,0.0,0.0,,,,,,,,,,,3JsydWaf2Ev4ehaLUjj3SY
congratulations,post malone,79.0,,2016-12-09,86.0,47722935.0,0.0,0.0,,,,,,,,,,,3a1lNhkSLSkpJE4MSHpDu9
connection,onerepublic,63.0,,2018-06-26,,,0.0,0.0,0.611,0.602,0.624,-4.89,168.154,148459.0,0.000837,0.0437,0.0,0.112,3T4UodGkfZObJ43RtA5KFU
consequences,camila cabello,57.0,,2018-01-12,78.0,35576126.0,0.0,0.0,,,,,,,,,,,7sTtHHrD0zDpmzQzH3zegz
control,halsey,70.0,,2015-08-28,80.0,22396044.0,0.0,0.0,0.549,0.675,0.206,-5.637,119.898,214761.0,0.399,0.0332,0.0,0.181,3SKzTIl9mW0DadTys9SFo3
control,playboi carti,62.0,,2020-12-25,86.0,15021860.0,0.0,0.0,,,,,,,,,,,78YTl0P96kBCBXUSzKoqAm
controlla,drake,72.0,,2016-05-06,95.0,103067383.0,0.0,0.0,,,,,,,,,,,3O8NlPh2LByMU9lSRSHedm
conversations in the dark,john legend,60.0,,2020-01-10,73.0,8072466.0,0.0,0.0,0.361,0.357,0.153,-8.423,122.962,235653.0,0.704,0.0312,0.0,0.219,0QjQC8sGqxUkaJFBsJjtGm
cookie jar,gym class heroes,56.0,,2008-09-08,67.0,1672326.0,0.0,0.0,,,,,,,,,,,3RDcUlLGp3SLp2AmUbUbls
cool,dua lipa,47.0,,2020-03-27,85.0,46886554.0,0.0,0.0,,,,,,,,,,,4GE0As8SVSjCMVYkRaaWwJ
cool for the summer,demi lovato,77.0,,2015-07-01,77.0,27289523.0,0.0,0.0,0.5814999999999999,0.60925,0.318,-5.60975,114.0525,214739.0,0.0038075,0.036325,0.000135,0.1325,046L0dVjGu0cYGKedb1Ho5
cool for the summer - sped up (nightcore),demi lovato,57.0,,2022-04-01,77.0,27288825.0,0.0,0.0,,,,,,,,,,,4FYWOYqOF9lbb1JcZFDT67
cool girl,tove lo,65.0,,2016-08-04,72.0,3676957.0,0.0,0.0,0.667,0.6944999999999999,0.20350000000000001,-7.076,101.995,199179.0,0.313,0.111,7.17e-06,0.0752,1YeeP800KEmlmDygVMIrC2
cool it,popcaan,23.0,,2014-06-10,,,0.0,0.0,0.802,0.68,0.766,-5.912,99.982,179406.0,0.344,0.217,0.0,0.319,45xFvdSohHSG3aiOo9FzsF
cool kids,echosmith,72.0,,2015-03-03,55.0,606152.0,0.0,0.0,0.719,0.6705000000000001,0.7855000000000001,-6.279,130.0265,237626.0,0.0372,0.03365,8.31e-06,0.12,13P5rwmk2EsoFRIz9UCeh9
cooler than me - single mix,mike posner,76.0,,2010-06-30,67.0,1525672.0,0.0,0.0,0.768,0.82,0.625,-4.63,129.965,213293.0,0.179,0.0474,0.0,0.689,2V4bv1fNWfTcyRJKmej6Sj
cop car,keith urban,38.0,,2013-09-10,67.0,5273567.0,0.0,0.0,,,,,,,,,,,2TqcqRwNgphefMYkbPaP9H
copperbelly,red hot chili peppers,60.0,,2022-10-14,82.0,23218829.0,0.0,0.0,0.592,0.616,0.492,-7.227,129.896,224983.0,0.0917,0.0337,0.0106,0.179,141GeeQQItnC1sH7gXUDlf
copycat,billie eilish,71.0,,2019-12-06,90.0,118760311.0,0.0,0.0,0.679,0.388,0.234,-10.977,124.909,194711.0,0.353,0.0932,9.25e-05,0.341,5w7wuzMzsDer96KqxafeRK
cornelia street,taylor swift,72.0,,2019-08-23,100.0,145396321.0,0.0,0.0,,,,,,,,,,,12M5uqx0ZuwkpLp5rJim1a
cornelia street - live from paris,taylor swift,57.0,,2020-05-18,100.0,145489371.0,0.0,0.0,,,,,,,,,,,3fGnrtrtL1IHSX9t4DKOYf
cost,katelyn brown,63.0,5000.0,2017-03-10,,,0.0,0.0,0.63,0.28,,-36.57,89.09,253423.0,,,0.545,,TRK-5CD5062421EB
could you be loved,bob marley & the wailers,78.0,,2011-02-01,,,0.0,0.0,0.916,0.72,0.76,-8.548,103.312,237000.0,0.36,0.1,0.00016,0.0958,5O4erNlJ74PIF6kGol1ZrC
counting stars,onerepublic,87.0,,2013,81.0,18703625.0,0.0,0.0,0.6610000000000001,0.7255714285714285,0.46385714285714286,-4.618857142857143,122.01414285714286,257075.85714285713,0.06917142857142856,0.038585714285714286,0.0,0.14485714285714285,0FBywYb06nuyLdn4gBlQLb
country again,thomas rhett,0.0,,2021-04-30,73.0,4983771.0,0.0,0.0,0.467,0.481,0.248,-6.947,147.886,221240.0,0.227,0.0255,0.000189,0.11,3ovpz51ql3sXfcDc66DNFb
country girl (shake it for me),luke bryan,75.0,,2011-01-01,74.0,9406293.0,0.0,0.0,0.644,0.904,0.672,-4.532,105.969,225560.0,0.0295,0.0464,0.0,0.0834,0JbSghVDghtFEurrSO8JrC
country on,luke bryan,0.0,,2024-09-27,74.0,9406293.0,0.0,0.0,0.52,0.751,0.519,-5.064,156.044,236455.0,0.171,0.0551,7.4e-06,0.0624,6AHJTA1BN7ePfChCwqph3z
"courtesy of the red, white and blue (the angry american)",toby keith,71.0,,2002-01-01,70.0,3013521.0,0.0,0.0,0.426,0.674,0.378,-5.529,110.399,195480.0,0.48,0.0452,1.32e-06,0.0784,0M7mWKqwTIaVjYyxfZmtTa
cover me in sunshine,p!nk,63.0,,2021-05-21,78.0,18203604.0,0.0,0.0,,,,,,,,,,,0UKUfxIkDAMZz7hMdiVX3m
cowboy like me,taylor swift,64.0,,2021-01-07,100.0,145396321.0,0.0,0.0,,,,,,,,,,,52OkpDsU6MmPx1AwGOb6Ap
cozy,beyoncé,64.0,,2022-07-29,84.0,41172203.0,0.0,0.0,,,,,,,,,,,0mKGwFMHzTprtS2vpR3b6s
cozy little christmas,katy perry,1.0,,2018-11-15,83.0,38400585.0,0.0,0.0,0.775,0.608,0.56,-6.263999999999999,137.494,182520.0,0.128,0.128,0.0,0.0895,06frz7np2mUzt0wUTBERYP
crash my party,luke bryan,66.0,,2013-01-01,74.0,9408174.0,0.0,0.0,,,,,,,,,,,6GBUsjHfZuweYf5lQEz6mP
crave,tove lo,40.0,,2014-09-30,72.0,3676957.0,0.0,0.0,0.671,0.38,0.532,-7.593,59.993,214440.0,0.109,0.0539,4.73e-06,0.0921,1UjCMbnYhGpTy5lL61j3Nd
crawling,linkin park,81.0,,2000-10-24,88.0,31806929.0,0.0,0.0,0.5803333333333333,0.701,0.2933333333333333,-5.5646666666666675,105.07533333333333,208960.0,0.04623333333333333,0.0337,3.38e-06,0.536,0X576XiCW9uEtko6f6VkcU
crawling back to you,daughtry,50.0,,2011-10-03,65.0,2382165.0,0.0,0.0,0.426,0.908,0.16,-3.437,150.979,225440.0,0.00686,0.0504,0.0,0.167,571pa5LGKPGLNTLcobbrgr
crazy,gnarls barkley,80.0,,2007-12-01,65.0,603323.0,0.0,0.0,0.855,0.587,0.64,-4.589,111.97,177466.0,0.0505,0.0336,0.00714,0.105,1vxw6aYJls2oq3gW0DujAo
crazy bitch,buckcherry,68.0,,2006-04-11,,,0.0,0.0,0.661,0.978,0.592,-3.064,98.019,204960.0,0.0247,0.107,0.0,0.0856,5XfQTbialQHn9PhDb0p85H
crazy for you,adele,52.0,,2008-01-27,83.0,66734917.0,0.0,0.0,0.707,0.139,0.323,-12.3,85.868,208040.0,0.91,0.0507,0.0,0.105,2Mu0WHDu931jSNOC6GDIp5
crazy girl - single version,eli young band,40.0,,2019-03-29,58.0,888564.0,0.0,0.0,,,,,,,,,,,7ESVUmmcGp2EmYEdEcLPsd
crazy in love,beyoncé,78.0,,2003-06-24,84.0,41176723.0,0.0,0.0,,,,,,,,,,,5IVuqXILoxVWvWEPm82Jxr
"crazy story, pt. 3",king von,76.0,,2019-09-20,74.0,7938689.0,0.0,0.0,,,,,,,,,,,23TwR29GSeJBfXnXhmDlwR
creepin' (with the weeknd & 21 savage),metro boomin,81.0,,2022-12-02,84.0,11679132.0,0.0,0.0,,,,,,,,,,,2dHHgzDwk4BJdRwy9uXhTO
criminal,britney spears,72.0,,2011,81.0,17766757.0,0.0,0.0,0.696,0.734,0.711,-5.294,107.987,225080.0,0.0485,0.0298,0.0,0.183,6T689Jvh5KrSXyaPtUWZtQ
critic,avery anna,0.0,,2022-10-07,,,0.0,0.0,0.529,0.467,0.24,-4.663,132.09,191493.0,0.23,0.0263,0.0,0.0922,55ozcvNq4CYnpWRR1Ma7F0
crocodile rock,elton john,73.0,,2007-01-01,80.0,15542286.0,0.0,0.0,0.621,0.8,0.968,-7.284,149.91,235440.0,0.0263,0.0344,1.51e-05,0.0591,6WCeFNVAXUtNczb7lqLiZU
cross me,ed sheeran,60.0,,2019-07-12,88.0,122789460.0,0.0,0.0,,,,,,,,,,,4wuCQX7JvAZLlrcmH4AeZF
cross my heart,artemas,0.0,,2023-09-19,74.0,1377042.0,0.0,0.0,,,,,,,,,,,4yJ1fD1LvIVtTDOu4NyKLU
cross you out,charli xcx,27.0,,2019-08-16,82.0,6315216.0,0.0,0.0,,,,,,,,,,,4Il330n53GprIcAO2GzwTN
cruel summer,taylor swift,87.0,,2019-08-23,100.0,145489371.0,0.0,0.0,,,,,,,,,,,1BxfuPKGuaTgP7aM0Bbdwr
cruel world,lana del rey,62.0,,2014-01-01,88.0,51821190.0,0.0,0.0,,,,,,,,,,,6ayKgleoMF26lvU1Z7wVm7
cruise,florida georgia line,55.0,,2012-01-01,70.0,5588772.0,0.0,0.0,,,,,,,,,,,5BhsEd82G0Mnim0IUH6xkT
cruise - remix,florida georgia line,56.0,,2013-01-01,70.0,5588772.0,0.0,0.0,,,,,,,,,,,0jHSdjxn9LfzNL0WkDu93W
crushcrushcrush,paramore,65.0,,2007-12-07,79.0,9792848.0,0.0,0.0,0.631,0.793,0.648,-4.086,136.96,189373.0,0.000218,0.0468,5.65e-05,0.0976,4m9NfjevXsDVaLtM1kj0Sx
crushing,sombr,76.0,,2025-08-22,85.0,2802094.0,0.0,0.0,,,,,,,,,,,2pQoErkcTbLdQLnUtMYvuZ
cry for me,the weeknd,82.0,,2025-01-31,93.0,112918137.0,0.0,1.0,,,,,,,,,,,3AWDeHLc88XogCaCnZQLVI
cry me a river,justin timberlake,77.0,,2002-11-04,81.0,15820264.0,0.0,0.0,,,,,,,,,,,7Lf7oSEVdzZqTA0kEDSlS5
cry your heart out,adele,60.0,,2021-11-19,83.0,66734917.0,0.0,0.0,0.756,0.713,0.59,-6.917,125.064,255278.0,0.523,0.102,3.35e-06,0.248,09u787BYeYIGd2mFIJ505t
crying from the bathroom,koe wetzel,47.0,,2020-11-20,,,0.0,0.0,0.322,0.457,0.0729,-7.685,143.841,259174.0,0.292,0.0321,1.51e-05,0.0639,6nSPmeeGu3GFssIk4UnDYw
crystal snow,bts,65.0,,2017-12-06,,,0.0,0.0,0.618,0.766,0.448,-4.507,113.997,323360.0,0.117,0.0323,0.0,0.121,6NbfFVZ01Ttvvqmcok8DxL
cuando tú quieras,j balvin,0.0,,2018-05-25,86.0,39113380.0,0.0,1.0,0.696,0.668,0.761,-5.063,184.332,205120.0,0.361,0.199,0.0038,0.311,4S3KDmiZJQsd6uLPyvHxSO
cuff it,beyoncé,73.0,,2022-07-29,84.0,41180800.0,0.0,0.0,0.78,0.689,0.642,-5.668,115.042,225388.0,0.0368,0.141,9.69e-06,0.0698,1xzi1Jcr7mEi9K2RfzLOqS
culture old,michael jackson,40.0,1000.0,2020-04-16,85.0,37446069.0,0.0,0.0,0.15,0.08,,-10.7,183.09,148507.0,,,0.714,,TRK-3EF265B63BFC
cupid - deluxe edition version,amy winehouse,59.0,,2014,75.0,9747371.0,0.0,0.0,0.641,0.609,0.696,-4.596,87.181,228853.0,0.163,0.0638,0.0,0.0811,5kG1ARHk8dli0bKiMN2oE6
cupid - twin ver.,fifty fifty,6.0,,2023-02-24,63.0,1989684.0,0.0,0.0,,,,,,,,,,,7FbrGaHYVDmfr7KoLIZnQ7
cupid's chokehold / breakfast in america,gym class heroes,76.0,,2005-02-22,67.0,1672769.0,0.0,0.0,,,,,,,,,,,2Lhdl74nwwVGOE2Gv35QuK
cups (pitch perfect’s “when i’m gone”) - pop version,anna kendrick,61.0,,2015-02-10,62.0,390914.0,,,,,,,,,,,,,6mH3qVIeOsnQIAho5eWwhH
curbside prophet,jason mraz,23.0,,2007-07-15,71.0,7312594.0,0.0,0.0,0.619,0.793,0.892,-5.964,177.991,214552.0,0.263,0.0661,0.0,0.0828,4MihgVRpD82EZoT61GW63w
curmudgeon,nirvana,26.0,,1991-09-26,81.0,23398010.0,0.0,0.0,,,,,,,,,,,2PIdD9RN4QeKm9uK4c598V
curtains close,eminem,46.0,,2002-05-26,88.0,104539036.0,0.0,1.0,,,,,,,,,,,51LeDAMy6nWqKdjVo7jK4j
curtains up - skit,eminem,19.0,,2002-05-26,88.0,104517308.0,0.0,1.0,,,,,,,,,,,0ttF21hZCPw2merE3GsHcP
cut me deep,shakira,23.0,,2014-03-21,85.0,39777995.0,0.0,1.0,,,,,,,,,,,70ADPhE824gKn38CPHgiDg
cut the cord,shinedown,67.0,,2015-06-29,,,0.0,0.0,0.447,0.966,0.533,-2.966,178.105,224596.0,0.00349,0.089,0.000198,0.312,4LFBVDJV0xpayUvquQVzhS
cyanide - lofi remix,the chainsmokers,0.0,,2022-05-13,80.0,21360805.0,0.0,0.0,0.615,0.387,0.099,-11.857,109.994,161512.0,0.636,0.0292,0.912,0.12,5NWtuvJCqWt5GVAlKGCgI8
cyanide sweet tooth suicide - live from washington state,shinedown,25.0,,2011-04-18,,,0.0,0.0,0.439,0.998,0.0382,-1.854,131.059,217520.0,3.58e-05,0.249,0.000203,0.218,7JHzUO9nzB5N4d3xMAxKim
cybertruck,bad bunny,71.0,,2023-10-13,95.0,102500980.0,0.0,1.0,,,,,,,,,,,4Jc7252S1P99DjQ1lNGEOc
cúrame,rauw alejandro,79.0,,2021-06-05,88.0,31093918.0,0.0,0.0,0.765,0.625,0.262,-3.599,102.101,164705.0,0.584,0.0548,0.00111,0.112,1FlL8ycld6uVDDyhV7P5FA
d rose,lil pump,55.0,,2017-06-09,61.0,7569701.0,0.0,0.0,0.781,0.553,0.308,-4.277,121.968,135497.0,0.201,0.0735,0.000233,0.383,1fEl5TPKRJAsuP6TqZ23hB
d-7 - live at the bbc,nirvana,26.0,,1991-09-26,81.0,23398010.0,0.0,0.0,,,,,,,,,,,79VG6XhwYMOXWnik0sec1N
d.a.m.,fetty wap,51.0,,2015-09-25,70.0,5124204.0,0.0,0.0,0.697,0.676,0.372,-3.51,136.01,225866.0,0.00752,0.0395,0.0,0.0898,1QsILO369FaBdl6V9YNFGl
d.d.,the weeknd,52.0,,2012-11-13,93.0,112957721.0,0.0,1.0,,,,,,,,,,,1JVDTuD60L2oSz9D6TlQiq
d.m.b.,a$ap rocky,54.0,,2022-05-05,82.0,17326256.0,0.0,0.0,,,,,,,,,,,7IBLt4Qarf4JDLxIQDv2O5
daddy,psy,62.0,,2015-12-01,62.0,1819211.0,0.0,0.0,,,,,,,,,,,1eMVXXpNPEUdFRy5ZH7FpM
daddy lessons,beyoncé,60.0,,2016-04-23,84.0,41172203.0,0.0,0.0,,,,,,,,,,,71OvX5NNLrmz7rpq1ANTQn
dadz love,justin bieber,61.0,,2025-07-11,91.0,85008100.0,0.0,0.0,,,,,,,,,,,2qqylaMQ54zfveakMkDULI
daisies,justin bieber,91.0,,2025-07-11,91.0,85008100.0,0.0,0.0,,,,,,,,,,,5BZsQlgw21vDOAjoqkNgKb
daisies,katy perry,55.0,,2020-05-15,83.0,38400585.0,0.0,0.0,,,,,,,,,,,4uqh9bualXNHXXwO2wPorc
daisy,zedd,48.0,,2015-05-15,73.0,6111369.0,0.0,0.0,0.586,0.598,0.201,-5.774,112.067,174413.0,0.124,0.0359,0.0,0.151,4ccQmBycgXDYtIA7Z1i32V
dame (with chayanne) - touch me,jennifer lopez,31.0,,2001-01-23,74.0,13710072.0,0.0,1.0,,,,,,,,,,,46EfzGWwD2qoRygDaUZW8H
dance (a$$) remix,big sean,60.0,,2011-01-01,74.0,11542638.0,0.0,0.0,,,,,,,,,,,3ZAMtgYJFoHwJjFkhkXqKr
dance again,selena gomez,0.0,,2021-06-08,81.0,53267200.0,0.0,0.0,0.784,0.552,0.464,-7.261,111.984,170498.0,0.0447,0.0874,0.0,0.196,7uWHmvFjivPp1w4wQYf2B7
dance in the dark,lady gaga,61.0,,2009-11-05,89.0,42275793.0,0.0,1.0,0.639,0.751,0.14,-6.358,120.992,288960.0,2.97e-05,0.0324,4.96e-05,0.163,4Vclf2L3pVnm75lYsq97VH
dance monkey,tones and i,73.0,,2019-08-29,69.0,3006445.0,0.0,0.0,,,,,,,,,,,2XU0oxnq2qxCpomAAuJY8K
dance the night - from barbie the album,dua lipa,80.0,,2023-05-25,85.0,46891061.0,0.0,0.0,,,,,,,,,,,1vYXt7VSjH9JIM5oRRo7vA
dance till we die,lana del rey,52.0,,2021-03-19,88.0,51773650.0,0.0,0.0,,,,,,,,,,,6TZitk9QD7531Jl1TT7TeH
dance with me,jennifer lopez,23.0,,2001-01-23,74.0,13708054.0,0.0,1.0,,,,,,,,,,,0Grh6sxPOqDOVJyTJV3sVg
"dance, dance",fall out boy,77.0,,2005,77.0,11415609.0,0.0,0.0,0.622,0.961,0.449,-3.198,114.452,180266.0,0.00523,0.154,0.0,0.0854,0a7BloCiNzLDD9qSQHh5m7
"dance, dance, dance",the beach boys,26.0,,1965-03-08,,,0.0,0.0,0.508,0.844,0.55,-7.03,148.202,124146.0,0.218,0.0552,2.36e-06,0.0607,107Rm04DaGWg6GqFILZ5W5
"dancing in the dark - from the home"" soundtrack""",rihanna,64.0,,2015-03-23,90.0,68997177.0,,,,,,,,,,,,,5J4WHWFvEWRd2FBVhcTcmi
dancing in the flames,the weeknd,75.0,,2024-09-13,94.0,112995439.0,0.0,1.0,,,,,,,,,,,7z7kvUQGwlC6iOl7vMuAr9
dancing with a stranger (with normani),sam smith,73.0,,2019-01-11,81.0,26275803.0,0.0,0.0,,,,,,,,,,,6Qs4SXO9dwPj5GKvVOv8Ki
dancing with a stranger (with normani) - acoustic,sam smith,55.0,,2019-02-15,81.0,26272346.0,0.0,0.0,,,,,,,,,,,29f11nLUcMYQ2Ndbnb7N0o
dancing with a stranger - live from the royal albert hall,sam smith,29.0,,2023-04-12,81.0,26278854.0,0.0,0.0,,,,,,,,,,,7BazXL0aiygMDuV2Ycx6aU
dancing with our hands tied,taylor swift,72.0,,2017-11-10,100.0,145396321.0,0.0,0.0,,,,,,,,,,,7I7JbDv63ZJJsSi24DyJrz
dancing with the devil,demi lovato,2.0,,2021-03-26,77.0,27289523.0,0.0,0.0,0.392,0.642,0.129,-5.813,75.279,243992.0,0.269,0.0431,0.0,0.11,2Wpr8kAVSHp5RvTXhBWtwp
dandelion,ariana grande,50.0,,2025-03-28,90.0,107401919.0,0.0,0.0,,,,,,,,,,,5G6fY8QYk5azqSRGI9FMpa
danger,bts,66.0,,2014-08-20,,,0.0,0.0,0.736,0.858,0.3735,-3.8979999999999997,112.006,245475.0,0.00091,0.0861,0.000228,0.2655,0Q53fuiKLGjDKD7Mme7EoQ
dangerous woman,ariana grande,80.0,,2016-04-01,90.0,107401919.0,0.0,0.0,,,,,,,,,,,1OhstguCoBQ4SXT8ugSmOl
dani california,red hot chili peppers,79.0,,2006-05-09,82.0,23218829.0,0.0,0.0,0.556,0.913,0.73,-2.36,96.184,282160.0,0.0193,0.0437,8.59e-06,0.346,10Nmj3JCNoMeBQ87uw5j8k
daniel,elton john,67.0,,1973-01-20,80.0,15542286.0,0.0,0.0,0.688,0.477,0.897,-11.945,132.071,234666.0,0.38,0.029,4.93e-05,0.0864,1BvJmtaXsqtH438BcDPeBb
dare,gorillaz,83.0,,2005-05-23,82.0,14505359.0,0.0,0.0,,,,,,,,,,,4Hff1IjRbLGeLgFgxvHflk
dare (la la la),shakira,51.0,,2014-03-21,85.0,39798156.0,0.0,1.0,,,,,,,,,,,2g1jbrVOuX488h5ILA1Cb2
dark but just a game,lana del rey,58.0,,2021-03-19,88.0,51773650.0,0.0,0.0,,,,,,,,,,,1dBBmAddRRIw6GwF7dPz6z
dark horse,katy perry,74.0,,2013-10-18,83.0,38385499.0,0.0,0.0,,,,,,,,,,,5jrdCoLpJSvHHorevXBATy
dark knight dummo,trippie redd,2.0,,2018-08-10,80.0,11004914.0,0.0,0.0,,,,,,,,,,,4apiNNK0jp9uqn3JDG9My1
dark necessities,red hot chili peppers,76.0,,2016-06-17,83.0,23226759.0,0.0,0.0,0.7,0.742,0.197,-6.777,91.959,302000.0,0.0722,0.0716,0.0199,0.11,2oaK4JLVnmRGIO9ytBE1bt
dark paradise,lana del rey,71.0,,2011-01-01,88.0,51798111.0,0.0,0.0,,,,,,,,,,,349XIp8EgHWJiIg5K0CUft
dark red,steve lacy,4.0,,2017-02-20,77.0,6429788.0,0.0,0.0,,,,,,,,,,,37y7iDayfwm3WXn5BiAoRk
dark times,the weeknd,60.0,,2015-08-28,94.0,112995439.0,0.0,1.0,,,,,,,,,,,6J7PIkhtHwmFjPLq0SyuPj
darlin,avril lavigne,39.0,,2011-03-08,76.0,12004691.0,0.0,0.0,,,,,,,,,,,4BD4TlnlEbqcK1ZKXamN6k
darlin',the beach boys,57.0,,1968-08-19,,,0.0,0.0,0.63,0.661,0.953,-7.465,126.975,134560.0,0.00533,0.0263,1.45e-05,0.162,4BcAcEbp6j6luowfAliUfW
daughters,john mayer,67.0,,2004-08-24,,,0.0,0.0,0.674,0.413,0.503,-7.816,124.893,237906.0,0.836,0.0274,1.95e-05,0.098,5FPnjikbwlDMULCCCa6ZCJ
david,lorde,78.0,,2025-06-27,80.0,10541250.0,0.0,0.0,,,,,,,,,,,6ghDayhHeBXAP4OOnnrFW9
day 'n' nite (nightmare),kid cudi,70.0,,2009-01-01,78.0,7685474.0,0.0,0.0,,,,,,,,,,,60PAzFNW3vAiAiVK6DRJfB
day drinking,little big town,0.0,,2014-06-03,60.0,2881528.0,0.0,0.0,0.591,0.959,0.86,-2.515,163.883,178840.0,0.103,0.057,0.0,0.779,7thLVTvGXOpJcMEmQPNxU8
day one,carly pearce,1.0,,2021-09-17,,,0.0,0.0,0.674,0.603,0.524,-6.704,121.969,210699.0,0.267,0.0452,0.0,0.108,2U2hAcbYfk05ESxrpk3vmu
day tripper,the beatles,66.0,,1966-12-10,82.0,30721676.0,0.0,0.0,0.653,0.752,0.7144999999999999,-9.4955,137.5925,169306.5,0.1185,0.0302,2.095e-06,0.1575,29b2b96jozyD9GPCkOrVLs
daydreamer,adele,54.0,,2007,83.0,66734917.0,0.0,0.0,0.807,0.105,0.372,-13.188,109.014,220506.0,0.964,0.0412,0.0,0.103,0SA1xt4HUX5ny8xfgHOqQI
daydreamin',ariana grande,67.0,,2013-01-01,90.0,107401919.0,0.0,0.0,,,,,,,,,,,2CcQDI2IDhHbmBIFup58JE
daydreaming,harry styles,65.0,,2022-05-20,80.0,34136120.0,0.0,0.0,,,,,,,,,,,69w5X6uTrOaWM32IetSzvO
daylight,david kushner,17.0,,2023-04-14,70.0,2768544.0,0.0,0.0,,,,,,,,,,,1odExI7RdWc4BT515LTAwj
daylight,harry styles,68.0,,2022-05-20,80.0,34133561.0,0.0,0.0,,,,,,,,,,,51Zw1cKDgkad0CXv23HCMU
daylight,maroon 5,64.0,,2012-01-01,85.0,45764832.0,0.0,1.0,,,,,,,,,,,6TwfdLbaxTKzQi3AgsZNzx
daylight,taylor swift,80.0,,2019-08-23,100.0,145396321.0,0.0,0.0,,,,,,,,,,,1fzAuUVbzlhZ1lJAx9PtY6
days before rodeo: the prayer,travis scott,57.0,,2014-08-18,89.0,41107596.0,0.0,1.0,,,,,,,,,,,6TQwgRWmnovDECDrHVOxlY
days like these,luke combs,75.0,,2025-10-03,83.0,13402920.0,0.0,0.0,,,,,,,,,,,5E2y5TSb2RJNCO01QjkgLf
days we had,powfu,49.0,,2018-07-03,66.0,1474124.0,0.0,0.0,0.753,0.213,0.0994,-16.195,129.987,242808.0,0.158,0.0476,0.0196,0.0913,0JmaAWXXjqAlce46xjNl6y
dead flowers - 2009 mix,the rolling stones,59.0,,1994,77.0,15714574.0,0.0,0.0,0.54,0.862,0.931,-4.599,130.34,244533.0,0.33,0.0284,1.7e-05,0.156,3oJtUnnt5uYPtzulIbLw3D
dead to me,kali uchis,74.0,,2018-04-06,83.0,9469943.0,0.0,0.0,,,,,,,,,,,6LOZws7T3jqZz78unPgFF9
dead to me,melanie martinez,3.0,,2014-05-19,75.0,22219090.0,0.0,0.0,0.538,0.692,0.57,-5.622,139.746,210120.0,0.702,0.0721,0.0,0.344,6g58dbXCMURHIjtYhbVzf3
dead!,my chemical romance,70.0,,2007-07-09,78.0,10298850.0,0.0,0.0,0.481,0.973,0.362,-1.945,99.331,195520.0,0.0037,0.0542,0.000877,0.325,0uukw2CgEIApv4IWAjXrBC
dealer,lana del rey,71.0,,2021-10-22,88.0,51821190.0,0.0,0.0,,,,,,,,,,,7iqQz931tn59mK6IZ3knRx
dear darlin',olly murs,57.0,,2012-11-26,62.0,3186602.0,0.0,0.0,,,,,,,,,,,0s0JMUkb2WCxIJsRB3G7Hd
dear god,tate mcrae,68.0,,2025-02-21,88.0,9265406.0,0.0,0.0,,,,,,,,,,,16h03SmAjgMQacOa7j9bFy
dear mama,2pac,72.0,,1995,78.0,22549768.0,0.0,0.0,0.773,0.54,0.322,-7.123,84.115,280000.0,0.371,0.103,0.0,0.131,6tDxrq4FxEL2q15y37tXT9
dear prudence,the beatles,59.0,,2010,82.0,30721676.0,0.0,0.0,0.388,0.529,0.332,-10.533,150.721,235773.0,0.16,0.0436,0.0681,0.108,5NQYyej46WQkgCbnzGD21W
death bed (coffee for your head),powfu,81.0,,2024-11-01,66.0,1474124.0,0.0,0.0,0.726,0.431,0.348,-8.765,144.026,173333.0,0.731,0.135,0.0,0.696,7eJMfftS33KTjuF7lTsMCx
death by a thousand cuts,taylor swift,71.0,,2019-08-23,100.0,145396321.0,0.0,0.0,,,,,,,,,,,2dgFqt3w9xIQRjhPtwNk3D
deck the halls,nat king cole,1.0,,2000,,,0.0,0.0,0.6528181818181819,0.40900000000000003,0.9678181818181817,-10.755545454545453,107.33018181818183,68912.72727272728,0.6847272727272727,0.042927272727272724,5.9272727272727275e-06,0.13522727272727272,0EVdA5dNCFLvYtZyHSJkZy
decode,paramore,77.0,,2008-11-04,79.0,9792848.0,0.0,0.0,0.28,0.87,0.284,-4.219,164.057,261959.0,0.000686,0.0592,0.00608,0.101,1ZLtE9tSJdaUiIJ9YoKHQe
deep end (lil baby & gunna),lil baby,50.0,,2018-10-05,84.0,21656185.0,0.0,0.0,,,,,,,,,,,16QjPRt5HYK0dnLGmGRCvf
defying gravity,idina menzel,46.0,,2014-11-10,68.0,570812.0,0.0,0.0,0.295,0.691,0.178,-4.322,151.598,226066.0,0.00564,0.0307,0.0,0.162,5KAgETMr8CnOXDy9K0womp
deja vu,j. cole,67.0,,2016-12-09,82.0,27073781.0,0.0,0.0,,,,,,,,,,,6I6NX6tjGsxFAsIfGzY9lJ
deja vu,olivia rodrigo,85.0,,2021-04-02,84.0,49050008.0,0.0,0.0,0.442,0.612,0.178,-7.222,180.917,215506.0,0.584,0.112,5.7e-06,0.37,6HU7h9RYOaPRFeh0R3UeAr
deja vu,post malone,65.0,,2016-12-09,86.0,47720209.0,0.0,0.0,,,,,,,,,,,0H8XeaJunhvpBdBFIYi6Sh
delicate,taylor swift,81.0,,2017-11-10,100.0,145396321.0,0.0,0.0,,,,,,,,,,,6NFyWDv5CjfwuzoCkw47Xf
dem sell we out,popcaan,20.0,,2010-04-13,,,0.0,0.0,0.738,0.718,0.46,-3.166,98.332,136646.0,0.269,0.309,0.0,0.0912,5QdyS3AH83MKFLn5KmRABQ
demolition lovers,my chemical romance,62.0,,2002-07-23,78.0,10298850.0,0.0,0.0,0.38,0.797,0.206,-9.091,118.64,366560.0,0.00184,0.057,1.42e-05,0.208,16Fp67kTFhH0XK5Cl6Oz7r
demon fire,ac/dc,61.0,,2024,,,0.0,0.0,0.521,0.881,0.564,-5.309,160.026,210360.0,4.93e-06,0.0387,0.0114,0.141,6jtUOVRO4p09Z7E35ERRL7
demons,imagine dragons,84.0,,2012-09-04,85.0,58375520.0,0.0,0.0,0.501,0.71,0.4208,-3.015,89.9308,177506.0,0.19,0.03354,0.00025,0.269,0e4tZcTc4B8kga4ayyEp5R
depressed,anne-marie,69.0,,2025-09-19,75.0,12848260.0,0.0,0.0,,,,,,,,,,,1kO8TSZU0ORR4eJpirLPGW
depression & obsession,xxxtentacion,71.0,,2022,,,0.0,0.0,0.769,0.156,0.527,-10.7,105.95,144733.0,0.585,0.035,0.015,0.102,2H3wWrnO758y0fPH7Ilerg
deserve you,justin bieber,62.0,,2021-03-19,91.0,85022258.0,0.0,0.0,,,,,,,,,,,5NU40QTlXrDUJzDBdv79bg
desire (with sam smith),calvin harris,69.0,,2023-07-28,84.0,23079295.0,0.0,0.0,,,,,,,,,,,22dUzMFttcR3uU17NcOAIv
despacito,luis fonsi,80.0,,2019-02-01,73.0,10981084.0,0.0,0.0,0.655,0.797,0.839,-4.787,177.928,229360.0,0.198,0.153,0.0,0.067,6habFhsOp2NvshLv26DqMb
despacito - remix,luis fonsi,70.0,,2017-09-01,73.0,10982585.0,0.0,0.0,0.653,0.816,0.816,-4.353,178.085,228826.0,0.228,0.167,0.0,0.0967,6rPO02ozF3bM7NnOV4h6s2
desperado,rihanna,69.0,,2016-01-28,90.0,68997177.0,0.0,1.0,,,,,,,,,,,4mCf3vQf7z0Yseo0RxAi3V
desperado - 2013 remaster,eagles,68.0,,1973-04-17,75.0,12152190.0,0.0,0.0,0.228,0.224,0.18,-12.749,60.3,213712.0,0.946,0.0311,0.000222,0.273,2TjnCxxQRYn56Ye8gkUKiW
después de la playa,bad bunny,74.0,,2022-05-06,95.0,102571645.0,0.0,1.0,,,,,,,,,,,1dm6z1fWB0cErMszU25dy2
deuces,chris brown,73.0,,2011-03-22,87.0,28316378.0,0.0,0.0,,,,,,,,,,,6wN4nT2qy3MQc098yL3Eu9
devil,shinedown,65.0,,2018-03-07,,,0.0,0.0,0.354,0.942,0.242,-3.245,119.992,207986.0,0.00039,0.237,6.36e-06,0.431,2hEYslbdYWFSIA6JboUvnR
devil i've been,post malone,58.0,,2024-08-15,86.0,47722935.0,0.0,0.0,,,,,,,,,,,149r4BNMXwFRWjPYcKNNgc
devil in a new dress,kanye west,78.0,,2010-11-22,89.0,31052119.0,0.0,0.0,,,,,,,,,,,1UGD3lW3tDmgZfAVDh6w7r
devil is a lie,tommy richman,72.0,,2024-06-14,68.0,938200.0,0.0,0.0,,,,,,,,,,,6jlG8gBPNAgBgoivw2Ig09
devotion,justin bieber,72.0,,2025-07-11,91.0,85008100.0,0.0,0.0,,,,,,,,,,,4uyBm26e7ElRigCH6vRbpc
devour,shinedown,25.0,,2011-04-18,,,0.0,0.0,0.337,0.981,0.228,-3.54,176.995,229973.0,6.68e-05,0.141,0.000717,0.0697,3374WtLJ1MFb0KomobKchE
devour - live from washington state,shinedown,27.0,,2011-04-18,,,0.0,0.0,0.4,0.998,0.0384,-2.319,88.458,236213.0,0.000107,0.0997,0.0501,0.983,5xiAcvS8jPpJaaSv1BWAGa
di saat badai,disciples,29.0,,2013-02-03,,,0.0,0.0,0.775,0.613,0.534,-7.019,94.015,212826.0,0.566,0.0416,1.14e-05,0.0914,1pG91KqhQR2otR6fdNwgNf
di saat badai - live,disciples,29.0,,2013-02-03,,,0.0,0.0,0.586,0.786,0.422,-5.958,95.023,363786.0,0.214,0.038,0.0,0.309,2wIRaa36K2NibZiJYw91X7
dia das bruxas dos tubarões,pinkfong,0.0,,2020-07-24,,,0.0,0.0,0.612,0.603,0.645,-5.641,138.229,98165.0,0.404,0.444,0.0,0.0532,3EO3cMQ2t9nL2W371uiyOJ
dia dos mortos com o bebê tubarão,pinkfong,0.0,,2022-10-21,,,0.0,0.0,0.862,0.743,0.741,-4.264,123.895,97832.0,0.611,0.45,0.0,0.365,5Ul8ONwcQGBNpV920D3fDF
diamond eyes (boom-lay boom-lay boom),shinedown,64.0,,2008-06-24,,,0.0,0.0,0.516,0.884,0.448,-3.706,107.96,336112.0,0.000254,0.0448,0.000347,0.0478,1PLMK1ui86iHHG3FM1N7ue
diamonds,rihanna,72.0,,2012-01-01,90.0,69014420.0,0.0,1.0,,,,,,,,,,,1z9kQ14XBSN0r2v6fx4IdG
diamonds,sam smith,66.0,,2020-10-30,81.0,26275803.0,0.0,0.0,0.653,0.667,0.556,-6.764,104.181,213869.0,0.154,0.0423,0.0,0.107,1hJIbOjWpid6LtnozHmzRS
did it again,shakira,0.0,,2009-06-30,85.0,39777995.0,0.0,1.0,,,,,,,,,,,3RaqIAipLoQLVVNm41IMnJ
did it first (with central cee),ice spice,67.0,,2024-07-11,69.0,4787436.0,0.0,0.0,,,,,,,,,,,57lsYy0OZLNb5OQ7fEa3Hs
did you know that there's a tunnel under ocean blvd,lana del rey,67.0,,2023-03-24,88.0,51821190.0,0.0,0.0,,,,,,,,,,,0HEzuLLojblUOaUSdmJ9gl
didn't i,onerepublic,59.0,,2021-08-27,,,0.0,0.0,0.6093333333333333,0.611,0.24733333333333332,-6.749333333333333,123.943,207616.0,0.018466666666666666,0.031133333333333332,0.0,0.125,1HWaIZ9Tf67sTXOhyiUuon
die a happy man,thomas rhett,72.0,,2015-01-01,73.0,4984665.0,0.0,0.0,0.5925,0.389,0.3945,-9.245,166.05349999999999,227873.0,0.4145,0.0368,1.435e-06,0.1165,3oJcdlAbl6jAD0JNHhrlsl
die for me,post malone,69.0,,2019-09-06,85.0,47716988.0,0.0,0.0,,,,,,,,,,,2C6WXnmZ66tHhHlnvwePiK
die for you,joji,78.0,,2022-11-04,81.0,10645550.0,0.0,0.0,,,,,,,,,,,00WLowvlN5cjkYpQV6pjo4
die for you,justin bieber,58.0,,2021-03-19,91.0,85008100.0,0.0,0.0,,,,,,,,,,,7aely3H8kMj9o0gt6vXHE1
die for you,the weeknd,86.0,,2016-11-24,94.0,112995439.0,0.0,1.0,0.582,0.525,0.51,-7.163,133.249,260253.0,0.111,0.0627,0.0,0.134,2Ch7LmS7r2Gy2kc64wv3Bz
die for you (with ariana grande) - remix,the weeknd,74.0,,2023-03-14,94.0,112995439.0,0.0,1.0,,,,,,,,,,,4W4fNrZYkobj539TOWsLO2
die for you - remix,the weeknd,72.0,,2023-02-24,93.0,112957721.0,0.0,1.0,,,,,,,,,,,7oDd86yk8itslrA9HRP2ki
die hard,kendrick lamar,2.0,,2022-05-13,89.0,44592005.0,0.0,1.0,,,,,,,,,,,6gI9b2VsoWhjhIuIeToDVs
die with a smile,lady gaga,91.0,,2024-08-16,89.0,42275793.0,0.0,1.0,,,,,,,,,,,2plbrEY59IikOBgBGLjaoe
die young,kesha,79.0,,2012-11-30,78.0,9156883.0,0.0,0.0,,,,,,,,,,,6mnjcTmK8TewHfyOp3fC9C
die4guy,playboi carti,59.0,,2020-12-25,86.0,15031490.0,0.0,0.0,,,,,,,,,,,7rbalRuIx7sIXFHYTphE0n
diet mountain dew,lana del rey,77.0,,2011-01-01,88.0,51798111.0,0.0,0.0,,,,,,,,,,,2vtmY2mSccRzKGjtcHSzI3
"different class, same boat",powfu,49.0,,2019-06-20,66.0,1474124.0,0.0,0.0,0.766,0.488,0.176,-7.161,135.071,179555.0,0.097,0.0455,0.0,0.0971,2S5CxAm0tPTUQeaVwCXCil
difficult,gracie abrams,72.0,,2022-10-07,82.0,7403257.0,0.0,0.0,0.599,0.59,0.402,-9.135,146.022,257881.0,0.432,0.0645,6.54e-06,0.397,3JiaA3hvuKu4Fjf6AWwVMX
dime,sombr,68.0,,2025-08-22,85.0,2795852.0,0.0,0.0,,,,,,,,,,,1GxLgrcumcN3TpWnrYQ9pV
dimple,bts,72.0,,2017-09-18,85.0,81189603.0,0.0,0.0,0.612,0.844,0.652,-4.694,134.872,196776.0,0.14,0.0757,0.0,0.289,1rLkzFZdokhx6Wcs80uvnw
dionysus,bts,68.0,,2023-06-20,,,0.0,0.0,0.502,0.91,0.588,-2.769,176.084,249215.0,0.04,0.107,0.0,0.319,2Wkm4JBcIV2uSuu4qlbqFN
dior,pop smoke,76.0,,2019-07-26,76.0,15616692.0,0.0,0.0,,,,,,,,,,,79s5XnCN4TJKTVMSmOx8Ep
dirrty,christina aguilera,66.0,,2002-07-19,76.0,9247395.0,0.0,0.0,,,,,,,,,,,59ZTxQo8rBycIXPLUIKvE2
dirt,florida georgia line,60.0,,2014-10-14,70.0,5588772.0,0.0,0.0,,,,,,,,,,,5CXnIPD6rTjszYYQm6fY2P
dirt on my boots,jon pardi,40.0,,2016-06-17,73.0,2338518.0,0.0,0.0,0.683,0.796,0.533,-4.179,90.031,201893.0,0.112,0.0284,0.0,0.197,0flKOLkgpWup1pH16EVaPO
dirt road anthem,jason aldean,74.0,,2010-11-02,75.0,7054208.0,0.0,0.0,,,,,,,,,,,2qYsSHsYkihWx043HVJQRV
dirt road diary,luke bryan,46.0,,2013-01-01,74.0,9407321.0,0.0,0.0,,,,,,,,,,,44CrEafj3AU5cquvEi1tBg
dirty deeds done dirt cheap,ac/dc,74.0,,1996,,,0.0,0.0,0.668,0.906,0.507,-4.881,135.653,231933.0,0.214,0.17,0.00245,0.135,2d4e45fmUnguxh6yqC7gNT
dirty diana,michael jackson,71.0,,1979-06-30,84.0,37417943.0,0.0,0.0,,,,,,,,,,,6JZYMxvcoeLD4IifJPvDux
dirty diana - 2012 remaster,michael jackson,65.0,,1987-08-31,85.0,37446069.0,0.0,0.0,0.735,0.801,0.331,-4.525,131.425,280946.0,0.178,0.0437,0.000408,0.324,0AcgKF7kbSoCkh3n7vlHwK
dirty little secret,artemas,65.0,,2024-07-11,74.0,1377042.0,0.0,0.0,,,,,,,,,,,1lau6K2YSP5APtkzNJxVyB
dirty little secret,the all-american rejects,66.0,,2005-04-28,67.0,3134091.0,0.0,0.0,0.46399999999999997,0.955,0.47350000000000003,-4.2565,143.859,193866.5,0.00032700000000000003,0.044,2.8199999999999997e-06,0.48450000000000004,2vYGlPIhtLGM23rXY8hfgX
dirty mind,3oh!3,63.0,,2011-12-20,,,0.0,0.0,0.642,0.861,0.582,-3.837,92.912,197601.0,0.0318,0.294,0.0,0.23,0R97k5AJy1udJI6mGV82FJ
dirty paws,of monsters and men,70.0,,2013-12-10,,,0.0,0.0,0.359,0.649,0.133,-7.06,111.709,278373.0,0.107,0.0349,0.0124,0.0555,5g7rJvWYVrloJZwKiShqlS
dis-ease,bts,69.0,,2025-07-18,,,0.0,0.0,0.731,0.845,0.484,-5.352,101.085,239722.0,0.0132,0.132,0.0,0.0782,0hxeouHqP3qzpTHerA7ha2
disco heaven,lady gaga,44.0,,2009-11-05,89.0,42275793.0,0.0,1.0,,,,,,,,,,,1bf8vfTALRGvfj6tUgFlGh
disco maghreb,dj snake,64.0,,2022-09-23,,,0.0,0.0,0.655,0.923,0.45,-3.5,99.961,184799.0,0.0581,0.216,0.00259,0.382,0RVmOh80HfpuygCBt2d1va
disco tits,tove lo,57.0,,2017-09-07,72.0,3676957.0,0.0,0.0,0.79,0.728,0.333,-6.523,110.059,223794.0,0.025,0.0612,0.00106,0.172,1TIiWomS4i0Ikaf9EKdcLn
disease,lady gaga,70.0,,2024-10-25,89.0,42275793.0,0.0,1.0,,,,,,,,,,,19KlZwqlT3fguP2BeHF1Q1
disenchanted,my chemical romance,65.0,,2008-07-01,78.0,10298850.0,0.0,0.0,0.343,0.692,0.153,-3.926,174.07,295000.0,0.00218,0.0355,0.0,0.112,6T7MAQCekVb3UnCykjX3BP
distance,onerepublic,51.0,,2021-08-27,,,0.0,0.0,0.611,0.766,0.713,-5.686,150.956,180352.0,0.112,0.0634,7.13e-06,0.195,2l3gQ8Zv1KlGqyE6B4ntPC
distraction,polo g,56.0,,2022-06-03,76.0,13056061.0,0.0,0.0,,,,,,,,,,,1oc92BMKYkNxK17C2GtyRM
disturbia,rihanna,81.0,,2008-06-02,90.0,68997177.0,0.0,1.0,,,,,,,,,,,2VOomzT6VavJOGBeySqaMc
ditto,newjeans,79.0,,2022-12-19,77.0,11611877.0,0.0,0.0,,,,,,,,,,,3r8RuvgbX9s7ammBn07D3W
diva,beyoncé,70.0,,2008-06-30,84.0,41172203.0,0.0,0.0,,,,,,,,,,,6GQuF9vzJAVs7fYN9ftBdP
dive,ed sheeran,78.0,,2017-03-03,88.0,122773292.0,0.0,0.0,,,,,,,,,,,51ChrwmUPDJvedPQnIU8Ls
dive,nirvana,57.0,,1991,81.0,23384088.0,0.0,0.0,0.425,0.837,0.441,-10.096,128.13,235000.0,2.04e-06,0.0318,0.366,0.108,6G2baGa99QcqUUTmkEgeZl
dive - smart sessions,nirvana,20.0,,1991-09-26,81.0,23391272.0,0.0,0.0,,,,,,,,,,,1e7ns2XRPahqlObuBvZGr2
dixieland delight - live,riley green,42.0,,2022-03-25,75.0,1372158.0,0.0,0.0,0.254,0.909,0.437,-6.556,94.32,330939.0,0.00112,0.0713,0.000334,0.925,4mbwslolhrTX8PlqGmZ8WE
dj got us fallin' in love,usher,83.0,,2010-03-30,80.0,13749886.0,0.0,1.0,,,,,,,,,,,4356Typ82hUiFAynbLYbPn
dna,bts,73.0,,2017-04-10,85.0,81189603.0,0.0,0.0,0.5976666666666667,0.7680000000000001,0.6903333333333332,-4.180666666666666,129.86166666666668,223228.33333333334,0.02273333333333333,0.05463333333333333,0.0,0.0691,2Ygw4CPjg1lg4zxTITYY2V
dna (pedal 2 la mix),bts,49.0,,2018-08-24,85.0,81189603.0,0.0,0.0,,,,,,,,,,,0RFxljd297sk7sKm5ZDD5J
dna.,kendrick lamar,77.0,,2017-04-14,89.0,44577310.0,0.0,1.0,,,,,,,,,,,6HZILIRieu8S0iqY8kIKhj
do for love,2pac,75.0,,1998,78.0,22549768.0,0.0,0.0,0.874,0.63,0.717,-3.585,95.0,281600.0,0.0578,0.298,0.00479,0.0582,4AE7Lj39VnSZNOmGH2iZaq
do i,luke bryan,33.0,,2009-01-01,74.0,9408174.0,0.0,0.0,,,,,,,,,,,5TJGQSZpO3A1aabRqOuW0E
do i wanna know? - live at the bbc,hozier,72.0,,2014-09-19,82.0,9111905.0,0.0,0.0,,,,,,,,,,,3Tgv4rvWBVwnbmUTlJwzk0
do it again,the beach boys,27.0,,1990,,,0.0,0.0,0.752,0.552,0.888,-6.47,118.04,138948.0,0.534,0.0328,1.59e-05,0.114,7lBMYdsIxaZj1M6rCz78JT
do my thang,miley cyrus,50.0,,2013-10-04,81.0,26561582.0,0.0,0.0,,,,,,,,,,,6n2GPvMJtFZ4ckoc9EWHMx
do re mi,blackbear,73.0,,2017-04-21,,,0.0,0.0,0.745,0.593,0.17,-6.35,111.001,212027.0,0.00522,0.0524,5.06e-06,0.123,6Se3x9ANMLv0dCDsjGmEjh
do you know? (the ping pong song),enrique iglesias,55.0,,2009,77.0,11932306.0,0.0,0.0,0.755,0.765,0.691,-4.328,114.993,218053.0,0.0503,0.0486,0.0,0.0326,4MloswMM3eu7dHZ7MOzW3i
do you want to know a secret,the beatles,60.0,,2011-07,82.0,30721676.0,0.0,0.0,0.673,0.349,0.609,-12.414,124.451,117013.0,0.608,0.0368,0.0,0.38,7Aobt67JnaF7qN8jCCKvHq
does it mean i love u,friends & i,61.0,,2021-05-14,,,0.0,0.0,0.691,0.714,0.242,-7.568,108.005,150000.0,0.0309,0.0358,0.54,0.302,5ixnguUMnrlwoUH7hhb6gQ
dog,john martin,49.0,3000.0,2020-10-08,,,0.0,0.0,0.61,0.42,,-7.43,175.52,383253.0,,,0.226,,TRK-06AE8C9E5627
doggone,tim mcgraw,1.0,,2020-08-21,,,0.0,0.0,0.629,0.538,0.353,-7.386,121.256,215906.0,0.416,0.029,1.07e-05,0.107,6m239N2EPkMYkN5unIYT9F
dogtooth,"tyler, the creator",67.0,,2023-03-27,86.0,24451340.0,0.0,0.0,,,,,,,,,,,0judK8TqYfvwUohBngUxrE
doin' time,lana del rey,76.0,,2019-08-30,88.0,51821190.0,0.0,0.0,0.641,0.559,0.523,-11.132,144.982,202192.0,0.404,0.0355,0.00402,0.0937,0Oqc0kKFsQ6MhFOLBNZIGX
dollhouse,melanie martinez,72.0,,2014-04-22,75.0,22219090.0,0.0,0.0,0.725,0.708,0.555,-5.331,130.029,231853.0,0.22,0.0756,0.0,0.777,6wNeKPXF0RDKyvfKfri5hf
dollhouse (with lily rose depp),the weeknd,64.0,,2023-07-03,93.0,112957721.0,0.0,1.0,,,,,,,,,,,5HUQPQ9E1a4er4UhB8C7Rc
domino,jessie j,76.0,,2011-01-01,71.0,12192383.0,0.0,0.0,,,,,,,,,,,2fQxE0jVrjNMT9oJAXtSJR
domino,stray kids,70.0,,2021-08-23,,,0.0,0.0,0.687,0.866,0.696,-2.01,160.066,198720.0,0.0301,0.0466,0.0,0.0755,6Ib6RkvLBMD85bov85apSL
don't,bryson tiller,83.0,,2015-10-02,80.0,10566213.0,0.0,0.0,,,,,,,,,,,3pXF1nA74528Edde4of9CC
don't,ed sheeran,71.0,,2014-06-21,88.0,122773292.0,0.0,0.0,,,,,,,,,,,1huvTbEYtgltjQRXzrNKGi
don't be cruel,elvis presley,61.0,,1956-07-13,,,0.0,0.0,0.6837500000000001,0.5985,0.81425,-10.10825,84.7835,122646.25,0.795,0.18275,8.6e-06,0.0756,01u6AEzGbGbQyYVdxajxqk
don't be so hard on yourself,jess glynne,46.0,,2015-06-30,73.0,3164627.0,0.0,0.0,,,,,,,,,,,6jF1nHIMESqft9p33tQYPn
don't call tonight,lady gaga,58.0,,2025-09-01,88.0,42256604.0,0.0,1.0,,,,,,,,,,,65vAx13K5AlJ5IEpw2ZcTK
don't cha,the pussycat dolls,28.0,,2005-01-01,69.0,6271129.0,0.0,0.0,,,,,,,,,,,2I8U4alHqlxAZN8Wpc9jf6
don't cry (original),guns n' roses,78.0,,1991-09-17,80.0,35196831.0,0.0,0.0,0.456,0.59,0.243,-8.638,124.635,283733.0,0.00182,0.0327,0.00379,0.104,0ZEhlT9v8CdOKu55zhYGv9
don't cry daddy,elvis presley,57.0,,1969-11-11,,,0.0,0.0,0.44,0.196,0.333,-17.375,85.776,167746.0,0.804,0.0272,8.95e-06,0.179,2eSj0HHwB9aHJQ7zFOu90G
don't go breaking my heart,elton john,53.0,,1990-11-08,80.0,15542286.0,0.0,0.0,,,,,,,,,,,5pKJtX4wBeby9qIfFhyOJj
don't go yet,camila cabello,65.0,,2021-07-23,78.0,35576126.0,0.0,0.0,,,,,,,,,,,1058fW9H3fZA6QjYCdOBad
don't hurt yourself,beyoncé,60.0,,2016-04-23,84.0,41172203.0,0.0,0.0,,,,,,,,,,,78eouBKVRyhbSzJwChr6QM
don't it,billy currington,37.0,,2019-12-20,65.0,2759283.0,0.0,0.0,,,,,,,,,,,22IKKMdS3YT11q0If6nHoD
don't leave me,bts,64.0,,2018-04-04,,,0.0,0.0,0.62,0.778,0.386,-4.622,147.012,227413.0,0.116,0.0724,0.0,0.312,3zIG0WuI5RoJsFYnErkFDU
don't let me down,the beatles,68.0,,1973-04-02,82.0,30721676.0,0.0,0.0,0.593,0.289,0.733,-11.049,77.119,215733.0,0.568,0.0259,0.000829,0.0928,3evG0BIqEFMMP7lVJh1cSf
don't let me down,the chainsmokers,82.0,,2016-02-05,80.0,21360805.0,0.0,0.0,0.532,0.869,0.422,-5.094,159.803,208373.0,0.157,0.172,0.00508,0.136,1i1fxkWeaMmKEB4T7zqbzK
don't let the light go out,panic! at the disco,9.0,,2022-08-16,76.0,12721192.0,0.0,0.0,0.492,0.59,0.179,-4.032,117.63699999999999,229517.0,0.00109,0.0313,0.0023,0.271,0eVyU7CnlKmjzqyC7XNTZk
don't let the sun go down on me,elton john,62.0,,1974-06-24,80.0,15542286.0,0.0,0.0,0.424,0.446,0.354,-8.526,139.701,336733.0,0.121,0.0261,1.89e-06,0.0921,11FcfHd3SOmmrWJPGe7Y30
don't panic,coldplay,70.0,,2000-07-10,88.0,60818952.0,0.0,0.0,,,,,,,,,,,2QhURnm7mQDxBb5jWkbDug
don't say,the chainsmokers,47.0,,2017-04-07,80.0,21360805.0,0.0,0.0,,,,,,,,,,,1pJQAHpD51J7GYaFrrFO9S
don't say goodnight,hot chelle rae,52.0,,2014-02-08,51.0,558316.0,0.0,0.0,0.599,0.791,0.574,-4.975,92.862,211813.0,0.0064,0.0585,0.0,0.0924,5KpBYmEiClvljtwbjEhIJq
don't start now,dua lipa,81.0,,2020-03-27,85.0,46891061.0,0.0,0.0,0.7935000000000001,0.793,0.678,-4.521,123.94550000000001,183290.0,0.012400000000000001,0.08360000000000001,0.0,0.09515000000000001,1AVtceapuF36oZqI9gzp0o
don't stay,linkin park,63.0,,2003-03-25,88.0,31785695.0,0.0,0.0,0.488,0.995,0.679,-3.096,90.058,187933.0,0.00153,0.108,0.0,0.911,2yss0n7KmvmSr4EHvjfFpn
don't stop believin',journey,83.0,,2001-10-16,73.0,6510494.0,0.0,0.0,0.4955,0.775,0.493,-8.088999999999999,119.051,249946.0,0.1885,0.03775,0.0,0.41700000000000004,4bHsxqR3GMrXTxEPLuK5ue
don't stop believin' (2022 remaster),journey,83.0,,1981-07-17,73.0,6507041.0,0.0,0.0,,,,,,,,,,,5RKQ5NdjSh2QzD4MaunT91
don't stop dancing,creed,61.0,,2001-01-19,73.0,4303697.0,0.0,0.0,0.347,0.576,0.139,-4.701,137.622,272866.0,0.00645,0.0322,0.0,0.342,4FzrCRil9uGpGGsnnM0vkE
don't stop me now,queen,82.0,,1978-11-10,82.0,55195235.0,0.0,0.0,0.559,0.868,0.609,-5.276,156.295,209413.0,0.0475,0.17,0.000176,0.776,5T8EDUDqKcs6OSOwEsfqG7
don't stop the music,rihanna,84.0,,2008-06-02,90.0,69050055.0,0.0,1.0,,,,,,,,,,,0ByMNEPAPpOR5H69DVrTNy
don't stop the party,pitbull,69.0,,2012-06-30,84.0,11939612.0,0.0,0.0,,,,,,,,,,,3Tu7uWBecS6GsLsL8UONKn
don't tell 'em,jeremih,75.0,,2015-12-04,73.0,7218544.0,0.0,0.0,,,,,,,,,,,0Dc7J9VPV4eOInoxUiZrsL
don't wake me up,chris brown,62.0,,2012-06-29,87.0,28327351.0,0.0,0.0,,,,,,,,,,,12Ns5IphkblPmHxpRILG9t
don't wanna break up again,ariana grande,70.0,,2024-03-08,90.0,107389514.0,0.0,0.0,,,,,,,,,,,0o3ua5ufFK7nfRzbDUNoGA
don't wanna go home,jason derulo,63.0,,2011-09-16,76.0,12460618.0,0.0,0.0,,,,,,,,,,,1r3myKmjWoOqRip99CmSj1
don't wanna know,maroon 5,70.0,,2016-10-11,85.0,45777722.0,0.0,1.0,,,,,,,,,,,1nueTG77MzNkJTKQ0ZdGzT
don't worry baby,the beach boys,65.0,,2001,,,0.0,0.0,0.487,0.464,0.851,-9.821,121.242,169933.0,0.0666,0.03,0.00531,0.105,1GLmaPfulP0BrfijohQpN5
don't worry bout me,zara larsson,55.0,,2019-03-28,77.0,10911229.0,0.0,0.0,0.752,0.706,0.33,-6.274,125.041,208811.0,0.0797,0.0636,0.000752,0.129,507tQXutCPYNFkpOq8tmKF
don't you remember,adele,72.0,,2011-01-24,83.0,66720643.0,0.0,0.0,0.644,0.4,0.227,-5.713,115.025,243200.0,0.214,0.0304,0.0,0.0866,1CRtJS94Hq3PbBZT9LuF90
don't you wanna stay (with kelly clarkson),jason aldean,0.0,,2010-11-02,74.0,7052478.0,0.0,0.0,,,,,,,,,,,7CZiLgkiVHhFcDkI2Y4lZ4
don't you worry child - radio edit,swedish house mafia,81.0,,2012-09-14,75.0,3948613.0,0.0,0.0,0.612,0.84,0.438,-3.145,129.042,212862.0,0.112,0.0509,0.0,0.116,2V65y3PX4DkRhy1djlxd9p
done for me,charlie puth,70.0,,2018-05-11,80.0,25306511.0,0.0,0.0,,,,,,,,,,,1lsBTdE6MGsKeZCD6llNu7
done with love,zedd,48.0,,2015-05-15,73.0,6111369.0,0.0,0.0,0.579,0.759,0.127,-5.584,127.875,296280.0,0.06,0.0386,0.000138,0.117,0qlAureWHln3vDCsqnkyRE
don’t blame me,taylor swift,82.0,,2018-05-18,100.0,145443567.0,0.0,0.0,0.615,0.534,0.193,-6.719,135.917,236413.0,0.106,0.0386,1.76e-05,0.0607,1R0a2iXumgCiFb7HEZ7gUE
don’t call me angel (charlie’s angels) (with miley cyrus & lana del rey),ariana grande,66.0,,2019-11-01,90.0,107401919.0,,,,,,,,,,,,,6zegtH6XXd2PDPLvy1Y0n2
don’t give up on me,andy grammer,75.0,,2019-07-26,65.0,1334303.0,0.0,0.0,0.64,0.537,0.0676,-5.452,112.868,196187.0,0.0875,0.0282,9.84e-06,0.11,0fiijtFXDJ9MOVwgSaEQJ5
don’t leave me,kodak black,0.0,,2021-05-14,79.0,12474509.0,0.0,0.0,0.765,0.613,0.254,-7.276,159.81,156000.0,0.0512,0.379,0.0,0.205,676A9Z6QiBWPIJm0UB1w61
don’t let me down - first rooftop performance,the beatles,57.0,,1992,82.0,30721676.0,0.0,0.0,0.455,0.502,0.674,-7.539,163.347,209453.0,0.699,0.0493,0.000156,0.094,40XeGNGFchGYw7y0ue1GiG
don’t matter to me (with michael jackson),drake,71.0,,2018-06-29,95.0,103126025.0,0.0,0.0,,,,,,,,,,,6G8kHiVZ1jW7vHMPVRNZU0
don’t mind if i do (ft. ella langley),riley green,71.0,,2024-09-06,75.0,1372158.0,0.0,0.0,,,,,,,,,,,6yIaRllz0lCXuISYsqyCNH
don’t smile,sabrina carpenter,77.0,,2024-08-23,91.0,26559943.0,0.0,0.0,,,,,,,,,,,09LrGvT9KsACH66RHYMDyR
don’t worry i’ll make you worry,sabrina carpenter,81.0,,2025-08-29,91.0,26538275.0,0.0,0.0,,,,,,,,,,,21IVPfi81m6ywNgOvqTj1i
don’t you (taylor’s version) (from the vault),taylor swift,59.0,,2021-04-09,100.0,145396321.0,0.0,0.0,,,,,,,,,,,4uuEGH5SVuzkkSFjo2DEiY
doom and gloom,the rolling stones,50.0,,2013-07-22,77.0,15714574.0,0.0,0.0,0.611,0.837,0.783,-4.558,131.599,238546.0,0.000596,0.0328,0.0169,0.173,0lO9vvpJdd2ZNAq61ga9wy
dope,bts,68.0,,2025-07-18,,,0.0,0.0,0.587,0.893,0.649,-2.9450000000000003,154.031,240020.0,0.037899999999999996,0.235,5.1e-07,0.33599999999999997,4o3Ao6wY5fbJR32fQKabfQ
dorothea,taylor swift,62.0,,2021-01-07,100.0,145443567.0,0.0,0.0,,,,,,,,,,,66tOfHVH3aUrscg8vExRV4
dorothy's interlude,sam smith,0.0,,2023-04-12,81.0,26272346.0,0.0,0.0,,,,,,,,,,,2FJSdvTnEMykNjCs6CKfuI
dos mil 16,bad bunny,76.0,,2022-05-06,95.0,102500980.0,0.0,1.0,0.817,0.67,0.495,-6.534,130.058,208615.0,0.123,0.0506,1.92e-06,0.128,4d4ZXH4dr5bYfgErHiZCX2
double bubble trouble,m.i.a.,29.0,,2013-11-05,66.0,1475258.0,0.0,0.0,,,,,,,,,,,0KJp4yqrZCVvYiFcwR1UBt
double fantasy (with future),the weeknd,69.0,,2023-04-21,93.0,112957721.0,0.0,1.0,,,,,,,,,,,4VMRsbfZzd3SfQtaJ1Wpwi
double rainbow,katy perry,40.0,,2013-10-18,83.0,38400585.0,0.0,0.0,,,,,,,,,,,2ve1HouBhfDbqROVQm2IBd
"double talkin' jive - live in las vegas, thomas & mack center - january 25, 1992",guns n' roses,0.0,,2025-01-24,80.0,35196831.0,0.0,0.0,0.293,0.902,0.278,-6.538,104.193,520000.0,0.000566,0.0564,0.712,0.446,4qFgFSv8kYaM9zE2W5uPGX
doubt,twenty one pilots,77.0,,2015-05-15,83.0,25761380.0,0.0,0.0,,,,,,,,,,,57yL3161hUMuw06zzzUCHi
down,jay sean,80.0,,2009-01-01,66.0,2051659.0,0.0,0.0,0.727,0.68,0.728,-4.498,132.012,212506.0,0.0101,0.0286,0.0,0.0821,6cmm1LMvZdB5zsCwX5BjqE
down,marshmello,47.0,,2019-07-03,80.0,34476607.0,0.0,0.0,0.677,0.947,0.798,-3.814,142.008,153000.0,0.0014,0.0538,0.0688,0.0712,7DyYqU6pn8blguCw3S377E
down bad,taylor swift,73.0,,2024-04-18,100.0,145489371.0,0.0,0.0,,,,,,,,,,,1kbEbBdEgQdQeLXCJh28pJ
down on me,jeremih,32.0,,2010-01-01,73.0,7221524.0,0.0,0.0,,,,,,,,,,,0x3TibRgnSqzkcwrqBd4iX
down stairs dj,megan thee stallion,42.0,,2024-06-28,76.0,10888670.0,0.0,0.0,,,,,,,,,,,1Jq7VmkrvMxGphj0YUgOoR
downer,nirvana,55.0,,1994,81.0,23384088.0,0.0,0.0,0.303,0.931,0.555,-9.306,101.936,103800.0,0.00101,0.0574,0.0294,0.114,4e0MJaiXSwXBhrQZHyoK8c
drag me down,one direction,78.0,,2015-07-31,83.0,40273571.0,0.0,0.0,0.73,0.703,0.595,-5.672,138.113,192120.0,0.109,0.0369,0.0,0.0657,2K87XMYnUMqLcX3zvtAF4G
drain you,nirvana,61.0,,1991-09-26,81.0,23391272.0,0.0,0.0,0.325,0.929,0.198,-5.625,133.358,223880.0,0.000129,0.0695,2.22e-06,0.184,0bTLGlCqwZXwJGWGE2Dywg
drain you - devonshire mix,nirvana,30.0,,1991-09-26,81.0,23384088.0,0.0,0.0,,,,,,,,,,,6RvBZAJ01rJO90eLq8m3NT
drain you - live at paramount theatre b-side,nirvana,22.0,,1991-09-26,81.0,23384088.0,0.0,0.0,,,,,,,,,,,2HAcdyY4lM2wv3lTUzry4D
drain you - live at the bbc,nirvana,22.0,,1991-09-26,81.0,23384088.0,0.0,0.0,,,,,,,,,,,3dVewylSwgIhGIdS8HQpKV
drain you - live at the paramount/1991,nirvana,28.0,,1991-09-26,81.0,23384088.0,0.0,0.0,,,,,,,,,,,0ET9cRgBd21Szftkv95aTK
drama club,melanie martinez,59.0,,2019-09-06,75.0,22220366.0,0.0,0.0,,,,,,,,,,,6FcNLunvzsHCVVf4TGYULM
dream a little dream of me,christina perri,43.0,,2019-01-17,71.0,4307803.0,0.0,0.0,,,,,,,,,,,5e0726B3tYcuFnXXQ630Q7
dream a little dream of me (sing-a-long),christina perri,34.0,,2019-01-17,71.0,4307803.0,0.0,0.0,,,,,,,,,,,5Ia3op6iA6g4Sv19Lorm4a
dreamcatcher,metro boomin,62.0,,2018-11-06,84.0,11683338.0,0.0,0.0,,,,,,,,,,,22ykS8KWpd2r4zcRZ0XMK5
dreamers,jung kook,4.0,,2022-11-20,79.0,18620976.0,,,,,,,,,,,,,1RDvyOk4WtPCtoqciJwVn8
dreamin,partynextdoor,80.0,,2015-03-08,83.0,10115734.0,0.0,0.0,,,,,,,,,,,35sZOqVnTQNIGWGURrFdLh
dreaming with a broken heart,john mayer,62.0,,2007,,,0.0,0.0,0.61,0.349,0.155,-9.321,136.012,245746.0,0.554,0.0301,0.0099,0.201,7keXdrB4mz57u4b8YkCwag
dreams,bazzi,0.0,,2018-04-12,66.0,5506553.0,0.0,0.0,0.662,0.666,0.605,-5.441,159.969,147020.0,0.583,0.125,3.85e-06,0.222,0dhVTBkpQiWpCnxWJECfFL
dreams,dua lipa,45.0,,2017-06-02,85.0,46895665.0,0.0,0.0,,,,,,,,,,,2qxagPKgS2Wc05MLmJucBE
dress,taylor swift,83.0,,2017-11-10,100.0,145443567.0,0.0,0.0,,,,,,,,,,,6oVxXO5oQ4pTpO8RSnkzvv
drink in my hand,eric church,73.0,,2011-01-01,71.0,4140524.0,0.0,0.0,0.626,0.913,0.946,-4.452,113.045,191306.0,0.00635,0.0317,0.0,0.293,1cktZnxiONH0hR6Q3DKy8h
drip,cardi b,55.0,,2018-04-06,81.0,25957976.0,0.0,0.0,,,,,,,,,,,2qcG0nZ6S3zZV0UrkY5nFo
drip too hard (lil baby & gunna),lil baby,79.0,,2018-10-05,84.0,21644763.0,0.0,0.0,,,,,,,,,,,78QR3Wp35dqAhFEc2qAGjE
drips,eminem,54.0,,2002-05-26,88.0,104559284.0,0.0,1.0,,,,,,,,,,,7io19rjxOFu3pGuZgBI6Pk
drive,miley cyrus,49.0,,2013-10-04,81.0,26564677.0,0.0,0.0,,,,,,,,,,,6aVeSCobcOjIkMFARN9B7l
drive,the weeknd,64.0,,2025-01-31,93.0,112918137.0,0.0,1.0,,,,,,,,,,,6i5fDaCzwxRrZtuvvcqoIf
drive by,train,77.0,,2012-01-10,70.0,4516207.0,0.0,0.0,,,,,,,,,,,0KAiuUOrLTIkzkpfpn9jb9
drive my car,the beatles,65.0,,1965-12-03,82.0,30721676.0,0.0,0.0,0.754,0.571,0.82,-8.547,122.463,148893.0,0.0173,0.0421,0.0,0.3,06ypiqmILMdVeaiErMFA91
drivers license,olivia rodrigo,85.0,,2021-01-08,85.0,49083617.0,0.0,0.0,0.561,0.431,0.137,-8.81,143.875,242013.0,0.768,0.0578,1.42e-05,0.106,4dnmtQPnXU993aEUGp0bY8
driveway,cody johnson,0.0,,2021-10-08,73.0,1943383.0,0.0,0.0,0.486,0.565,0.269,-6.553,129.961,167213.0,0.27,0.0336,0.0,0.109,7k50ddcASwxD4nq6cXCEle
drops of jupiter - live/2011,taylor swift,44.0,,2010-10-25,100.0,145396321.0,0.0,0.0,,,,,,,,,,,0BSmbCIY36iw04azzJ3S0S
drugs you should try it,travis scott,70.0,,2014-08-18,89.0,41107596.0,0.0,1.0,,,,,,,,,,,4b7vk8SRcYgnxpk0JOIS7r
drunk in love,beyoncé,74.0,,2014-11-24,84.0,41172203.0,0.0,0.0,,,,,,,,,,,6jG2YzhxptolDzLHTGLt7S
drunk last night,eli young band,1.0,,2013-06-25,58.0,888564.0,0.0,0.0,0.525,0.858,0.57,-4.551,87.029,220360.0,0.0466,0.0355,0.0,0.102,1P3LDx6pTNu44IYNE6ziCU
drunk on a plane,dierks bentley,39.0,,2021-07-20,65.0,3315988.0,0.0,0.0,,,,,,,,,,,0VgeoGrGRgHnfGUzaNbXN6
drunk on you,luke bryan,68.0,,2011-01-01,74.0,9407321.0,0.0,0.0,,,,,,,,,,,3kv6omImmKEfOVJWjstusF
dtmf,bad bunny,91.0,,2025-01-05,95.0,102500980.0,0.0,1.0,,,,,,,,,,,3sK8wGT43QFpWrvNQsrQya
dua lipa,jack harlow,61.0,,2022-05-05,75.0,4349241.0,0.0,0.0,0.833,0.652,0.405,-6.942000000000001,158.022,135053.0,0.00161,0.0762,0.0985,0.106,0LnS7aOdOdI1dNKZqdOLz4
dumb,nirvana,75.0,,1994,81.0,23398010.0,0.0,0.0,0.6935,0.4685,0.7745,-11.349499999999999,111.519,162413.0,0.49749999999999994,0.0324,0.3268895,0.513,5gRcv46AMTrosmTOqrOV3Q
dumb & poetic,sabrina carpenter,68.0,,2024-08-23,91.0,26538275.0,0.0,0.0,,,,,,,,,,,5VhvD0AKRprEaFtPNKGBQR
dumb - 1992/live at reading,nirvana,33.0,,2009-01-01,81.0,23391272.0,0.0,0.0,,,,,,,,,,,1PAOrcAwt8zSlY89UyjWDK
dura,daddy yankee,69.0,,2018,85.0,37817461.0,0.0,0.0,0.783,0.84,0.8383333333333333,-3.416,95.00166666666667,200480.0,0.17400000000000002,0.051,0.0,0.412,0bhhXULPNfCsVhZp35HrC3
dusk till dawn,zayn,81.0,,2017-09-07,77.0,24111322.0,0.0,0.0,0.259,0.437,0.0951,-6.589,180.042,239000.0,0.102,0.0386,1.32e-06,0.106,1j4kHkkpqZRBwE0A4CN4Yv
dynamite,bts,79.0,,2020-08-21,85.0,81189603.0,0.0,0.0,0.746,0.765,0.737,-4.41,114.044,199133.0,0.0112,0.0993,0.0,0.09349999999999999,0v1x6rN6JHRapa03JElljE
dynamite,taio cruz,74.0,,2010-01-01,67.0,2367394.0,0.0,0.0,,,,,,,,,,,1DqdF42leyFIzqNDv9CjId
d£aler,lola young,75.0,,2025-07-25,77.0,1460038.0,0.0,0.0,,,,,,,,,,,2MZeoO5my5Z2opiQHm150R
dákiti,bad bunny,78.0,,2026-01-29,95.0,102571645.0,0.0,1.0,0.731,0.573,0.145,-10.059,109.928,205090.0,0.401,0.0544,5.22e-05,0.113,47EiUVwUp4C9fGccaPuUCS
día de los muertos con tiburón bebé,pinkfong,20.0,,2022-10-07,,,0.0,0.0,0.808,0.855,0.85,-4.683,123.918,98097.0,0.673,0.0779,2.29e-05,0.0409,60uVBasnEjpzytz0ProHpy
días y meses,ozuna,62.0,,2022-10-07,,,0.0,0.0,0.842,0.579,0.7,-5.504,95.005,192320.0,0.119,0.0556,0.126,0.137,5PgBTczNS4lpNmHVaPPqoU
dónde estarás,j balvin,0.0,,2018-05-17,86.0,39113380.0,0.0,1.0,0.828,0.763,0.861,-7.613,90.004,191973.0,0.0741,0.095,0.0103,0.0882,0dh1X0wdxSZoaFdDddVhPF
e.t.,katy perry,68.0,,2010-08-24,83.0,38400585.0,0.0,0.0,0.603,0.863,0.731,-5.423,150.054,206373.0,0.0178,0.0773,0.0,0.389,36ux3YuUsGTWPT8fXclS45
early mornin',britney spears,43.0,,2003-11-13,81.0,17766757.0,0.0,0.0,,,,,,,,,,,6BSfVPsVr6zYOXvHOUggfA
earned it (fifty shades of grey),the weeknd,78.0,,2015-08-28,94.0,112995439.0,0.0,1.0,,,,,,,,,,,1cQ3LIkZE68pMSnPhZWXLu
"earned it (fifty shades of grey) - from the fifty shades of grey"" soundtrack""",the weeknd,72.0,,2014-12-23,94.0,112995439.0,,,,,,,,,,,,,2PIvq1pGrUjY007X5y1UpM
earth,lil dicky,40.0,,2019-04-17,59.0,2046209.0,0.0,0.0,0.694,0.664,0.676,-4.649,95.941,281500.0,0.639,0.05,0.0,0.0929,7lakl3bPRdQqUGX9m755jX
earth song,michael jackson,65.0,,2008-04-15,85.0,37446069.0,0.0,0.0,0.501,0.439,0.145,-7.521,138.377,406040.0,0.482,0.0313,0.000117,0.087,4GCGH6TJ69neckwITeBFXK
earthquake,sean paul,41.0,,2022-05-27,81.0,5279150.0,0.0,0.0,0.618,0.88,0.737,-4.667,101.973,167098.0,0.00231,0.0912,0.0,0.247,03DOtUx03PRyx4nlNVGRgs
easier,5 seconds of summer,66.0,,2020-03-27,76.0,10246609.0,0.0,0.0,,,,,,,,,,,2bjUEg4jBtKBlPdNrTAppI
easier said,kacey musgraves,0.0,,2022-09-29,,,0.0,0.0,0.541,0.609,0.381,-8.077,147.828,187360.0,0.51,0.0478,0.000668,0.102,57buRfUBYm7fFFoIM78qbs
easier to run,linkin park,57.0,,2003-03-03,88.0,31785695.0,0.0,0.0,0.545,0.861,0.279,-4.819,105.017,204173.0,0.0624,0.034,0.0,0.131,17bgialGAwoiGj1STY4cnR
easier to run - live lp underground tour 2003,linkin park,45.0,,2023-04-07,88.0,31785695.0,0.0,0.0,0.499,0.92,0.315,-4.723,105.018,202466.0,0.0714,0.0589,0.0,0.116,52ajPhs8jo0XjmQE8WjaJu
east liberty,partynextdoor,67.0,,2014-07-29,83.0,10103479.0,0.0,0.0,,,,,,,,,,,2nOTvYKyk51OSs90GvMgLW
eastside (with halsey & khalid),benny blanco,76.0,,2018-07-12,73.0,1628440.0,0.0,0.0,0.5960000000000001,0.683,0.324,-7.656499999999999,89.67,172284.0,0.552,0.28200000000000003,0.0,0.158,0d2iYfpKoM0QCKvcLCkBao
easy lover,miley cyrus,68.0,,2025-05-30,81.0,26561582.0,0.0,0.0,,,,,,,,,,,2OBzYCYMNsD6yhBZZSs0xg
easy on me,adele,81.0,,2021-10-14,83.0,66734917.0,0.0,0.0,0.604,0.366,0.13,-7.519,141.981,224694.0,0.578,0.0282,0.0,0.133,0gplL1WMoJ6iYaPgMCL0gX
easy on my eyes,stephen sanchez,53.0,,2022-08-19,71.0,1873452.0,0.0,0.0,0.501,0.105,0.203,-13.042,122.334,238173.0,0.948,0.041,0.0,0.0875,2E0Lr1ecydv5MjTYYM0WhN
eat it up,xxxtentacion,50.0,,2019-12-06,,,0.0,0.0,0.918,0.546,0.818,-6.022,130.001,105210.0,0.309,0.248,0.0,0.19,1WGRoqWrqDkXifw5JBayUi
eat your young,hozier,53.0,,2023-03-17,82.0,9112977.0,0.0,0.0,,,,,,,,,,,6PkxSIt2TYLMFa8ybyngVP
eazy,the game,39.0,,2022-06-24,70.0,5200472.0,0.0,0.0,,,,,,,,,,,5NDad2eRVKQug7eO2RikcU
echo,tom petty and the heartbreakers,0.0,,1999-04-13,,,0.0,0.0,0.547,0.56,0.472,-6.32,83.337,396773.0,0.0393,0.0241,3.63e-06,0.0632,2EIKAt7fp0Zog0nmfVWxNK
echoes of silence,the weeknd,45.0,,2012-11-13,94.0,112995439.0,0.0,1.0,,,,,,,,,,,3WOWPWXE4h0rDIwGZ06yo1
eddie,red hot chili peppers,71.0,,2022-09-23,82.0,23218829.0,0.0,0.0,0.515,0.809,0.525,-5.817,142.011,341986.0,0.00455,0.0512,0.0723,0.09049999999999998,0G1BEi8ByngMCJqcPnDACw
edge of a revolution,nickelback,57.0,,2014-08-19,78.0,7846032.0,0.0,0.0,0.524,0.97,0.66,-3.324,161.961,243053.0,0.00011,0.0454,0.0,0.113,5JjHr4GeuAERaa1qgsbv6A
edge of desire,john mayer,61.0,,2022-02-20,,,0.0,0.0,0.606,0.441,0.455,-9.303,66.443,332066.0,0.326,0.0272,0.0128,0.116,5gbxzSqABThINGDb7vIiwe
edge of midnight (midnight sky remix),miley cyrus,62.0,,2020-11-27,81.0,26558356.0,0.0,0.0,,,,,,,,,,,1Tip6R4swhC7E6hgILBjrE
eenie meenie,sean kingston,79.0,,2010-03-23,71.0,3769513.0,0.0,0.0,0.72,0.607,0.828,-4.168,121.223,201946.0,0.0543,0.0322,0.0,0.113,4vVTI94F9uJ8lHNDWKv0i2
efecto,bad bunny,81.0,,2022-05-06,95.0,102536542.0,0.0,1.0,0.801,0.475,0.234,-8.797,98.047,213061.0,0.141,0.0516,1.73e-05,0.0639,5Eax0qFko2dh7Rl2lYs3bx
effort issue,david cook,62.0,71000.0,2018-05-16,,,0.0,0.0,0.13,0.22,,-51.0,180.67,337985.0,,,0.044,,TRK-F847055945AC
eggshell tap dancer,the all-american rejects,52.0,,2025-10-24,67.0,3134186.0,0.0,0.0,,,,,,,,,,,2zzjpwG8wu3skr08m7rM6e
"eh, eh (nothing else i can say)",lady gaga,48.0,,2009-10-09,89.0,42275793.0,0.0,1.0,0.805,0.877,0.844,-3.645,93.963,176240.0,0.25,0.0376,0.000157,0.0649,1LopXP0KP6Cu4SlRYcwPU7
eight days a week,the beatles,64.0,,1964-12-04,82.0,30721676.0,0.0,0.0,0.644,0.63,0.7905,-6.708,138.4205,163460.0,0.3385,0.0348,0.0,0.16699999999999998,1Dg4dFJr3HW7sbA7vPejre
el amante,nicky jam,69.0,,2019-08-23,81.0,20568367.0,0.0,0.0,0.683,0.691,0.732,-5.535,179.91,219506.0,0.243,0.0432,0.0,0.14,3umS4y3uQDkqekNjVpiRUs
el apagón,bad bunny,71.0,,2022-05-06,95.0,102571645.0,0.0,1.0,0.629,0.698,0.599,-4.485,117.765,201816.0,0.0509,0.308,0.00166,0.0909,0UvZcEfpzVyx47QsRbjyBz
el barco,karol g,3.0,,2021-03-25,,,0.0,0.0,0.85,0.847,0.915,-3.435,143.975,203506.0,0.606,0.0435,0.000159,0.33,3fB70pYlNuZCm29h41d9Rm
el diablo,machine gun kelly,2.0,,2019-07-05,,,0.0,0.0,0.765,0.725,0.578,-3.391,75.003,146264.0,0.00471,0.143,0.000194,0.154,67qlKfxKVqs2uxPA6OMlDZ
el tiburón bebé fantasma,pinkfong,27.0,,2022-10-07,,,0.0,0.0,0.85,0.684,0.748,-2.32,119.822,72489.0,0.478,0.0675,1.4e-06,0.0608,2clRkMN4MvP88asWMvBdYk
elastic heart,sia,77.0,,2014-07-04,82.0,30550549.0,0.0,0.0,,,,,,,,,,,5S9lfZu1YF8xKkgSsqL2Bd
elastic heart - piano version,sia,63.0,,2015-05-04,82.0,30550549.0,0.0,0.0,,,,,,,,,,,0udoMICxzaUbNUT8EVRq8B
eldest daughter,taylor swift,92.0,,2025-10-03,100.0,145396321.0,0.0,0.0,,,,,,,,,,,62HoDY1Km6lm47haFpUn9c
eleanor rigby,the beatles,69.0,,1994,82.0,30721676.0,0.0,0.0,0.569,0.29833333333333334,0.7566666666666667,-7.946666666666666,137.787,125875.0,0.896,0.03546666666666667,5.2e-06,0.35400000000000004,0Wv8IXRUDZOfmFJHC1VOFI
electric - pokemon 25 version,katy perry,1.0,,2021-05-13,83.0,38400585.0,0.0,0.0,0.615,0.701,0.251,-4.257,98.073,193543.0,0.00302,0.0472,0.0,0.0471,1wKpY85MrL7BpoGuZIRKUa
elevate,drake,59.0,,2018-06-29,95.0,103039388.0,0.0,0.0,,,,,,,,,,,3szf2z1Cy1QMrtHrbn8rz9
elizabeth taylor,taylor swift,95.0,,2025-10-03,100.0,145489371.0,0.0,0.0,,,,,,,,,,,1jgTiNob5cVyXeJ3WgX5bL
ella baila sola,eslabon armado,75.0,,2023-03-16,75.0,6442976.0,0.0,0.0,,,,,,,,,,,3dnP0JxCgygwQH9Gm7q7nb
emails i can’t send,sabrina carpenter,68.0,,2022-07-15,91.0,26516295.0,0.0,0.0,,,,,,,,,,,2qLyo5FeWquE7HBUbcVnEy
emergency,icona pop,56.0,,2015,66.0,778810.0,0.0,0.0,0.834,0.969,0.928,-3.383,125.985,169617.0,0.0558,0.063,0.000723,0.0635,6E7oFW7xTK6Ghucsq6tMUj
emotionally scarred,lil baby,2.0,,2020-02-28,84.0,21656185.0,0.0,0.0,0.585,0.641,0.266,-4.269,88.284,197529.0,0.0286,0.133,0.0,0.316,0nsZBSzz5WG7onOtEL5mqj
emotionless,drake,66.0,,2018-06-29,95.0,103039388.0,0.0,0.0,,,,,,,,,,,5Psnhdkyanjpgc2P8A5TSM
emotions,brenda lee,61.0,,1997,,,0.0,0.0,0.466,0.416,0.516,-8.249,98.78,171226.0,0.742,0.026,5.04e-06,0.249,60jQTAr2OkFcV4SWSRz3st
empire,shakira,37.0,,2014-03-21,85.0,39788275.0,0.0,1.0,,,,,,,,,,,5OlrcU79ULKCPXwt1i7JXv
empire state of mind,jay-z,84.0,,2009-09-08,82.0,10376731.0,0.0,0.0,,,,,,,,,,,2igwFfvr1OAGX9SKDCPBwO
empire state of mind (part ii) broken down,alicia keys,72.0,,2009-09-08,78.0,12898539.0,0.0,1.0,0.484,0.368,0.142,-7.784,92.923,216480.0,0.74,0.0341,3.82e-05,0.118,5sra5UY6sD658OabHL3QtI
employee beautiful money score similar,ryan lewis,60.0,18000.0,2015-05-05,,,0.0,0.0,0.85,0.82,,-4.23,199.34,185098.0,,,0.773,,TRK-CF1A1651D539
empty beer cans,jon pardi,40.0,,2014-01-14,73.0,2338518.0,0.0,0.0,0.645,0.83,0.471,-4.39,99.965,209053.0,0.0192,0.0452,0.0,0.18,1JvF1A4iFynnOyvb8WKl6v
enchanted,taylor swift,69.0,,2010-01-01,100.0,145489371.0,0.0,0.0,,,,,,,,,,,3sqrvkNC6IPTIXvvbx9Arw
end game,taylor swift,73.0,,2017-11-10,100.0,145396321.0,0.0,0.0,,,,,,,,,,,2x0WlnmfG39ZuDmstl9xfX
end of beginning,djo,89.0,,2022-09-16,73.0,2322081.0,0.0,0.0,,,,,,,,,,,3qhlB30KknSejmIvZZLjOD
end of the world,miley cyrus,66.0,,2025-05-30,81.0,26564677.0,0.0,0.0,,,,,,,,,,,2rDMtmPctM67hICAZTKAjx
"endless, nameless",nirvana,51.0,,1991-09-26,81.0,23384088.0,0.0,0.0,0.271,0.959,0.0642,-5.866,131.846,403293.0,0.000256,0.125,0.854,0.0858,42KRaNuYtMI8d0WSc48Cdp
"endless, nameless - live at the paramount",nirvana,21.0,,1991-09-26,81.0,23384088.0,0.0,0.0,,,,,,,,,,,6wyMr8WhICKyb80uAGfH2j
enemies,post malone,64.0,,2019-09-06,85.0,47716988.0,0.0,0.0,,,,,,,,,,,0Xek5rqai2jcOWCYWJfVCF
enemies,shinedown,65.0,,2012,,,0.0,0.0,0.507,0.966,0.502,-2.635,136.035,188093.0,0.00159,0.046,0.0,0.336,1SDl9wY1MqbpJQW0yKEWxL
enemy (with jid) - from the series arcane league of legends,imagine dragons,74.0,,2021-09-03,85.0,58370582.0,0.0,0.0,0.728,0.783,0.555,-4.424,77.011,173381.0,0.237,0.266,0.0,0.434,1HhNoOuqm1a5MXYEgAFl8o
enemy feat. j.i.d. (from the series arcane league of legends),imagine dragons,0.0,,2021-11-20,85.0,58364373.0,,,,,,,,,,,,,4qXKkOZ691yYgQu4Lunrds
energy,beyoncé,64.0,,2022-07-29,84.0,41172203.0,0.0,0.0,,,,,,,,,,,0314PeD1sQNonfVWix3B2K
energy,drake,69.0,,2015-02-12,95.0,103039388.0,0.0,0.0,,,,,,,,,,,79XrkTOfV1AqySNjVlygpW
enjoy the show,the weeknd,66.0,,2025-01-31,93.0,112918137.0,0.0,1.0,,,,,,,,,,,637oNhilCI9UlkWkUW4Grt
enjoy the silence,depeche mode,77.0,,2022-04-01,73.0,7379623.0,0.0,0.0,,,,,,,,,,,0yp3TvJNlG50Q4tAHWNCRm
enough for you,olivia rodrigo,75.0,,2021-05-21,84.0,49050008.0,0.0,0.0,,,,,,,,,,,2TOzTqQXNmR2zDJXihjZ2e
enough local deep high,michael jackson,39.0,1000.0,2025-02-23,85.0,37446069.0,0.0,0.0,0.61,0.04,,-24.67,74.87,168463.0,,,0.718,,TRK-D2322074CA9A
enséñame a bailar,bad bunny,76.0,,2022-05-06,95.0,102536542.0,0.0,1.0,0.81,0.789,0.77,-5.08,105.009,176000.0,0.191,0.0846,1.08e-05,0.467,2NMjggapJcXXM7WccGEBUO
enter sandman,metallica,81.0,,1991-01-01,82.0,32177831.0,0.0,0.0,0.577,0.828,0.604,-8.691,123.257,331266.0,0.00213,0.0298,0.0114,0.0581,1bdXMstfxFWYSkEFTnJMoN
environmental here travel,john martin,67.0,2000.0,2025-01-18,,,0.0,0.0,0.58,0.84,,-45.47,83.98,123276.0,,,0.281,,TRK-DE7D31665EEC
eoo,bad bunny,88.0,,2025-01-05,95.0,102571645.0,0.0,1.0,,,,,,,,,,,6J5kc12BW5HuP3d7C3vvx8
epilogue: young forever,bts,67.0,,2016-05-02,,,0.0,0.0,0.606,0.815,0.386,-3.818,88.054,171803.0,0.04,0.232,0.0,0.119,6BskTMfDjXVzeqQHOau5Vi
epiphany,bts,67.0,,2018-08-24,85.0,81189603.0,0.0,0.0,0.508,0.559,0.329,-6.366,135.866,240361.0,0.288,0.0276,0.0,0.131,6L88EH68XwlaXwvChlTS41
epiphany,taylor swift,61.0,,2020-08-18,100.0,145443567.0,0.0,0.0,,,,,,,,,,,1EXa37LpSvi3OQ9UYQ28rD
eraser,ed sheeran,56.0,,2017-03-03,88.0,122773292.0,0.0,0.0,,,,,,,,,,,7oolFzHipTMg2nL7shhdz2
errtime,cardi b,69.0,,2025-09-19,81.0,25957976.0,0.0,0.0,,,,,,,,,,,2cBtsB7Pi89q9yWk59a2sX
escape,enrique iglesias,59.0,,2008,77.0,11932306.0,0.0,0.0,0.776,0.844,0.868,-5.305,125.972,208626.0,0.0277,0.0297,0.000244,0.135,4anDsZBavxjw3Ktw6ICGYd
escapism.,raye,82.0,,2022-10-12,81.0,2857629.0,0.0,0.0,,,,,,,,,,,2VOZniNxFIDl8ydLltrMNb
escapism. - sped up,raye,9.0,,2022-11-25,81.0,2857629.0,0.0,0.0,,,,,,,,,,,4rPJSqrov3zqGwXlemLBMw
espresso,sabrina carpenter,85.0,,2024-04-12,91.0,26559943.0,0.0,0.0,,,,,,,,,,,1QUyotJH8XoTEan8aZdsiV
essence,wizkid,57.0,,2022-11-16,79.0,9449714.0,0.0,0.0,0.836,0.69,0.586,-5.816,104.004,263293.0,0.0142,0.123,1.22e-05,0.112,1MZtr7IH5qtjIkqrXj8WOJ
estranged,guns n' roses,67.0,,2016,80.0,35196831.0,0.0,0.0,0.359,0.762,0.167,-8.323,89.259,563893.0,0.0105,0.032,0.281,0.368,3s03nrUInN3NAVjQtmnS0O
eternal sunshine,ariana grande,73.0,,2024-03-08,90.0,107401919.0,0.0,0.0,,,,,,,,,,,0ZE7YRwdYqM8CtmfExYGDk
eternity,alex warren,87.0,,2025-07-18,84.0,2885506.0,0.0,0.0,,,,,,,,,,,6wHpLMmp98aHcV8L1JFrj8
euphoria,bts,72.0,,2018-08-24,85.0,81189603.0,0.0,0.0,0.636,0.7945,0.5734999999999999,-4.7075,104.96600000000001,228615.0,0.399,0.033699999999999994,0.0,0.092,2r8F0VYPom2XP4cKAzWLLE
europa (earth's cry heaven's smile),santana,56.0,,1993-10-19,70.0,3797948.0,0.0,0.0,0.296,0.669,0.679,-5.364,74.692,305946.0,0.03,0.0452,0.831,0.154,5Yp3e8RcjYevBTZYJ7OD7s
europa :),bad bunny,13.0,,2023-10-13,95.0,102500980.0,0.0,1.0,,,,,,,,,,,6vh4S1z08AjGipGAEsV62e
evacuate the dancefloor,cascada,63.0,,2009-11-13,65.0,615439.0,0.0,0.0,0.762,0.702,0.898,-5.87,127.029,207200.0,0.0167,0.0432,0.0,0.314,0jDWRUbxSn8zQlwFbeLHwo
even in his youth - b-side,nirvana,30.0,,1991-09-26,81.0,23384088.0,0.0,0.0,,,,,,,,,,,01S0r3t4tcHPkNyll414mT
even my dad does sometimes,ed sheeran,50.0,,2014-06-21,88.0,122773292.0,0.0,0.0,,,,,,,,,,,0N5zjRnf8AreOm95iSBXF4
"even when/the best part - from high school musical: the musical: the series (season 2)""""",olivia rodrigo,54.0,,2021-04-30,85.0,49083617.0,,,,,,,,,,,,,30UszgTxEuJVG5SUFyBffT
everglow,coldplay,72.0,,2015-12-04,88.0,60830643.0,0.0,0.0,,,,,,,,,,,5qfZRNjt2TkHEL12r3sDEU
evermore,taylor swift,64.0,,2020-12-11,100.0,145489371.0,0.0,0.0,,,,,,,,,,,3O5osWf1rSoKMwe6E9ZaXP
every little thing,carly pearce,2.0,,2017-02-22,,,0.0,0.0,0.639,0.427,0.322,-6.512,139.899,181053.0,0.434,0.0368,1.14e-05,0.0903,5YzfH7DTvRUf6l3ebJG0c0
every teardrop is a waterfall,coldplay,70.0,,2011-10-24,88.0,60804949.0,0.0,0.0,,,,,,,,,,,2U8g9wVcUu9wsg6i7sFSv8
everybody dies,billie eilish,68.0,,2021-07-30,90.0,118728633.0,0.0,0.0,,,,,,,,,,,5jhBwnqzNNrENXnYrAdoCe
everybody dies in their nightmares,xxxtentacion,85.0,,2022,,,0.0,0.0,0.734,0.57,0.689,-7.066,129.953,95466.0,0.847,0.133,2.14e-05,0.112,3GVkPk8mqxz0itaAriG1L7
everybody hates me,the chainsmokers,59.0,,2018-06-29,80.0,21360805.0,0.0,0.0,0.475,0.752,0.515,-6.596,154.957,223466.0,0.00703,0.0467,0.0,0.406,6ufrOaf4v6Qady6GiIpQ0s
everybody loves me,onerepublic,61.0,,2009-11-17,,,0.0,0.0,0.578,0.907,0.66,-4.869,170.04,214400.0,0.0229,0.0895,0.0,0.557,0Q0Vl9fKJF5MDxfVKbD78e
everybody talks,neon trees,78.0,,2012,64.0,1284368.0,0.0,0.0,0.47300000000000003,0.9186666666666667,0.7383333333333333,-3.922,154.95233333333334,177280.0,0.004363333333333334,0.06113333333333334,0.0,0.321,0VubuUqnJDOm2pD144598j
everybody's fool,evanescence,71.0,,2003-03-04,75.0,6161997.0,0.0,0.0,0.437,0.835,0.296,-5.076,95.111,195880.0,0.00145,0.0405,2.27e-05,0.245,0tWEB6BxbI48XN79QE1JbT
everybody's girl - bonus track,jennifer lopez,23.0,,2011-04-29,74.0,13710072.0,0.0,1.0,,,,,,,,,,,7KukxsBh9dX8qGa1P1loXb
everyday,ariana grande,78.0,,2016-04-01,90.0,107418606.0,0.0,0.0,,,,,,,,,,,30TmLgK0ja5O8q9l4BShIX
everyday hustle,future,68.0,,2024-03-22,88.0,22682234.0,0.0,0.0,,,,,,,,,,,3Vg7nPYlOrCkcV1abKbRQ1
everyday life,coldplay,0.0,,2019-10-25,88.0,60804949.0,0.0,0.0,0.512,0.452,0.235,-8.991,124.103,258532.0,0.775,0.0292,0.0818,0.065,6fBMKVPDNNdnKzaW4Hvu2M
everyone she knows,kenny chesney,0.0,,2020-05-01,69.0,4887584.0,0.0,0.0,0.659,0.682,0.664,-5.045,109.022,204986.0,0.00992,0.0293,0.0,0.159,0hBN7k2AAmbc0mM4cUAmQH
everything about you,one direction,55.0,,2012-05-25,83.0,40270893.0,0.0,0.0,,,,,,,,,,,2EpTKW1O5Zmok99BzQOi9D
everything has changed,taylor swift,62.0,,2012-10-22,100.0,145489371.0,0.0,0.0,,,,,,,,,,,3Z1kZKYfRC8iRXnYeC5sCJ
everything i wanted,billie eilish,83.0,,2026-05-01,90.0,118728633.0,0.0,0.0,0.704,0.225,0.243,-14.454,120.006,245425.0,0.902,0.0994,0.657,0.106,3ZCTVFBt2Brf31RLEnCkWJ
everything is romantic,charli xcx,75.0,,2024-06-07,82.0,6322030.0,0.0,0.0,,,,,,,,,,,5sMEEjviCkH6Rp5X2ZvIIc
everything she wants,wham!,65.0,,1998,,,0.0,0.0,0.899,0.459,0.962,-15.557,115.09,302693.0,0.322,0.0366,0.00406,0.165,5hXEcqQhEjfZdbIZLO8mf2
everything thus,kevin gates,39.0,1000.0,2018-03-21,74.0,6808651.0,0.0,0.0,0.58,0.31,,-52.45,174.39,414169.0,,,0.49,,TRK-5A8D56112331
everything's not lost - includes hidden track 'life is for living',coldplay,57.0,,2000-07-10,88.0,60804949.0,0.0,0.0,,,,,,,,,,,1RNtm45kw0hPMBz7gKiIYu
everytime,ariana grande,74.0,,2018-08-17,90.0,107389514.0,0.0,0.0,,,,,,,,,,,0WdR2AyLW1Drd3OUdwezM0
everytime,britney spears,66.0,,2003-11-13,80.0,17755451.0,0.0,0.0,,,,,,,,,,,0dRhSF9LV0HR8Jwd3MMMKJ
everytime we touch,cascada,71.0,,2006-02-21,65.0,615439.0,0.0,0.0,0.633,0.976,0.493,-5.362,142.027,197124.0,0.00281,0.0519,1.29e-05,0.382,1eOHw1k2AoluG4VyjBHLzX
everytime we touch - radio edit,cascada,64.0,,2011-01-01,65.0,615439.0,0.0,0.0,0.64,0.977,0.493,-5.369,142.019,199120.0,0.00461,0.0555,1.68e-05,0.371,74PyndGWYtfs86n60lAsYW
everywhere,fleetwood mac,68.0,,1988-11-21,83.0,13973668.0,0.0,0.0,,,,,,,,,,,1prZ0pr6XoRCxcrC3MCL0M
everywhere - 2018 remaster,fleetwood mac,0.0,,1988,83.0,13966197.0,0.0,0.0,0.74,0.465,0.682,-10.85,114.957,223253.0,0.253,0.0325,0.0107,0.0927,0nNIpB8Rq3HTTE1ULbtFKs
evil twin - skit,eminem,30.0,,2013-11-05,88.0,104517308.0,0.0,1.0,,,,,,,,,,,52va9ph4XRXBL2Fwx7aAmX
ex bitch,xxxtentacion,73.0,,2019-12-06,,,0.0,0.0,0.835,0.462,0.702,-6.227,78.99,121671.0,0.513,0.155,0.0,0.0875,40KuvsFD0zpUFuCcmt5Xm0
ex's & oh's,elle king,75.0,,2015-02-13,63.0,670530.0,0.0,0.0,0.612,0.921,0.446,-2.882,139.988,202173.0,0.0183,0.085,0.0,0.0576,70eDxAyAraNTiD6lx2ZEnH
exchange,bryson tiller,78.0,,2015-10-02,80.0,10564033.0,0.0,0.0,,,,,,,,,,,43PuMrRfbyyuz4QpZ3oAwN
exes,tate mcrae,83.0,,2023-11-17,88.0,9256589.0,0.0,0.0,,,,,,,,,,,0HD8mbiPjp3o94X3EaZp0o
exes - regard remix,tate mcrae,50.0,,2024-02-02,88.0,9249502.0,0.0,0.0,,,,,,,,,,,4NXziaKXuKQAuuJ1Sjk5yA
exhale,sabrina carpenter,59.0,,2019-07-19,91.0,26559943.0,0.0,0.0,,,,,,,,,,,6CagMrZXJUdGGIw6Eaepos
exile,taylor swift,80.0,,2020-07-24,100.0,145443567.0,0.0,0.0,,,,,,,,,,,4pvb0WLRcMtbPGmtejJJ6y
experiment on me,halsey,41.0,,2020-02-06,80.0,22396044.0,0.0,0.0,,,,,,,,,,,0CDUUxU4MSg53nUbZF1ZRA
extraordinary girl / letterbomb,green day,50.0,,2004-09-21,80.0,17333748.0,0.0,0.0,,,,,,,,,,,3RBXNeUbe3X7ZBch00D2St
eyes closed,ed sheeran,3.0,,2023-03-24,88.0,122773292.0,0.0,0.0,,,,,,,,,,,07bsRv0pcpbG4zJeLsUs1p
f it up,jason derulo,0.0,,2019-11-08,76.0,12460242.0,0.0,0.0,0.847,0.853,0.811,-4.724,100.006,157078.0,0.11,0.123,0.0,0.14,6vYmcV1rKAs5YTcdBFOrtM
f**kin' perfect,p!nk,62.0,,2010-11-12,78.0,18205037.0,0.0,0.0,,,,,,,,,,,3MGJF1CDFGfjXESL2Heva0
f**kin' problems,a$ap rocky,75.0,,2013-06-30,82.0,17330082.0,0.0,0.0,,,,,,,,,,,4X5f3vT8MRuXF68pfjNte5
f.n,lil tjay,78.0,,2019-08-09,74.0,10192579.0,0.0,0.0,0.5645,0.5085,0.3215,-10.267,120.102,224000.0,0.3385,0.251,0.0,0.07685,0RLLvYBopDwooCyvnTwgYu
f33l lik3 dyin,playboi carti,57.0,,2020-12-25,86.0,15031490.0,0.0,0.0,,,,,,,,,,,1xVVYE1ahLotRpppJViVzs
face down,the red jumpsuit apparatus,76.0,,2006-01-01,62.0,1532727.0,0.0,0.0,0.545,0.932,0.464,-2.189,92.956,192000.0,0.000665,0.0399,0.0,0.127,4wzjNqjKAKDU82e8uMhzmr
fact lot year able,ryan lewis,59.0,1000.0,2015-07-14,,,0.0,0.0,0.29,0.88,,-15.32,147.99,344592.0,,,0.663,,TRK-41412ECC4CC3
fade to black,metallica,69.0,,2008-08-24,81.0,32161423.0,0.0,0.0,0.256,0.924,0.28,-6.685,113.574,417226.0,0.00369,0.113,0.234,0.114,5nekfiTN45vlxG0eNJQQye
fading,rihanna,50.0,,2010-01-01,90.0,68997177.0,0.0,1.0,,,,,,,,,,,3IS0tPKRymmP8GwXeuLNn2
failure is not an option (interlude),xxxtentacion,55.0,,2017-05-19,,,0.0,0.0,0.444,0.759,0.232,-6.709,177.911,43840.0,0.0533,0.515,1.22e-06,0.353,1st5ppYJ8p8yvicelw94zx
faint,linkin park,82.0,,2003-03-25,88.0,31785695.0,0.0,0.0,0.554,0.978,0.594,-3.554,135.095,162600.0,0.111,0.131,0.0,0.0731,4Yf5bqU3NK4kNOypcrLYwU
fair trade (with travis scott),drake,79.0,,2021-09-03,95.0,103039388.0,0.0,1.0,0.666,0.465,0.292,-8.545,167.937,291175.0,0.0503,0.26,0.0,0.215,40iJIUlhi6renaREYGeIDS
fairytale,marshmello,45.0,,2021-06-11,80.0,34476607.0,0.0,0.0,0.56,0.919,0.568,-4.344,144.964,155586.0,0.000253,0.0325,0.957,0.346,2N85JtbjMKeqNUgz7PqHFD
fairytale of new york,kt tunstall,0.0,,2012-01-01,,,0.0,0.0,0.447,0.555,0.33,-6.018,117.888,263866.0,0.218,0.0349,3.46e-06,0.124,3Vnes7v746dYzBn0FJTZ1W
faithful,drake,57.0,,2016-05-06,95.0,103094105.0,0.0,0.0,,,,,,,,,,,2qLcJOLrh6Djda4uLbldSA
faithfully,journey,68.0,,1983-02-01,73.0,6505444.0,0.0,0.0,0.3095,0.6085,0.271,-6.271,107.2995,267026.5,0.089,0.03015,0.0,0.09675,0l5TpsCL1ObiTEsHeWA0by
fake as fu@k,red hot chili peppers,66.0,,2022-10-14,82.0,23218829.0,0.0,0.0,0.599,0.777,0.401,-6.037,132.252,262373.0,0.0355,0.0922,0.00301,0.0936,7cpC2EuFMexgy392K13RZb
fake happy,paramore,64.0,,2017-05-12,79.0,9792848.0,0.0,0.0,0.734,0.626,0.44,-5.685,98.559,235706.0,0.076,0.0458,6.54e-06,0.168,6t44iU80A0h8WQ7vc4OoRj
fake love,bts,76.0,,2018-05-18,85.0,81181104.0,0.0,0.0,0.5453333333333333,0.7173333333333334,0.349,-4.585666666666667,103.30266666666667,242333.0,0.002636666666666667,0.040100000000000004,0.0,0.3053333333333333,3YspylwDrs1LuzPONbKmAL
fake love,drake,69.0,,2017-03-18,95.0,103039388.0,0.0,0.0,,,,,,,,,,,343YBumqHu19cGoGARUTsd
fake love - rocking vibe mix,bts,52.0,,2018-05-18,85.0,81181104.0,0.0,0.0,0.466,0.804,0.352,-4.009,154.901,238494.0,0.0573,0.0392,0.0,0.432,1WjGvMbHE23jEipydV80Mu
fake smile,ariana grande,63.0,,2019-02-08,90.0,107374593.0,0.0,0.0,,,,,,,,,,,3wFLWP0FcIqHK1wb1CPthQ
fall for you,secondhand serenade,53.0,,2012-09-11,,,0.0,0.0,0.396,0.451,0.358,-7.109,169.518,183600.0,0.177,0.0362,0.0,0.103,2fywBLXK9GQi8YR8C8d3c4
fall for you (acoustic),secondhand serenade,64.0,,2012-09-11,,,0.0,0.0,0.433,0.307,0.378,-8.796,178.114,176946.0,0.65,0.0327,0.0,0.0635,5V7mTIcXVU9k2JNu0mE6vy
fall in love,bailey zimmerman,2.0,,2022-02-11,,,0.0,0.0,0.524,0.643,0.39699999999999996,-6.055,135.962,232058.0,0.451,0.0297,0.0,0.221,08mp5CIILzrapwf3GX9sEH
falling,harry styles,78.0,,2019-12-13,80.0,34130771.0,0.0,0.0,,,,,,,,,,,1ZMiCix7XSAbfAJlEZWMCp
falling,trevor daniel,73.0,,2018-10-05,59.0,927698.0,0.0,0.0,0.785,0.431,0.236,-8.756,127.085,159381.0,0.123,0.0364,0.0,0.0887,0Aqi7ArnBrGblW5T6p2jmD
falling apart,skylar grey,36.0,,2022-04-28,65.0,672618.0,0.0,0.0,0.51,0.158,0.42,-12.34,120.114,163092.0,0.914,0.0359,0.0,0.112,5jHnXmEf1qldo6lpsmMJGx
falling in,lifehouse,43.0,,2011-05,63.0,2146238.0,0.0,0.0,0.653,0.849,0.493,-5.071,122.74,226280.0,0.000678,0.0283,0.0,0.0895,1SphYpzegC5wg8RV5kYkVv
falling like the stars,james arthur,71.0,,2019-10-18,79.0,20852039.0,0.0,0.0,,,,,,,,,,,395KzBy0bkb57dEvg6cfzJ
false alarm,the weeknd,63.0,,2016-11-25,93.0,112918137.0,0.0,1.0,,,,,,,,,,,4oeaIftdpT3JuZLcCkKmVE
false god,taylor swift,77.0,,2019-08-23,100.0,145396321.0,0.0,0.0,,,,,,,,,,,5hQSXkFgbxjZo9uCwd11so
false pretense,the red jumpsuit apparatus,64.0,,2024-03-14,62.0,1532727.0,0.0,0.0,0.509,0.93,0.783,-2.689,154.946,149640.0,0.00137,0.0474,0.0,0.152,2ZICF8SFI5tHttaLJKMY1X
family (with suzanna son),the weeknd,39.0,,2023-06-12,94.0,112995439.0,0.0,1.0,,,,,,,,,,,2abAetbkLHci6r1JhyWx8e
family affair (dance for me),david guetta,4.0,,2022-11-04,87.0,27139342.0,0.0,0.0,0.8690000000000001,0.726,0.343,-5.654,124.02299999999998,158391.0,0.0784,0.0459,0.0,0.107,5ISBiJcO6lfpOLqE1zzGVC
family ties (with kendrick lamar),baby keem,77.0,,2021-09-10,72.0,3127881.0,0.0,0.0,,,,,,,,,,,3QFInJAm9eyaho5vBzxInN
famous,ty dolla $ign,0.0,,2017-10-27,,,0.0,0.0,0.617,0.298,0.579,-9.527,78.016,200987.0,0.684,0.083,0.0,0.393,2C0Bdvg3JgpMfKlmIdO8Fl
famous last words,my chemical romance,73.0,,2007-12-11,78.0,10298850.0,0.0,0.0,0.467,0.883,0.309,-3.679,122.252,299226.0,0.000321,0.106,0.000152,0.125,2d6m2F4I7wCuAKtSsdhh83
fancy,iggy azalea,67.0,,2014-01-01,67.0,6619312.0,0.0,0.0,,,,,,,,,,,3oiMJQAWVaxSubJ7b2VUtX
fancy like,walker hayes,77.0,,2021-06-04,,,0.0,0.0,0.647,0.765,0.855,-6.459,79.994,161853.0,0.111,0.06,0.0,0.315,58UKC45GPNTflCN6nwCUeF
fantasy,bazzi,75.0,,2018-04-12,66.0,5506553.0,0.0,0.0,0.699,0.668,0.314,-4.272,144.105,148229.0,0.154,0.0336,3.2e-06,0.362,1i36kkhmhBxf4lYJscg5zK
far away,nickelback,73.0,,2024-11-15,78.0,7846032.0,0.0,0.0,0.518,0.797,0.293,-5.153,132.918,238173.0,0.000681,0.0309,0.0,0.107,0ADZ5dmXhlfzjMw6lefoPl
fashion killa,a$ap rocky,80.0,,2013-06-30,82.0,17330082.0,0.0,0.0,,,,,,,,,,,0O3TAouZE4vL9dM5SyxgvH
fast,luke bryan,32.0,,2015-08-07,74.0,9407321.0,0.0,0.0,,,,,,,,,,,3GcT2pBuyP5hThxYyfRGjp
fast car,luke combs,82.0,,2023-03-24,83.0,13400486.0,0.0,0.0,,,,,,,,,,,1Lo0QY9cvc8sUB2vnIOxDT
fast car (cover),passenger,57.0,,2016,67.0,3758140.0,0.0,0.0,0.582,0.421,0.333,-8.731,92.881,235812.0,0.155,0.029,9.06e-05,0.0905,1YMVXl39bk37KZGuUhzRw6
father figure,taylor swift,94.0,,2025-10-03,100.0,145542136.0,0.0,0.0,,,,,,,,,,,03bTIHJElXZ0O0jqOQvAbY
father stretch my hands pt. 1,kanye west,78.0,,2016-06-10,89.0,31038851.0,0.0,0.0,,,,,,,,,,,4KW1lqgSr8TKrvBII0Brf8
favorita,ozuna,65.0,,2022-10-07,,,0.0,0.0,0.783,0.489,0.732,-4.853,170.003,208133.0,0.141,0.0956,0.00915,0.303,2sZzEKY3DxpY8V87SuYoU2
favorite crime,olivia rodrigo,81.0,,2021-05-21,84.0,49050008.0,0.0,0.0,,,,,,,,,,,5JCoSi02qi3jJeHdZXMmR8
favorite song,toosii,64.0,,2023-02-17,63.0,2342730.0,0.0,0.0,,,,,,,,,,,1SRw5p2lVAi7RGlHEmZg66
favorite time of year,carrie underwood,1.0,,2021-09-24,68.0,6125781.0,0.0,0.0,0.509,0.881,0.509,-5.302,141.881,195320.0,0.00489,0.0497,0.0,0.359,5qWwotKwu8uj7IoSFvbAmk
favorite time of year - amazon original,carrie underwood,0.0,,2021-09-24,68.0,6125781.0,0.0,0.0,0.49700000000000005,0.8969999999999999,0.539,-4.21,142.007,197223.0,0.006349999999999999,0.05129999999999999,0.0,0.305,2Qz1rfYZtRq6hLUqs2Afgj
fe!n,travis scott,83.0,,2023-07-28,89.0,41131037.0,0.0,1.0,,,,,,,,,,,42VsgItocQwOQC3XWZ8JNA
fearless,taylor swift,28.0,,2017-11-09,100.0,145443567.0,0.0,0.0,,,,,,,,,,,43sE2O3skbGBpT2tO6fzv9
fearless (taylor’s version),taylor swift,73.0,,2021-04-09,100.0,145396321.0,0.0,0.0,,,,,,,,,,,77sMIMlNaSURUAXq5coCxE
feather,sabrina carpenter,81.0,,2023-03-17,91.0,26516295.0,0.0,0.0,,,,,,,,,,,2Zo1PcszsT9WQ0ANntJbID
feel,post malone,56.0,,2016-12-09,85.0,47716988.0,0.0,0.0,,,,,,,,,,,7MTIDmToGs0I5Oue9V0CHl
feel again,onerepublic,59.0,,2012-10-05,,,0.0,0.0,0.469,0.8185,0.349,-7.973,140.027,185080.0,0.019950000000000002,0.0531,6.15e-07,0.11149999999999999,1nE1VjP943pIuFdNWcLgYM
feel good inc.,gorillaz,89.0,,2005-05-23,82.0,14505359.0,0.0,0.0,0.818,0.705,0.772,-6.679,138.559,222640.0,0.00836,0.177,0.00233,0.613,0d28khcov6AiegSCpG5TuT
feel it still,portugal. the man,83.0,,2017-06-16,69.0,1525079.0,0.0,0.0,,,,,,,,,,,6QgjcU0zLnzq5OrUoSZ3OK
feel no ways,drake,76.0,,2016-05-06,95.0,103067383.0,0.0,0.0,,,,,,,,,,,3cjF2OFRmip8spwZYQRKxP
feel so close - radio edit,calvin harris,81.0,,2012-08-27,84.0,23079295.0,0.0,0.0,0.7035,0.9235,0.9115,-2.846,127.9445,207146.5,0.0009495,0.0317,0.007645,0.1503,1gihuPhrLraKYrJMAEONyc
feel so right,max,20.0,,2001-12-05,,,0.0,0.0,0.735,0.92,0.54,-3.404,97.907,236466.0,0.05,0.0522,0.0,0.138,7I97m2087urgqViohDa1oj
feel this moment,pitbull,79.0,,2012-06-30,84.0,11936949.0,0.0,0.0,,,,,,,,,,,0Hf4aIJpsN4Os2f0y0VqWl
feeling whitney,post malone,71.0,,2016-12-09,86.0,47720209.0,0.0,0.0,,,,,,,,,,,35r28RDot7nPE7y9K9H7l0
feelings,lauv,72.0,,2019-09-19,73.0,6816695.0,0.0,0.0,0.7,0.392,0.25,-8.911,103.044,189906.0,0.0578,0.033,0.0,0.0802,0s26En1JoJhVj32vizElpA
feels,calvin harris,77.0,,2017-06-30,84.0,23078931.0,0.0,0.0,,,,,,,,,,,5bcTCxgc7xVfSaMV3RuVke
feels in my body,icona pop,53.0,,2020-08-07,66.0,778810.0,0.0,0.0,0.653,0.869,0.83,-3.907,122.047,159045.0,0.0372,0.0583,8.73e-05,0.158,6wzwvyZ4kVPoUYDYjgErWJ
feels like,gracie abrams,71.0,,2021-10-01,82.0,7403257.0,0.0,0.0,0.617,0.483,0.176,-7.359,144.99,152317.0,0.702,0.0458,0.000216,0.121,35IcAVSMsU9qzHfpPbvC8A
feels like tonight,daughtry,49.0,,2008-08-29,65.0,2382165.0,0.0,0.0,0.483,0.903,0.318,-3.151,130.986,238733.0,0.000849,0.0451,0.0,0.118,2tVCFmn2zKg2wGXS1TCIIA
felices los 4,maluma,74.0,,2017-05-26,83.0,38568546.0,0.0,0.0,0.766,0.756,0.716,-5.861,94.027,230000.0,0.213,0.132,0.0,0.349,1RouRzlg8OKFeqc6LvdxmB
feliz navidad,kacey musgraves,1.0,,2016-10-28,,,0.0,0.0,0.724,0.566,0.873,-5.117,131.174,201373.0,0.617,0.030499999999999996,0.00023000000000000003,0.23400000000000004,0Q8L3edvNAAJ3CWgp1HxOO
fell in luv,playboi carti,74.0,,2018-05-11,86.0,15026799.0,0.0,0.0,,,,,,,,,,,1s9DTymg5UQrdorZf43JQm
femininomenon,chappell roan,76.0,,2023-09-22,82.0,7299563.0,0.0,0.0,,,,,,,,,,,53IRnAWx13PYmoVYtemUBS
fenceposts,cody johnson,0.0,,2018-10-26,73.0,1943383.0,0.0,0.0,0.455,0.628,0.40199999999999997,-6.253,160.0,177040.0,0.31,0.0272,1.85e-06,0.223,0KL1FSJmz6Fie5xnzhfbIw
fetish,selena gomez,75.0,,2017-07-13,81.0,53263844.0,0.0,0.0,0.708,0.618,0.265,-4.424,123.013,186112.0,0.0204,0.0592,6.81e-06,0.062,4lnAN2S1fcI0SjxEbksZVr
fever,dua lipa,65.0,,2020-03-27,85.0,46891061.0,0.0,0.0,,,,,,,,,,,3F1P0QzdXtBz0MXy7KIO5w
fever,elvis presley,54.0,,2011,,,0.0,0.0,0.711,0.0939,0.392,-21.255,61.657,212920.0,0.742,0.0486,0.0644,0.112,73m8WuJlhzVusTVzJCGaDZ
fever,wizkid,56.0,,2022-11-16,79.0,9449714.0,0.0,0.0,0.755,0.806,0.892,-4.618,98.008,252244.0,0.544,0.0479,0.000114,0.0908,5mN3xSyvCmFy1jkdA98IfS
"fever - live at the honolulu international center, hawaii january 14, 1973",elvis presley,25.0,,1984,,,0.0,0.0,0.638,0.19,0.279,-19.574,115.311,169773.0,0.695,0.129,0.446,0.673,2EylEfBPBiBMZ3HnSk6Fn5
fifteen,taylor swift,27.0,,2017-11-09,100.0,145489371.0,0.0,0.0,,,,,,,,,,,0H2UD0LfSCiRr59YMGlCuS
fifteen (taylor’s version),taylor swift,62.0,,2021-04-09,100.0,145396321.0,0.0,0.0,,,,,,,,,,,2nqio0SfWg6gh2eCtfuMa5
fight fire with fire,metallica,61.0,,2024-09-20,81.0,32161423.0,0.0,0.0,0.283,0.988,0.133,-7.017,90.791,284506.0,3.75e-05,0.111,0.728,0.0712,6ckozbGmOusAnLT2LEbERy
fight like a girl,evanescence,50.0,,2025-06-06,75.0,6165678.0,0.0,0.0,,,,,,,,,,,74G6GBqKuZcMGZ4xllPwfC
fight song,rachel platten,73.0,,2015-06-19,58.0,1007753.0,0.0,0.0,0.564,0.714,0.33,-4.987,175.924,204013.0,0.0549,0.129,0.0,0.155,37f4ITSlgPX81ad2EvmVQr
figueroa,megan thee stallion,43.0,,2024-06-28,76.0,10892928.0,0.0,0.0,,,,,,,,,,,18jgn5QOjqsEx9TiqH4e1E
figure.09,linkin park,60.0,,2003-03-25,88.0,31785695.0,0.0,0.0,0.518,0.951,0.537,-3.198,98.068,197506.0,0.00919,0.0529,0.0,0.148,0rPTPahzhGx9LSzI8XX5OM
figured you out,nickelback,61.0,,2003-09-22,78.0,7846032.0,0.0,0.0,0.544,0.867,0.726,-5.527,93.925,228480.0,2.63e-05,0.0517,0.0165,0.266,1Yuim9eHBfG8YUJII28XDF
fill 'er up,jon pardi,0.0,,2022-09-02,73.0,2338518.0,0.0,0.0,0.652,0.746,0.876,-5.325,135.063,168512.0,0.0142,0.0286,0.0,0.272,20oObdEfRtnT9PkZ6YqOP2
film out,bts,70.0,,2021-04-01,,,0.0,0.0,0.501,0.7095,0.3035,-6.393,122.982,215603.0,0.2965,0.10950000000000001,0.0,0.33,3UHPGOkUcE4hE7sqBF4Snt
filter,bts,76.0,,2020-02-21,,,0.0,0.0,0.779,0.762,0.859,-5.188,110.043,180220.0,0.0224,0.0631,0.0,0.121,2ZXXwpomdj8xBYl352iyKH
fina,bad bunny,74.0,,2023-10-13,95.0,102500980.0,0.0,1.0,,,,,,,,,,,3nNmRE0DxHC6ZaKkrpUumS
final fantasy,drake,54.0,,2018-06-29,95.0,103067383.0,0.0,0.0,,,,,,,,,,,44Du2IM1bGY7dicmLfXbUs
final masquerade,linkin park,64.0,,2014-06-09,88.0,31785695.0,0.0,0.0,0.466,0.852,0.428,-4.487,164.032,217613.0,0.00774,0.0585,2.6e-06,0.0989,3aYBjxTMvrEOP0A0UXg9ER
finally // beautiful stranger,halsey,56.0,,2020-01-17,80.0,22396044.0,0.0,0.0,,,,,,,,,,,42SOtYBdnfj9zEdZSlAq5k
finally talk,stephen sanchez,42.0,2000.0,2016-05-29,71.0,1873452.0,0.0,0.0,0.28,0.68,,-3.07,176.85,118057.0,,,0.075,,TRK-3FD695856F30
find me,marshmello,48.0,,2015-03-12,80.0,34476607.0,0.0,0.0,0.557,0.889,0.173,-4.045,142.015,180000.0,0.00012,0.0499,0.000225,0.325,6aWiGv6hPG0o3ri7QHNs8t
find out,megan thee stallion,42.0,,2024-06-28,76.0,10888670.0,0.0,0.0,,,,,,,,,,,7J0N8YDjfrlEPJo2ZzGjYG
find your love,drake,66.0,,2010-01-01,95.0,103067383.0,0.0,0.0,,,,,,,,,,,4BycRneKmOs6MhYG9THsuX
fine line,harry styles,76.0,,2019-12-13,80.0,34130771.0,0.0,0.0,,,,,,,,,,,6VzcQuzTNTMFnJ6rBSaLH9
finer things,post malone,59.0,,2024-08-15,85.0,47716988.0,0.0,0.0,,,,,,,,,,,4Kd9tBUgpXv26OfR6ugBv1
finesse,bruno mars,74.0,,2016-11-17,89.0,75455093.0,0.0,0.0,,,,,,,,,,,5XMkENs3GfeRza8MfVAhjK
finesse,drake,74.0,,2018-06-29,95.0,103067383.0,0.0,0.0,,,,,,,,,,,2WP8G2pdddDmnh1xbfKBOI
finesse - remix; feat. cardi b,bruno mars,75.0,,2017-12-20,90.0,75492598.0,0.0,0.0,,,,,,,,,,,3Vo4wInECJQuz9BIBMOu8i
fingertips,onerepublic,48.0,,2016-10-07,,,0.0,0.0,0.357,0.281,0.0507,-11.982,130.857,255786.0,0.901,0.0417,3.53e-05,0.0927,7FQgwxkgClQLTwEilUlscr
fire,red hot chili peppers,1.0,,2000-01,82.0,23218829.0,0.0,0.0,0.421,0.986,0.263,-1.795,105.83,123800.0,0.00482,0.152,0.0,0.295,1c9MeAa2tLEoZl5osXf5Ts
fire & desire,drake,73.0,,2016-05-06,95.0,103039388.0,0.0,0.0,,,,,,,,,,,4BhGTc3Cgay2U1QcTS7vQe
fire and the flood,vance joy,66.0,,2018-01-29,74.0,3482109.0,0.0,0.0,0.596,0.827,0.329,-4.402,115.034,249382.0,0.0242,0.0372,0.0,0.0958,6liNJDyWJjyHAgDnAX95bw
fire away (with kid harpoon),skrillex,42.0,,2014-03-14,74.0,7528679.0,0.0,0.0,,,,,,,,,,,3G6f32IgEKsInHsy2J4r5J
fire burning,sean kingston,74.0,,2009-09-07,70.0,3768378.0,0.0,0.0,,,,,,,,,,,2oENJa1T33GJ0w8dC167G4
fire on fire,sam smith,78.0,,2020-10-30,81.0,26275803.0,0.0,0.0,0.584,0.408,0.333,-7.356,115.129,246735.0,0.476,0.0461,0.0,0.18,7t3Xdbufg7q2onVsR8RBdY
fire truck,pinkfong,43.0,,2018-05-28,,,0.0,0.0,0.687,0.872,0.831,-4.436,130.987,75232.0,0.305,0.361,0.0,0.355,2AHVwkBqH9Xveyc104mEAN
fireball,pitbull,79.0,,2014-11-24,84.0,11933906.0,0.0,0.0,,,,,,,,,,,4Y7XAxTANhu3lmnLAzhWJW
fireflies,owl city,78.0,,2010,66.0,2503055.0,0.0,0.0,0.5126666666666667,0.6626666666666666,0.4746666666666666,-6.798333333333333,180.16133333333335,228346.0,0.02716666666666667,0.04663333333333333,0.0,0.118,1spwauDAwyEaot3ZxKdRYa
firestone,kygo,3.0,,2015-06-24,76.0,8669911.0,0.0,0.0,,,,,,,,,,,2sNvitW3TxiTeC9xT9f2ZZ
firework,katy perry,70.0,,2010-08-24,83.0,38409786.0,0.0,0.0,0.637,0.867,0.652,-3.686,124.069,227973.0,0.143,0.05,0.0,0.11,1mXuMM6zjPgjL4asbBsgnt
firm never,michael jackson,62.0,3000.0,2024-06-15,85.0,37446069.0,0.0,0.0,0.38,0.93,,-16.82,169.41,283864.0,,,0.407,,TRK-F88E404B07C9
first class,jack harlow,79.0,,2022-05-06,75.0,4349241.0,0.0,0.0,0.9048636363636363,0.5638636363636363,0.32436363636363635,-6.124409090909091,106.99831818181819,173947.0,0.02929090909090909,0.10231818181818181,9.413181818181819e-06,0.1129090909090909,0rAuw3mWHHQZm5iczkEJHU
first person shooter,drake,72.0,,2023-10-06,95.0,103039388.0,0.0,0.0,,,,,,,,,,,7aqfrAY2p9BUSiupwk3svU
first place,justin bieber,65.0,,2025-07-11,91.0,85008100.0,0.0,0.0,,,,,,,,,,,4ZZJ7S4Z1pEIvTUgN1oRzS
fix you,coldplay,85.0,,2005-06-07,88.0,60830643.0,0.0,0.0,,,,,,,,,,,3IZRXXbuyjqogpb6pYfNX9
fixing a hole,the beatles,54.0,,2005,82.0,30721676.0,0.0,0.0,0.469,0.507,0.619,-8.917,112.984,156826.0,0.382,0.0451,0.0,0.0783,3pKKxkeB1pOUMHwWBmKc3Y
flames,david guetta,63.0,,2018-03-22,87.0,27143729.0,0.0,0.0,,,,,,,,,,,33IOhptvC2Qoy2UhjiHXLV
flashback,calvin harris,56.0,,2014-06-02,84.0,23079295.0,0.0,0.0,0.266,0.95,0.158,-5.646,127.986,227880.0,0.00212,0.05,0.000991,0.0922,6A8llSO9QFF4djCCmuCrNu
flashing lights,kanye west,85.0,,2007-09-11,89.0,31045858.0,0.0,0.0,,,,,,,,,,,5TRPicyLGbAF2LGBFbHGvO
flatbed freestyle,playboi carti,66.0,,2018-05-11,86.0,15031490.0,0.0,0.0,,,,,,,,,,,5nayhWICkQGMTkisxVMbRw
flatliner,cole swindell,38.0,,2022-04-15,64.0,2565642.0,0.0,0.0,,,,,,,,,,,2rY8Gs6QwdvQvx9mbUGRLn
floor 555,xxxtentacion,71.0,,2022,,,0.0,0.0,0.695,0.686,0.354,-8.147,105.219,93447.0,0.000424,0.0478,0.0023,0.365,6r7ULK6c5CLVvImjTIztl1
florida kilos,lana del rey,64.0,,2014-01-01,88.0,51821190.0,0.0,0.0,,,,,,,,,,,0iQPnK3bi7O27c5T2HBTdr
florida!!!,taylor swift,69.0,,2024-04-19,100.0,145396321.0,0.0,0.0,,,,,,,,,,,5ExOm0dh4NyRyAdSAO9hyM
flowers,miley cyrus,84.0,,2023-01-13,81.0,26564677.0,0.0,0.0,,,,,,,,,,,0yLdNVWF3Srea0uzk55zFn
flowers (demo),miley cyrus,51.0,,2023-08-18,81.0,26561582.0,0.0,0.0,,,,,,,,,,,1ZJwhLQLt2quexYKP2Q3gk
flowers in your hair,the lumineers,64.0,,2011-10-11,76.0,5903211.0,0.0,0.0,0.676,0.609,0.557,-10.183,127.45,110560.0,0.753,0.034,5.85e-05,0.209,7thzIJfxiZNZaPFA5OR9s1
floyd the barber,nirvana,56.0,,1989-06-15,81.0,23384088.0,0.0,0.0,0.443,0.878,0.683,-6.717,136.567,138047.0,0.000788,0.0418,0.56,0.0623,0aMqNFBj9KtPTD3c3tByRT
floyd the barber - live at the paramount,nirvana,20.0,,1991-09-26,81.0,23384088.0,0.0,0.0,,,,,,,,,,,0gO3C9rlSBYFKxxhI6F48j
flux,ellie goulding,0.0,,2019-03-01,78.0,13212719.0,0.0,0.0,0.509,0.415,0.393,-6.502,93.576,230973.0,0.856,0.0272,0.0,0.14,02kqIWKi4zOQ2hIjUAfhqb
fly,eric turner,39.0,1000.0,2018-08-21,,,0.0,0.0,0.52,0.32,,-20.72,107.07,91521.0,,,0.399,,TRK-620DB382A35E
fly from the inside,shinedown,27.0,,2011-05-03,,,0.0,0.0,0.474,0.924,0.345,-4.277,96.146,235026.0,3.37e-05,0.0467,0.00105,0.044,0TCCfsT1a8x6p0MG0omJxi
fly on the wall,miley cyrus,51.0,,2008-01-01,81.0,26561582.0,0.0,0.0,,,,,,,,,,,2f6s0AcBRBE0vIOU0NMdXw
fly to my room,bts,67.0,,2020-11-20,,,0.0,0.0,0.764,0.526,0.588,-7.355,114.91,222242.0,0.0484,0.212,0.0,0.0718,1NHl9g36Ebu3g16y0vtUNV
folded,kehlani,88.0,,2025-06-11,78.0,8661889.0,0.0,0.0,,,,,,,,,,,0bxPRWprUVpQK0UFcddkrA
follow god,kanye west,71.0,,2019-10-25,89.0,31045858.0,0.0,0.0,,,,,,,,,,,2QpGZOhTCHHiKmpSO9FW4h
follow you,imagine dragons,73.0,,2021,85.0,58375520.0,0.0,0.0,0.542,0.732,0.489,-5.956,124.912,175643.0,0.00209,0.0521,7.92e-05,0.496,1skWrgJrEi6ZB4Wt5tYYAb
fool to cry,the rolling stones,0.0,,1981-04-14,77.0,15714574.0,0.0,0.0,0.384,0.448,0.27,-7.397,135.128,305920.0,0.9,0.043,0.0561,0.114,6WISfiNXEcOMBFEQ5Gla1H
footprints on the moon,gabby barrett,0.0,,2020-06-12,,,0.0,0.0,0.506,0.749,0.372,-4.982,151.928,190223.0,0.00648,0.0388,2.03e-05,0.223,3hTB92pIwUNcIvpjvpyzDA
for no one,the beatles,62.0,,1994,82.0,30721676.0,0.0,0.0,0.483,0.351,0.713,-10.487,81.208,119813.0,0.783,0.0278,0.0,0.115,1kDkaFlmkdEZiVUogaP9OZ
for the first time,the script,62.0,,2011-01-18,74.0,8810761.0,0.0,0.0,,,,,,,,,,,09ZcYBGFX16X8GMDrvqQwt
for the night,pop smoke,74.0,,2020-07-03,75.0,15612601.0,0.0,0.0,,,,,,,,,,,0PvFJmanyNQMseIFrU708S
for those about to rock (we salute you),ac/dc,67.0,,2007-10-16,,,0.0,0.0,0.37,0.919,0.471,-5.721,134.021,344240.0,0.000376,0.102,0.419,0.49,17lu4tymfnhmcIDlzBbtAb
for whom the bell tolls,metallica,73.0,,2025-11-15,81.0,32161423.0,0.0,0.0,0.518,0.858,0.249,-6.147,117.897,309973.0,0.00563,0.0672,0.00349,0.0598,2dXsILW8gzkosqleHAvl0v
for you,swedish house mafia,55.0,,2022-04-15,75.0,3948613.0,0.0,0.0,0.461,0.644,0.0372,-6.12,122.012,322298.0,0.138,0.0482,0.054,0.142,7AN0hFYz8HBixfNKRn1sls
for youth,bts,78.0,,2022-06-10,,,0.0,0.0,0.633,0.511,0.29,-5.665,116.855,264480.0,0.434,0.0368,0.0,0.248,4JzCFEc3O2UEdjKzevvFH5
forbidden voices,martin garrix,61.0,,2015-07-24,74.0,15121577.0,0.0,0.0,0.534,0.711,0.3,-5.927,128.102,230634.0,0.05,0.0368,0.0031,0.135,6EsH66Uto1zwZlDGQ6RokU
foreign,playboi carti,68.0,,2018-05-11,86.0,15031490.0,0.0,0.0,,,,,,,,,,,500l6Cwe40hkPqS7Sf7ufY
forever,lewis capaldi,71.0,,2019-05-17,79.0,14039018.0,0.0,0.0,,,,,,,,,,,12OLyHDxt6dqlAybSPFBK3
forever & again,the kid laroi,45.0,,2023-07-21,79.0,6595164.0,0.0,0.0,,,,,,,,,,,2pdbNPIBRuAyspK97Blj0a
forever & always,taylor swift,24.0,,2017-11-09,100.0,145489371.0,0.0,0.0,,,,,,,,,,,0QCS4NpURHvWdF1icdkfBw
forever & always (piano version) (taylor’s version),taylor swift,58.0,,2021-04-09,100.0,145443567.0,0.0,0.0,,,,,,,,,,,01QdEx6kFr78ZejhQtWR5m
forever & always (taylor’s version),taylor swift,63.0,,2021-04-09,100.0,145396321.0,0.0,0.0,,,,,,,,,,,1msEuwSBneBKpVCZQcFTsU
forever after all,luke combs,79.0,,2020-10-23,83.0,13400486.0,0.0,0.0,0.487,0.65,0.456,-5.195,151.964,232533.0,0.191,0.0253,0.0,0.0933,6IBcOGPsniK3Pso1wHIhew
forever be mine,gunna,64.0,,2025-08-07,85.0,10342615.0,0.0,0.0,,,,,,,,,,,46yD4yZk5XdaLWM6WSN8cC
forever young,david guetta,73.0,,2024-10-18,87.0,27141717.0,0.0,0.0,,,,,,,,,,,3bg2qahpZmsg5wV2EMPXIk
forget me,lewis capaldi,72.0,,2022-09-09,79.0,14043382.0,0.0,0.0,,,,,,,,,,,3iHzKA9HlXf5wsGdsrsnSA
forgot about dre,dr. dre,78.0,,2000,78.0,15085473.0,0.0,1.0,0.924,0.74,0.621,-1.299,133.974,222293.0,0.0827,0.0774,0.0,0.163,7iXF2W9vKmDoGAhlHdpyIa
forgot about you,onerepublic,47.0,,2021-08-27,,,0.0,0.0,0.793,0.627,0.544,-5.689,142.91,173249.0,0.318,0.0528,0.0,0.0696,73xYQWRzImNfVHhz0x9ETV
forgotten,linkin park,67.0,,2000-10-24,88.0,31806929.0,0.0,0.0,0.6153333333333334,0.947,0.498,-3.817,108.19466666666666,194426.0,0.013199999999999998,0.11,0.0,0.36599999999999994,3JAu2BH8sSI46rJGzQerb6
formation,beyoncé,69.0,,2016-04-23,84.0,41172203.0,0.0,0.0,,,,,,,,,,,6g0Orsxv6glTJCt4cHsRsQ
forrest gump,frank ocean,69.0,,2012-07-10,83.0,20280852.0,0.0,0.0,0.701,0.417,0.186,-7.818,95.003,194840.0,0.0888,0.0329,0.000648,0.375,4YZbVct8l9MnAVIROnLQdx
fort lauderdale chamber of commerce,elvis presley,22.0,,1993,,,0.0,0.0,0.69,0.215,0.904,-15.494,114.561,90706.0,0.787,0.0467,0.0,0.206,2Mp8l8gam0wRVnbZQDHLg5
fortnight,taylor swift,81.0,,2024-04-18,100.0,145489371.0,0.0,0.0,,,,,,,,,,,2OzhQlSqBEmt7hmkYxfT6m
fortunate son,creedence clearwater revival,82.0,,1991,77.0,7945600.0,0.0,0.0,0.64,0.663,0.664,-7.516,132.769,140773.0,0.201,0.03735,0.00806,0.152,4BP3uh0hFLFRb5cjsgLqDh
forward,beyoncé,49.0,,2016-04-23,84.0,41180800.0,0.0,0.0,,,,,,,,,,,2bOWJIYSbhwg2NMQq1QMYH
força,nelly furtado,0.0,,2010-11-29,77.0,4725236.0,0.0,0.0,0.651,0.86,0.543,-5.065,122.906,221306.0,0.156,0.0346,0.0181,0.127,5Os2brRE8flEq52NpFBCUO
four pink walls,alessia cara,35.0,,2015-11-13,72.0,12274170.0,0.0,0.0,,,,,,,,,,,5E1ufbOHRSVQMPpBgXWSaC
fourfiveseconds,rihanna,76.0,,2015-01-24,90.0,69030894.0,0.0,1.0,,,,,,,,,,,78TTtXnFQPzwqlbtbwqN0y
frances farmer will have her revenge on seattle,nirvana,59.0,,1993-09-21,81.0,23384088.0,0.0,0.0,0.482,0.723,0.554,-10.08,117.051,250013.0,5.66e-05,0.0425,0.000432,0.0939,06B04lID9HGPwPWwBkTQfU
freak,lana del rey,67.0,,2015-09-18,88.0,51798111.0,0.0,0.0,,,,,,,,,,,3sYDVtqO35oRSOIMx7dOqR
freaky friday,lil dicky,73.0,,2018-03-16,59.0,2046209.0,0.0,0.0,0.755,0.599,0.755,-5.042,133.123,216631.0,0.147,0.224,0.0,0.109,6dbSBQXCctYSVryynHXaZ4
free fallin',tom petty,77.0,,1989-11-20,68.0,2969744.0,0.0,0.0,0.62,0.49025,0.569,-12.00475,84.347,255760.0,0.09905,0.025075,0.0,0.060325,34a89MbC7QXsUsLkljLgXX
"free fallin' - live at the nokia theatre, los angeles, ca - december 2007",john mayer,72.0,,2025-02-02,,,0.0,0.0,0.315,0.296,0.435,-13.262,173.509,263573.0,0.771,0.0315,0.0,0.702,4LloVtxNZpeh7q7xdi1DQc
freedom,beyoncé,62.0,,2016-04-23,84.0,41176723.0,0.0,0.0,,,,,,,,,,,7aBxcRw77817BrkdPChAGY
freedom,dierks bentley,0.0,,2016-05-27,65.0,3316476.0,0.0,0.0,0.547,0.832,0.544,-5.111,91.032,216000.0,0.00192,0.029,0.0,0.2,79mxynFVrkYCXwFEsgZmCX
freedom,wham!,60.0,,2003,,,0.0,0.0,0.591,0.651,0.824,-12.882,132.538,302200.0,0.42,0.0424,1.94e-06,0.129,0PhU6i6Kei6x0CH3jocvA3
frequency 75,dj snake,47.0,,2019-07-25,,,0.0,0.0,0.664,0.774,0.125,-8.961,108.023,266666.0,0.0039,0.122,0.449,0.088,3SSzqNGH8gRHBXohGx7BcV
fresh n clean,fetty wap,40.0,,2019-12-20,70.0,5124204.0,0.0,0.0,0.792,0.675,0.789,-5.82,158.987,193193.0,0.212,0.208,0.0,0.11,2NXQlpLdAb6eoa2QhTIIbX
fresh out the slammer,taylor swift,69.0,,2024-04-19,100.0,145396321.0,0.0,0.0,,,,,,,,,,,7IWcDWOfiooH5hRs9XOVYz
friday i'm in love - live from glastonbury,olivia rodrigo,61.0,,2025-09-08,84.0,49050008.0,0.0,0.0,,,,,,,,,,,388JceJm7784qgHipfPKmr
fried (she a vibe),future,65.0,,2024-03-22,88.0,22688560.0,0.0,0.0,,,,,,,,,,,28xOPIPw0joNPwYd0asIT5
friend,gracie abrams,63.0,,2020-07-14,82.0,7403257.0,0.0,0.0,0.7,0.494,0.229,-4.908,132.943,176946.0,0.742,0.0463,0.0,0.304,6fGSHpEipD1YjtLLChnBzW
friendly fire,linkin park,48.0,,2024-04-12,88.0,31785695.0,0.0,0.0,,,,,,,,,,,7hPBYRCHcBUMT7I5V9Go2s
friends,bts,71.0,,2019-06-28,,,0.0,0.0,0.55,0.747,0.649,-5.211,79.979,199338.0,0.0668,0.0407,0.0,0.0536,5RjUtRlDonw3TBgGGMLC5b
friends,ella henderson,0.0,,2019-11-08,,,0.0,0.0,0.747,0.537,0.453,-5.76,97.056,178298.0,0.198,0.0413,1.24e-05,0.18,4k8XDEK1qII67HXtOpcl0G
friends,marshmello,17.0,,2018-07-13,80.0,34476607.0,0.0,0.0,0.626,0.88,0.534,-2.384,95.079,202620.0,0.205,0.0504,0.0,0.128,08bNPGLD8AhKpnnERrAc6G
friends (with bloodpop®),justin bieber,69.0,,2017-08-17,91.0,85022258.0,0.0,0.0,,,,,,,,,,,7iNIg7XDEaYECfWD5dJ9Va
from austin,zach bryan,43.0,,2022-12-25,84.0,7325625.0,0.0,0.0,0.5,0.485,0.379,-7.94,109.755,207453.0,0.633,0.0422,1.26e-06,0.107,5D2cMPwNY9Ftb7vqInLLQK
from eden,hozier,63.0,,2014-05-20,82.0,9114093.0,0.0,0.0,0.395,0.676,0.315,-5.46,142.929,283466.0,0.608,0.0498,4.86e-05,0.117,0bkW98npv8EsWQ2fXFzK56
from me to you - mono / remastered,the beatles,58.0,,2025,82.0,30721676.0,0.0,0.0,0.581,0.821,0.968,-4.387,136.145,116160.0,0.507,0.0318,0.0,0.108,1euKWJfJSfPhgSendPrcXb
from the dining table,harry styles,69.0,,2017-05-12,80.0,34136120.0,0.0,0.0,,,,,,,,,,,1IF5UcqRO42D12vYwceOY6
from the inside,linkin park,67.0,,2003-11-17,88.0,31785695.0,0.0,0.0,0.466,0.965,0.453,-2.597,95.028,173933.0,0.042,0.0904,0.0,0.101,60IkVf7UfQXmt5CwkpcX8a
from the inside - live lp underground tour 2003,linkin park,46.0,,2011-03-09,88.0,31785695.0,0.0,0.0,0.44,0.961,0.542,-4.467,95.035,175960.0,0.000993,0.0787,0.000102,0.409,3G1DSRBTgxytBpYqkscT2q
from where you are,lifehouse,55.0,,2007-11-06,63.0,2146238.0,0.0,0.0,0.363,0.408,0.271,-10.861,87.335,181280.0,0.185,0.0273,2.94e-06,0.113,5ef3mAxAAjk93V6IpriOrz
frontin',pharrell williams,66.0,,2003-08-19,79.0,5316473.0,0.0,0.0,,,,,,,,,,,0iFOG4Ki9aDmJUYUFHQlPG
frosty the snowman - 1991 remix,the beach boys,2.0,,1991,,,0.0,0.0,0.426,0.473,0.937,-7.924000000000001,181.752,114551.0,0.353,0.0335,0.0,0.0234,33ChkGU26Kcs4M16oAJLTB
ftcu,nicki minaj,68.0,,2023-12-08,84.0,34293318.0,0.0,0.0,,,,,,,,,,,1a73gcEg6h6Re6hHXoVltJ
fu,miley cyrus,53.0,,2013-10-04,81.0,26564677.0,0.0,0.0,,,,,,,,,,,6dDIOU6AqgLkrjFNPgvKY6
fuck love,xxxtentacion,82.0,,2022,83.0,51710210.0,0.0,0.0,0.797,0.533,0.329,-9.74,131.036,146520.0,0.0172,0.0412,0.000152,0.103,7AQim7LbvFVZJE3O8TYgf2
fuck me pumps,amy winehouse,51.0,,2003-10-20,75.0,9748123.0,0.0,0.0,,,,,,,,,,,6efhuc3AsgEKF0XZiEocQY
fuck the world (summer in london),brent faiyaz,63.0,,2020-02-07,80.0,7897022.0,0.0,0.0,,,,,,,,,,,2CzUlaKN1mvb0szagSR3ux
fuck up some commas,future,64.0,,2015-07-17,88.0,22682234.0,0.0,0.0,,,,,,,,,,,49zD0wr2S3d0lZPib0K4e1
fuck wit dre day (and everybody's celebratin'),dr. dre,63.0,,1992-12-15,78.0,15089626.0,0.0,1.0,,,,,,,,,,,21NA5Zggba7pyACm25h6k4
"fuck, i'm lonely (with anne-marie)",lauv,0.0,,2019-08-02,73.0,6816695.0,0.0,0.0,0.809,0.547,0.717,-7.304,95.012,198973.0,0.46,0.0609,0.0,0.0543,09PGubKAMryhOWv1LHpCYz
fucked my way up to the top,lana del rey,63.0,,2014-01-01,88.0,51773650.0,0.0,0.0,,,,,,,,,,,70Laus6ozJIHDpfTtUSmAZ
fuel,metallica,71.0,,2004-08-05,81.0,32161423.0,0.0,0.0,0.49,0.951,0.589,-3.777,106.946,269800.0,2.02e-05,0.0477,0.0027,0.0314,6FUwPb4mGlUDbx42uspXaZ
fukk sleep,a$ap rocky,66.0,,2018-05-25,82.0,17333176.0,0.0,0.0,,,,,,,,,,,1AqemxWsT0iGg5Lvkm16Bt
fukumean,gunna,78.0,,2023-06-16,85.0,10342615.0,0.0,0.0,,,,,,,,,,,4rXLjWdF2ZZpXCVTfWcshS
fun,coldplay,53.0,,2015-12-04,88.0,60818952.0,0.0,0.0,,,,,,,,,,,7fJFDK6XjYsXcMKNHESbot
future looks good,onerepublic,54.0,,2016-09-07,,,0.0,0.0,0.33,0.548,0.559,-7.922,78.594,210586.0,0.214,0.0426,1.21e-05,0.12,2JATE4qxTuVgKEKe12sqLp
future nostalgia,dua lipa,47.0,,2020-03-27,85.0,46886554.0,0.0,0.0,,,,,,,,,,,3mC8VlVBwdVxCTq4cYZr64
galveston bay,parker mccollum,46.0,,2015-02-24,,,0.0,0.0,0.527,0.375,0.318,-6.387,81.92,246466.0,0.482,0.0243,0.0,0.132,1eUagnbOw9MjesonPWNkNQ
galway girl,ed sheeran,79.0,,2017-03-03,88.0,122789460.0,0.0,0.0,,,,,,,,,,,0afhq8XCExXpqazXczTSve
gangnam style (강남스타일),psy,75.0,,2012-01-01,62.0,1819643.0,0.0,0.0,0.727,0.937,0.749,-2.871,132.067,219493.0,0.00417,0.286,0.0,0.091,03UrZgTINDqvnUMbbIMhql
gangsta,kehlani,76.0,,2016-08-01,78.0,8661889.0,0.0,0.0,0.447,0.356,0.174,-11.193,121.864,177320.0,0.0958,0.0419,0.0,0.318,0zlTUsS88Y3Ck7WsyEepAi
garden,dua lipa,46.0,,2017-06-02,85.0,46895665.0,0.0,0.0,,,,,,,,,,,1mxaufUe16G9wOoG9ptUqr
garden of eden,lady gaga,74.0,,2025-03-07,88.0,42256604.0,0.0,1.0,,,,,,,,,,,4iKIF8qI3dq6fntHeIdcAw
gasolina,daddy yankee,13.0,,2004-07-13,85.0,37817461.0,0.0,0.0,0.852,0.797,0.741,-6.543,96.008,192600.0,0.322,0.0614,2.69e-06,0.0845,228BxWXUYQPJrJYHDLOHkj
gasoline,halsey,72.0,,2015-08-28,80.0,22392682.0,0.0,0.0,0.731,0.58,0.319,-7.328,119.997,199593.0,0.223,0.0399,0.0,0.129,2IO7yf562c1zLzpanal1DT
gata only,floyymenor,84.0,,2024-02-02,76.0,2186739.0,0.0,0.0,,,,,,,,,,,6XjDF6nds4DE2BBbagZol6
gdfr,flo rida,71.0,,2015-04-07,79.0,8973505.0,0.0,0.0,,,,,,,,,,,26rdOwwjC2UnweK3xeS58u
genesis,dua lipa,55.0,,2017-06-02,85.0,46895665.0,0.0,0.0,,,,,,,,,,,4P76CEIXrrWT2cgS1YrTMr
genie in a bottle,christina aguilera,80.0,,1999-06-30,76.0,9247395.0,0.0,0.0,,,,,,,,,,,11mwFrKvLXCbcVGNxffGyP
genius,sia,51.0,,2019-04-12,82.0,30545962.0,0.0,0.0,,,,,,,,,,,4TlbZgqxhJ6uN3tpVyjw90
gentleman,psy,50.0,,2013,,,0.0,0.0,0.88,0.7295,0.6005,-3.113,126.0025,194546.0,0.002245,0.109,0.0,0.05155,2BWd1qRu8mc6H0HbDtn8Dr
georgia,vance joy,62.0,,2018-11-16,74.0,3482109.0,0.0,0.0,0.388,0.66,0.401,-7.372,143.554,230506.0,0.312,0.0308,0.000307,0.0943,6Fha6tXHkL3r9m9nNqQG8p
georgia time,riley green,0.0,,2018-06,75.0,1372158.0,0.0,0.0,0.594,0.621,0.671,-6.23,77.005,221200.0,0.041,0.0272,0.0,0.117,1PaIRzJB1zB0jCxUPrW9OV
get back,the beatles,66.0,,1999,82.0,30721676.0,0.0,0.0,0.761,0.592,0.332,-9.836,123.095,189386.0,0.492,0.0586,0.00626,0.61,4MLBqAEzNN89o2M9h92Z26
get back - rooftop performance / take 2,the beatles,57.0,,1999,82.0,30721676.0,0.0,0.0,0.655,0.695,0.33,-9.648,125.572,204186.0,0.101,0.0381,0.436,0.105,4z3RNAUb0whdaLAudM9EHE
get busy,sean paul,75.0,,2003-08-20,81.0,5279150.0,0.0,0.0,0.735,0.824,0.726,-4.143,100.202,211666.0,0.615,0.036,0.0,0.158,5qTvkDrSfvwDv6RBjjcfQr
get him back!,olivia rodrigo,75.0,,2023-09-08,85.0,49067177.0,0.0,0.0,,,,,,,,,,,2gyxAWHebV7xPYVxqoi86f
get into it (yuh),doja cat,71.0,,2021-06-25,86.0,34748949.0,0.0,0.0,,,,,,,,,,,0W6I02J9xcqK8MtSeosEXb
get low,lil jon & the east side boyz,76.0,,2002-10-29,63.0,1130026.0,0.0,0.0,,,,,,,,,,,0r2Bul2NuCViraT2zX1l5j
get lucky,daft punk,80.0,,2013-05-20,81.0,10874504.0,0.0,0.0,0.802,0.802,0.8625,-9.184999999999999,116.04849999999999,309019.5,0.0402,0.039150000000000004,1.42e-06,0.0865,2Foc5Q5nqNiosCNqttzHof
get money,the notorious b.i.g.,60.0,,2007-03-02,75.0,12766717.0,0.0,0.0,,,,,,,,,,,3PA9dH8cT0wR5UW4XkC44Y
get my love!,max,30.0,,1998,,,0.0,0.0,0.528,0.967,0.685,-4.812,150.037,222826.0,0.00151,0.0403,0.000264,0.396,1sWVNuxo9oNTP3C6RamK3q
get stoned,hinder,47.0,,2006-03-12,61.0,2078962.0,0.0,0.0,0.448,0.933,0.505,-4.082,75.991,218386.0,0.000417,0.0421,0.000454,0.219,3kU2XrKndUNFrVW6UwVML1
get up 10,cardi b,57.0,,2018-04-06,81.0,25960760.0,0.0,0.0,,,,,,,,,,,7p2ewixAShLpjDZrnzZK7c
"get up, stand up",the wailers,61.0,,1973-10-19,,,0.0,0.0,0.787,0.5670000000000001,0.8233333333333333,-7.361666666666667,77.92733333333334,197799.66666666666,0.30066666666666664,0.36800000000000005,6.8e-07,0.0644,0q5giEtY4wsFTwjWqswLwx
get you,daniel caesar,13.0,,2017-08-25,85.0,11125697.0,0.0,0.0,,,,,,,,,,,7zFXmv6vqI4qOt4yGf3jYZ
getaway car,taylor swift,80.0,,2017-11-10,100.0,145443567.0,0.0,0.0,,,,,,,,,,,0VE4kBnHJUgtMf0dy6DRmW
gettin' you home,chris young,41.0,,2022-05-27,65.0,2918228.0,0.0,0.0,,,,,,,,,,,21q7CKtaPCdcKOORC8wGeV
getting better,the beatles,54.0,,2017-05-26,82.0,30721676.0,0.0,0.0,0.632,0.471,0.764,-7.887,121.672,168120.0,0.313,0.0348,5.08e-06,0.0712,3LtOmWpTXLhilL5odoKysR
getting older,billie eilish,72.0,,2021-07-30,90.0,118728633.0,0.0,0.0,,,,,,,,,,,4HOryCnbme0zBnF8LWij3f
ghetto gospel,2pac,69.0,,2005-11-08,78.0,22549768.0,0.0,0.0,0.794,0.614,0.663,-5.352,80.569,238053.0,0.0964,0.0467,0.0,0.0788,7jLbTp3qZzah9kMIdW8e5M
ghetto love,wizkid,54.0,,2019-09-13,79.0,9449714.0,0.0,0.0,0.807,0.774,0.767,-4.553,98.048,198367.0,0.206,0.235,0.000338,0.127,4lzkcjVC7xT3HBIg2PjJ30
ghetto love (mixed),wizkid,5.0,,2019-09-13,79.0,9449714.0,0.0,0.0,0.82,0.72,0.746,-7.22,100.026,163000.0,0.387,0.306,1.9e-05,0.154,2SII0YNH46x3Jhe0jWCrJP
ghost,justin bieber,83.0,,2021-03-19,91.0,85022258.0,0.0,0.0,0.60325,0.741,0.46499999999999997,-5.5705,153.95025,153190.0,0.17975,0.047575,3.345e-05,0.4105,2TKYYJSJCYTn8BiSl66WY1
ghost,katy perry,45.0,,2013-10-18,83.0,38400585.0,0.0,0.0,0.55,0.624,0.34,-5.372,125.008,203362.0,0.0372,0.0406,0.0,0.123,0nev2Tq1NaEnS7Ry3OYZQh
ghost of you,5 seconds of summer,70.0,,2018-06-15,76.0,10246594.0,0.0,0.0,,,,,,,,,,,1MhXdlCQPnO56T57MfmaRm
ghost town,kanye west,79.0,,2018-06-01,89.0,31038851.0,0.0,0.0,,,,,,,,,,,7vgTNTaEz3CsBZ1N4YQalM
ghostface killers,21 savage,66.0,,2017-10-30,84.0,23806936.0,0.0,0.0,,,,,,,,,,,5u6vkDnOyaf8LsteDAj2ub
ghostin,ariana grande,70.0,,2019-02-08,90.0,107418606.0,0.0,0.0,,,,,,,,,,,2vdBo4ALPYbHRUPKgtE5iC
gimme,sam smith,25.0,,2023-04-12,81.0,26272346.0,0.0,0.0,,,,,,,,,,,3ZKDfVjmrkkcO3YFCRKdtU
gimme more,britney spears,84.0,,2007-10-25,80.0,17755451.0,0.0,0.0,0.788,0.844,0.382,-3.131,113.324,251240.0,0.25,0.0334,0.000678,0.0723,6ic8OlLUNEATToEFU3xmaH
gimme shelter,the rolling stones,77.0,,1991,77.0,15714574.0,0.0,0.0,0.634,0.63,0.489,-8.277,118.63499999999999,270773.0,0.447,0.031,0.0382,0.1695,4CgJCGujC2fsKwuUyBNlc5
gimme some more,busta rhymes,57.0,,1998-06-30,70.0,3167026.0,0.0,0.0,,,,,,,,,,,47wZfF4OdME3xkIPhhpSSF
gimme the light,sean paul,61.0,,2004-01-20,81.0,5279150.0,0.0,0.0,0.778,0.761,0.923,-5.529,107.288,228000.0,0.141,0.0525,4.61e-05,0.0441,3SCVtAJq8li6HlKfM4M08u
gimme the loot - 2005 remaster,the notorious b.i.g.,67.0,,1995,75.0,12762931.0,0.0,0.0,0.721,0.662,0.68,-8.136,94.191,285946.0,0.0888,0.403,0.0,0.178,1xIxMz1sNQ4b6svH1GuTtF
gimme what i want,miley cyrus,54.0,,2020-11-27,81.0,26564677.0,0.0,0.0,,,,,,,,,,,4v8jmsVox8VwU5js3JHOJZ
gin and juice,snoop dogg,72.0,,1993-11-23,80.0,15695279.0,0.0,1.0,,,,,,,,,,,39QBkWKnap8wRSW4WB9OK0
ginza,j balvin,70.0,,2016-01-22,86.0,39113380.0,0.0,1.0,0.7426666666666666,0.8130000000000001,0.8523333333333333,-6.389333333333333,102.13366666666667,171093.0,0.22133333333333335,0.08453333333333334,0.0012133333333333334,0.08266666666666667,0sfQW9kNtzBfFBCpN1p3c0
giné,6ix9ine,61.0,,2022-04-15,,,0.0,0.0,0.563,0.724,0.486,-4.651,93.006,134844.0,0.0831,0.347,0.0,0.237,4SCdkCFsbnQD6qnVc9l5Bt
girl,the beatles,60.0,,1991,82.0,30721676.0,0.0,0.0,0.699,0.294,0.893,-13.205,96.615,151720.0,0.587,0.0294,0.0,0.117,6tQvjqDIK9GXWIC6mejms8
girl at home,taylor swift,44.0,,2012-10-22,100.0,145443567.0,0.0,0.0,,,,,,,,,,,6VFpuI0DDmbC5UyWZQ4IRY
girl crush,little big town,70.0,,2021,60.0,2881528.0,0.0,0.0,0.5,0.225,0.355,-10.22,173.788,193320.0,0.842,0.0302,0.0,0.112,11qh54D0PKkBwelpDxxiEU
girl i’ve always been,olivia rodrigo,65.0,,2024-03-22,85.0,49067177.0,0.0,0.0,,,,,,,,,,,0bJAmhSAeMSfsyazOEUVFf
girl on fire,alicia keys,76.0,,2012-09-04,78.0,12900561.0,0.0,1.0,0.482,0.706,0.144,-5.762,92.513,224920.0,0.135,0.0607,0.00106,0.105,3XyMPyuWwHcGMvXeJY6Qt0
"girl, so confusing",charli xcx,67.0,,2024-06-07,82.0,6318755.0,0.0,0.0,,,,,,,,,,,41krZZovstMJKeJZJtbL78
"girl, so confusing featuring lorde",charli xcx,78.0,,2024-10-11,82.0,6315216.0,0.0,0.0,,,,,,,,,,,7srqyRb5plksW5k65itXDB
girlfriend,avril lavigne,76.0,,2007-04-17,76.0,12008159.0,0.0,0.0,,,,,,,,,,,45hOioMDJktr86iKDHC8gr
girlfriend,icona pop,39.0,,2013,66.0,778810.0,0.0,0.0,0.567,0.81,0.604,-4.907,128.939,171320.0,0.00187,0.0409,0.0,0.333,6JqRzMVuX8sO5huQpG1vbi
girls,the kid laroi,67.0,,2024-06-28,79.0,6596750.0,0.0,0.0,,,,,,,,,,,3Fra5SMXXDTSRXVoDf8Xwd
girls got rhythm,ac/dc,61.0,,1990,,,0.0,0.0,0.512,0.979,0.535,-4.267,137.794,203293.0,0.0513,0.156,0.00102,0.358,6Wn3pdFtAcnYJyJVITwt7N
girls like,tinie tempah,60.0,,2016-02-26,62.0,835625.0,0.0,0.0,,,,,,,,,,,0rHVd8h0cFwgLgPFem6S60
girls like you,maroon 5,72.0,,2018-06-15,85.0,45771951.0,0.0,1.0,,,,,,,,,,,6V1bu6o1Yo5ZXnsCJU8Ovk
girls need love (with drake) - remix,summer walker,78.0,,2018-10-19,76.0,8013600.0,0.0,0.0,,,,,,,,,,,14SaZBTjxlorHJQxXh01Hu
give it away,red hot chili peppers,73.0,,1991-09-24,82.0,23218829.0,0.0,0.0,0.666,0.936,0.776,-9.919,91.577,282906.0,0.00244,0.0476,0.086,0.153,0uppYCG86ajpV2hSR3dJJ0
give it up to me,sean paul,65.0,,2006,81.0,5279150.0,0.0,0.0,0.855,0.674,0.578,-4.328,95.991,242253.0,0.165,0.314,0.0,0.0548,6YB6CK4Tsb0BgtxCEL9KlI
give me a shake,max,35.0,,2011-04-20,,,0.0,0.0,0.671,0.883,0.644,-3.269,105.023,326633.0,0.0882,0.0279,0.0,0.299,73tPvnW877UKxjgGl8geAk
give me everything,pitbull,87.0,,2011-06-17,84.0,11939612.0,0.0,0.0,,,,,,,,,,,4QNpBfC0zvjKqPJcyqBy9W
give me love,ed sheeran,69.0,,2011-09-09,88.0,122789460.0,0.0,0.0,,,,,,,,,,,0SuG9kyzGRpDqrCWtgD6Lq
give me mercy,the weeknd,62.0,,2025-01-31,93.0,112918137.0,0.0,1.0,,,,,,,,,,,0K3w6WNawZlv6Izmsrye8o
give me novacaine / she's a rebel,green day,58.0,,2004-09-21,80.0,17327094.0,0.0,0.0,0.312,0.949,0.65,-3.533,154.795,326200.0,0.00185,0.0784,1.78e-05,0.0569,11I3KKHv7g2pXiuqRDabRA
give me your tmi,stray kids,74.0,,2022-10-07,,,0.0,0.0,0.749,0.862,0.824,-3.494,97.982,198173.0,0.0513,0.136,0.0,0.0944,7CQhZA3qNDZBoTKWqjD7gR
give your heart a break,demi lovato,72.0,,2011-01-01,78.0,27289223.0,0.0,0.0,,,,,,,,,,,3sP3c86WFjOzHHnbhhZcLA
given up,linkin park,79.0,,2007-05-14,88.0,31796892.0,0.0,0.0,0.6485000000000001,0.879,0.9305,-4.398,100.072,189315.5,0.00118,0.04435,0.0003075,0.044,1fLlRApgzxWweF1JTf8yM5
given up on me,the weeknd,67.0,,2025-01-31,94.0,112995439.0,0.0,1.0,,,,,,,,,,,0FolPJnYMo71Z7qasTuoJT
gives you hell,the all-american rejects,70.0,,2008-11-09,67.0,3134091.0,0.0,0.0,0.7226666666666667,0.6803333333333333,0.5806666666666667,-6.68,99.98866666666667,213906.0,0.0163,0.03743333333333333,0.0,0.0567,1kVp5JBxCwO8o87YbKEd5f
glad he's gone,tove lo,54.0,,2019-05-31,72.0,3676957.0,0.0,0.0,0.795,0.595,0.502,-8.073,91.025,196348.0,0.0823,0.0698,0.0,0.128,3PUIguYpwKFXmfGD6uU7Jl
glad you came,the wanted,76.0,,2011-01-01,61.0,2444287.0,0.0,0.0,0.722,0.851,0.452,-3.873,126.885,197935.0,0.0319,0.0639,0.0,0.108,1OXfWI3FQMdsKKC6lkvzSx
glad you exist,dan + shay,70.0,,2021-02-05,66.0,3203185.0,0.0,0.0,0.7424,0.5094000000000001,0.6856,-7.652000000000001,103.9586,144714.6,0.231,0.035460000000000005,0.0,0.1238,1s4GtzDwUCQPdvkb7vXBUc
glad you exist - acoustic,dan + shay,56.0,,2022-05-27,66.0,3203185.0,0.0,0.0,0.538,0.386,0.653,-6.963,184.022,161786.0,0.797,0.0309,0.0,0.119,52RNWUgJBF3LOqt3iw1s77
glamorous,fergie,0.0,,2024-07-24,68.0,6157207.0,,,,,,,,,,,,,4309sR6S14Qku6jqdqMI0I
glass onion,the beatles,54.0,,2006-11-17,82.0,30721676.0,0.0,0.0,0.523,0.51,0.789,-9.827,120.432,137840.0,0.0123,0.0514,8.38e-05,0.108,2jAojvUaPoHPFSPpF0UNRo
glimpse of us,joji,68.0,,2022-06-10,81.0,10645550.0,0.0,0.0,0.44,0.317,0.268,-9.258,169.914,233456.0,0.891,0.0531,4.78e-06,0.141,3aBGKDiAAvH2H7HLOyQ4US
glitch,taylor swift,58.0,,2022-10-22,100.0,145489371.0,0.0,0.0,,,,,,,,,,,6wAFvJPpTZVirBKGZ4EnMW
gloria,sam smith,23.0,,2023-04-12,81.0,26275803.0,0.0,0.0,,,,,,,,,,,5BQ4FGvfzNpfjg2RHcc0Vs
glorious,macklemore,75.0,,2017-09-22,74.0,2829534.0,0.0,0.0,,,,,,,,,,,0CokSRCu5hZgPxcZBaEzVE
glory voice memo,justin bieber,61.0,,2025-07-11,91.0,85022258.0,0.0,0.0,,,,,,,,,,,7H6hs7WkNG48fS3agm63MR
glue song,beabadoobee,80.0,,2023-02-14,78.0,6529086.0,0.0,0.0,,,,,,,,,,,3iBgrkexCzVuPy4O9vx7Mf
glued,melanie martinez,0.0,,2022-06-09,75.0,22219090.0,0.0,0.0,0.585,0.578,0.579,-7.551,172.031,192736.0,0.515,0.0477,2.39e-06,0.145,2WdoNsBBmug5D7X36liNml
gnarly,kodak black,52.0,,2018-12-14,79.0,12471348.0,0.0,0.0,,,,,,,,,,,40Rpg3LkZwwzuHJ3GdjMma
go baby,justin bieber,75.0,,2025-07-11,91.0,85034636.0,0.0,0.0,,,,,,,,,,,01p5urrGw5fuFCcfT7PBgc
go crazy,chris brown,77.0,,2020-05-05,87.0,28316378.0,0.0,0.0,0.755,0.578,0.581,-8.932,94.148,176960.0,0.316,0.145,0.0,0.25,1IIKrJVP1C9N7iPtG6eOsK
go flex,post malone,73.0,,2016-12-09,86.0,47720209.0,0.0,0.0,,,,,,,,,,,2hCKzqwjRjhycKeZJvbloJ
go go,bts,71.0,,2018-04-04,85.0,81181104.0,0.0,0.0,0.856,0.617,0.759,-5.308,136.081,235779.0,0.171,0.084,0.0,0.0857,4kZoZfj7IBg8eo1JZ2vsGO
go go juice,sabrina carpenter,85.0,,2025-08-29,91.0,26516295.0,0.0,0.0,,,,,,,,,,,1qyw5wSUkEvH8DtaCdx7Lg
go karo,karol g,0.0,,2019-05-03,,,0.0,0.0,0.746,0.727,0.827,-3.342,93.032,149866.0,0.0469,0.0639,1e-06,0.0793,0EZ3k6NTvkH1sQddEK4slm
go tell it on the mountain,little big town,0.0,,2008-12-09,60.0,2881528.0,0.0,0.0,0.538,0.881,0.392,-5.205,111.946,230000.0,0.132,0.0824,0.0,0.222,2plJHpNYOmZUCcWieMc3FN
go your own way - 2018 remaster,fleetwood mac,1.0,,1997-10-13,83.0,13966197.0,0.0,0.0,0.572,0.932,0.657,-6.397,136.029,219026.0,0.00528,0.0441,0.0378,0.0835,62mGl2bpoJMLLbNjCwuAjY
go2damoon,playboi carti,63.0,,2020-12-25,86.0,15031490.0,0.0,0.0,,,,,,,,,,,0F13K9dwYH2zpTWiR8d628
god gave me you,blake shelton,61.0,,2011-07-12,69.0,7506632.0,0.0,0.0,,,,,,,,,,,0w9LJae3sVlZlH2CnxTInF
god has a sense of humor,gayle,36.0,,2022-10-07,,,0.0,0.0,0.494,0.45,0.368,-8.072,65.252,170771.0,0.622,0.0687,0.0,0.242,0UA2BRk8pQaHUUnl45aFN0
god is a woman,ariana grande,77.0,,2018,90.0,107389514.0,0.0,0.0,0.602,0.658,0.268,-5.934,145.031,197546.0,0.0233,0.0558,6e-05,0.237,5OCJzvD7sykQEKHH7qAC3C
god knows i tried,lana del rey,58.0,,2015-09-18,88.0,51821190.0,0.0,0.0,,,,,,,,,,,5R65WfxdtxpTNSIloTfIdM
god only knows,the beach boys,50.0,,1990,,,0.0,0.0,0.433,0.469,0.334,-9.853,115.876,175786.0,0.156,0.032,0.0,0.0479,1Umw3vhysHBodpBFpFsVgK
god only knows - mono / 1997 remastered,the beach boys,68.0,,1990,,,0.0,0.0,0.5238,0.487,0.48206666666666664,-7.525,117.10560000000001,173040.0,0.253,0.0299,0.0,0.0579,0H0NjRO6P3UAiMU5kJtKoW
god's country,blake shelton,66.0,,2019-03-29,69.0,7507062.0,0.0,0.0,0.537,0.754,0.212,-5.102,139.986,204800.0,0.0586,0.0399,4.8e-06,0.118,4TCeFZNjGNQIpCuZmJkkE2
god's plan,drake,83.0,,2018-01-19,95.0,103094105.0,0.0,0.0,0.754,0.449,0.357,-9.211,77.169,198973.0,0.0332,0.109,8.29e-05,0.552,6DCZcSspjsKoFjzjrWoCdn
gods & monsters,lana del rey,59.0,,2012-01-01,88.0,51798111.0,0.0,0.0,,,,,,,,,,,4uhSo9cVBVpdDCNxf4MBaP
godzilla,eminem,80.0,,2020-04-28,88.0,104517308.0,0.0,1.0,0.808,0.745,0.829,-5.26,165.995,210800.0,0.145,0.342,0.0,0.292,7FIWs0pqAYbP91WWM0vlTQ
god’s menu,stray kids,76.0,,2020-11-04,,,0.0,0.0,0.689,0.771,0.482,-3.618,157.052,167922.0,0.00776,0.0548,0.0,0.521,4XPXrcpyNr30Km6aPiflJy
goes without saying,post malone,59.0,,2024-08-15,86.0,47720209.0,0.0,0.0,,,,,,,,,,,20hTkA9oKKuxghkRptRczS
goin up,lil tjay,67.0,,2022-04-29,74.0,10192579.0,0.0,0.0,0.732,0.672,0.16,-8.462,137.03,140601.0,0.0642,0.148,0.0,0.121,1wNdGz7BlB9kH5lDc1eLLb
going bad,meek mill,73.0,,2018-11-30,72.0,8277770.0,0.0,0.0,,,,,,,,,,,2IRZnDFmlqMuOrYOLnZZyc
going down!,xxxtentacion,64.0,,2018-03-16,,,0.0,0.0,0.873,0.663,0.525,-4.086,135.499,115194.0,0.0216,0.15,0.000356,0.0867,7CkbRn6S0itJqcqn88AtSV
going through changes,eminem,56.0,,2010-06-18,88.0,104539036.0,0.0,1.0,,,,,,,,,,,0ZqWBTU1EkdVPAMwQgfKiv
going under,evanescence,79.0,,2003-03-04,75.0,6158071.0,0.0,0.0,0.37,0.858,0.464,-4.885,175.077,214946.0,0.00815,0.0545,2.12e-05,0.229,3UygY7qW2cvG9Llkay6i1i
gold,kiiara,63.0,,2016,58.0,934794.0,0.0,0.0,0.599,0.412,0.4085,-9.3355,113.02449999999999,225882.0,0.619,0.3385,0.002515,0.134,573MrPA4ZIFdJPLbPXKrCT
gold digger,kanye west,79.0,,2005-01-01,89.0,31045858.0,0.0,0.0,,,,,,,,,,,1PS1QMdUqOal0ai3Gt7sDQ
gold dust woman - 2004 remaster,fleetwood mac,67.0,,1977-02-04,83.0,13966197.0,0.0,0.0,,,,,,,,,,,2w3ScXudq4aD3K5HFO5xvx
gold rush,taylor swift,64.0,,2020-12-11,100.0,145489371.0,0.0,0.0,,,,,,,,,,,3Dby3p1m6IOZn2gIIqECgK
golden,harry styles,73.0,,2019-12-13,80.0,34130771.0,0.0,0.0,,,,,,,,,,,45S5WTQEGOB1VHr1Q4FuPl
golden hour,jvke,79.0,,2022-07-15,75.0,5812926.0,0.0,0.0,0.515,0.593,0.153,-4.801,94.467,209259.0,0.653,0.0322,0.162,0.25,4yNk9iz9WVJikRFle3XEvn
golden slumbers,the beatles,66.0,,1969-09-26,82.0,30714318.0,0.0,0.0,0.419,0.152,0.239,-12.126,80.608,91760.0,0.326,0.0277,0.0034,0.113,01SfTM5nfCou5gQL70r6gs
goldwing,billie eilish,67.0,,2021-07-30,90.0,118728633.0,0.0,0.0,,,,,,,,,,,0FfqyjhB6Kspvit1oOo7ax
gone,rosé,72.0,,2021-06-01,,,0.0,0.0,0.647,0.377,0.653,-6.003,79.936,207163.0,0.594,0.0375,0.0,0.0768,2ayIgfvWo3SfYP2pVOr4pC
gone,the weeknd,48.0,,2012-11-13,93.0,112918137.0,0.0,1.0,,,,,,,,,,,5e5h9GeNY6janbVi34tn9e
gone gone gone,david guetta,79.0,,2025-10-10,87.0,27141717.0,0.0,0.0,,,,,,,,,,,3Dy4xsff7c0fRaTJpA54yd
gone too soon,daughtry,51.0,,2011-11-21,65.0,2382165.0,0.0,0.0,0.515,0.593,0.265,-6.885,95.967,216120.0,0.178,0.0253,1.63e-05,0.155,4ImYwDlqjqxCRxnRe66rBa
"gone, gone, gone",phillip phillips,67.0,,2013-12-07,60.0,1139141.0,0.0,0.0,0.664,0.642,0.501,-5.961,118.002,209693.0,0.129,0.038,0.0,0.114,2qHiyBpxyOXnRGG3t2iE96
goner,twenty one pilots,62.0,,2015-05-15,83.0,25762646.0,0.0,0.0,,,,,,,,,,,5P3yUXUC9rZPJPNmYGKEAz
gonna know we were here,jason aldean,59.0,,2014-10-07,75.0,7053393.0,0.0,0.0,,,,,,,,,,,2UTUFGGUPPUO9QNTfEcYN7
gonna love ya,avicii,0.0,,2015-05-13,79.0,23434221.0,0.0,0.0,0.718,0.666,0.702,-6.624,100.002,215813.0,0.158,0.0488,0.103,0.129,0WUKrS8cEBOV5VSX6PAYLa
gonna wanna tonight,chase rice,55.0,,2014-08-19,56.0,1251973.0,0.0,0.0,,,,,,,,,,,1HE3TzRFmNQ7QQLoEMl0R2
gooba,6ix9ine,71.0,,2020-05-08,,,0.0,0.0,0.611,0.688,0.393,-5.688,178.462,132303.0,0.0264,0.341,0.0,0.251,1XdbvPWz4lhyRBMz9cBy8b
good 4 u,olivia rodrigo,81.0,,2021-05-14,85.0,49083617.0,0.0,0.0,0.563,0.664,0.688,-5.044,166.928,178146.0,0.335,0.154,0.0,0.0849,4ZtFanR9U6ndgddUvNcjcG
good and broken,miley cyrus,32.0,,2007-06-26,81.0,26561582.0,0.0,0.0,,,,,,,,,,,579c6hHN7lbi79wrKw693Y
good as hell,lizzo,68.0,,2016-03-08,68.0,5739313.0,0.0,0.0,0.682,0.919,0.535,-3.18,95.983,159735.0,0.256,0.0874,0.0,0.443,6KgBpzTuTRPebChN0VTyzV
good day,surfaces,0.0,,2020-11-04,61.0,983406.0,0.0,0.0,0.937,0.353,0.863,-12.17,124.966,181000.0,0.691,0.0458,2.77e-05,0.133,7sJf9eFhqUFKiR4JaXp7dd
good day sunshine,the beatles,58.0,,1966-08-05,82.0,30721676.0,0.0,0.0,0.77,0.496,0.571,-8.45,117.331,129293.0,0.719,0.0468,0.0,0.123,7HTH1ppjkkOe7RLoBDKXYJ
good days,sza,72.0,,2020-12-25,87.0,33055350.0,0.0,0.0,,,,,,,,,,,3YJJjQPAbDT7mGpX3WtQ9A
good feeling,flo rida,79.0,,2011-08-29,79.0,8972549.0,0.0,0.0,0.706,0.89,0.685,-4.447,128.012,248133.0,0.0588,0.0687,0.00288,0.305,2LEF1A8DOZ9wRYikWgVlZ8
good for you,selena gomez,74.0,,2015-10-09,81.0,53267200.0,0.0,0.0,0.607,0.673,0.215,-6.484,88.952,221280.0,0.181,0.0611,0.0,0.069,578Eooad7oUyn4stovZiPg
good goodbye,linkin park,59.0,,2025-10-15,88.0,31819030.0,0.0,0.0,0.697,0.84,0.452,-4.602,128.034,211413.0,0.106,0.054,0.0,0.748,650OeHTLxZAQmb4aEbGmaA
good graces,sabrina carpenter,77.0,,2024-08-23,91.0,26559943.0,0.0,0.0,,,,,,,,,,,102YUQbYmwdBXS7jwamI90
good guy,frank ocean,64.0,,2016-08-20,83.0,20280852.0,0.0,0.0,0.525,0.131,0.811,-12.787,107.007,66786.0,0.983,0.458,0.00433,0.12,2JUqYobT8NvARdPmc4ES2x
good hit,jennifer lopez,30.0,,2011-04-29,74.0,13710072.0,0.0,1.0,,,,,,,,,,,2apOX7v2XfpROPrS4xudGo
good in bed,dua lipa,46.0,,2020-03-27,85.0,46895665.0,0.0,0.0,,,,,,,,,,,5idsEzxjeekla54j0jHYUE
good life,onerepublic,74.0,,2009,81.0,18700851.0,0.0,0.0,0.6353333333333334,0.702,0.6563333333333333,-7.306,94.98733333333332,254897.33333333334,0.08023333333333334,0.05146666666666667,0.0,0.122,07WYO7Aayv3woZrmGeXbwT
good life - from one night in malibu,onerepublic,48.0,,2011,,,0.0,0.0,0.686,0.663,0.599,-8.751,94.991,238991.0,0.0176,0.0415,0.0,0.0713,0qdpBSgdFsOPGv9QLxEjdu
"good luck, babe!",chappell roan,89.0,,2024-04-05,82.0,7305071.0,0.0,0.0,,,,,,,,,,,0WbMK4wrZ1wFSty9F7FCgu
good news,mac miller,69.0,,2020-01-17,81.0,12177441.0,0.0,0.0,,,,,,,,,,,1DWZUa5Mzf2BwzpHtgbHPY
good ones,charli xcx,0.0,,2022-03-18,,,0.0,0.0,0.764,0.672,0.789,-5.947,129.049,136614.0,0.072,0.0293,3.32e-06,0.0806,0CVCO6f2hDWKmDHxeZTDFa
good riddance (time of your life),green day,77.0,,1996-06-21,80.0,17327094.0,0.0,0.0,0.46199999999999997,0.432,0.6465000000000001,-7.844,94.44300000000001,153466.0,0.183,0.0304,0.0,0.161,6ORqU0bHbVCRjXm9AjyHyZ
good thing windin' down,tyler childers,47.0,,2011-10-11,,,0.0,0.0,0.401,0.114,0.456,-13.601,102.904,215866.0,0.921,0.0357,0.0,0.122,2e3FFYFj3PuH9rMwKmjgYF
good things,dan + shay,63.0,,2021-08-13,66.0,3203185.0,0.0,0.0,0.529,0.621,0.617,-6.018,97.189,148906.0,0.13,0.0296,0.0,0.173,6kTk6AOcnPguvs1nQ4vUWZ
good time,niko moon,70.0,,2020-01-17,,,0.0,0.0,0.802,0.59,0.687,-7.189,138.084,214720.0,0.0874,0.0493,0.0,0.275,2S8UMuLJ0z8agFgFGJ6Ztt
good time,owl city,76.0,,2012,66.0,2503055.0,0.0,0.0,0.56,0.872,0.682,-4.269,126.05,205933.0,0.0239,0.14,6.98e-06,0.371,1kPpge9JDLpcj15qgrPbYX
good vibrations,the beach boys,71.0,,1998,,,0.0,0.0,0.38833333333333336,0.48100000000000004,0.35433333333333333,-7.571666666666666,139.3516666666667,217861.66666666666,0.341,0.037,8.298333333333334e-05,0.12166666666666666,1Gige3ZwDzFN55FSoim5Kv
goodbye,billie eilish,67.0,,2019-03-29,90.0,118692183.0,0.0,0.0,,,,,,,,,,,3LgWsmilsrWXiPYQFRD0T7
goodbye,sabrina carpenter,84.0,,2025-08-29,91.0,26559943.0,0.0,0.0,,,,,,,,,,,4tVVmShMF2PYdLqcejrsy2
goodbye yellow brick road,elton john,74.0,,1991,80.0,15542286.0,0.0,0.0,0.559,0.473,0.397,-7.712,121.227,192826.0,0.446,0.0279,0.00141,0.154,4IRHwIZHzlHT1FQpRa5RdE
goodbyes,post malone,76.0,,2019-09-06,85.0,47716988.0,0.0,0.0,,,,,,,,,,,0t3ZvGKlmYmVsDzBJAXK8C
"goodnight saigon - live at yankee stadium, bronx, ny - june 1990",billy joel,33.0,,1999,78.0,7402824.0,0.0,0.0,0.321,0.778,0.226,-3.929,119.691,441440.0,0.603,0.0521,1.51e-06,0.953,5ZGWsBCqC79v1NyNnTQeUZ
gooey,glass animals,68.0,,2021-10-04,73.0,4568462.0,0.0,0.0,0.487,0.369,0.106,-13.424,183.114,289306.0,0.736,0.0406,3.75e-05,0.0925,1gk3FhAV07q9Jg77UxnVjX
goosebumps,travis scott,84.0,,2016-09-16,89.0,41131037.0,0.0,1.0,0.841,0.728,0.43,-3.37,130.049,243836.0,0.0847,0.0484,0.0,0.149,6gBFPUFcJLzWGx4lenP6h2
goosebumps - remix,travis scott,73.0,,2022-06-30,89.0,41131037.0,0.0,1.0,0.841,0.593,0.808,-7.846,124.917,162802.0,0.418,0.0379,0.0,0.124,5uEYRdEIh9Bo4fpjDd4Na9
gorgeous,taylor swift,74.0,,2017-11-10,100.0,145443567.0,0.0,0.0,,,,,,,,,,,1ZY1PqizIl78geGM4xWlEA
got a bag,fetty wap,44.0,,2021-10-22,70.0,5124204.0,0.0,0.0,0.862,0.559,0.658,-6.085,139.998,124917.0,0.351,0.168,0.0,0.0863,4cWIG49s978MgrKweYRFpz
got love,tove lo,38.0,,2014-09-24,72.0,3676957.0,0.0,0.0,0.682,0.785,0.427,-5.867,101.983,228960.0,0.0806,0.0399,0.000475,0.106,3mfu1aiVjGwjkAzDHcKsQW
got to get you into my life,the beatles,59.0,,2025,82.0,30721676.0,0.0,0.0,0.521,0.524,0.711,-6.136,136.679,149240.0,0.42,0.0302,9.27e-06,0.0838,3tGhRLgcCP6SIZU3tbGl7l
gotta be somebody,nickelback,64.0,,2008-09-29,78.0,7846032.0,0.0,0.0,0.536,0.89,0.205,-5.222,115.998,252653.0,0.000354,0.0601,0.00165,0.133,06T10fEzN8ZCcqzQZYA184
gotta be you,one direction,62.0,,2012-05-25,83.0,40273571.0,0.0,0.0,,,,,,,,,,,3jJ5NJ3aNWvV70Rd7hgZIH
gotti,6ix9ine,65.0,,2018-04-10,,,0.0,0.0,0.728,0.584,0.365,-7.255,161.9,166851.0,0.0524,0.176,0.0,0.0658,27oFpFktCq9JIXjJQRuv7a
government hooker,lady gaga,67.0,,2011-05-23,89.0,42275793.0,0.0,1.0,,,,,,,,,,,6LGwEHsFbxt7BgDwGXqFgj
grace,lewis capaldi,67.0,,2019-05-17,79.0,14043382.0,0.0,0.0,,,,,,,,,,,0pEkK8MqbmGSX7fT8WLMbR
gracias por nada,bad bunny,66.0,,2023-10-13,95.0,102571645.0,0.0,1.0,,,,,,,,,,,1U3A66OHQyTu4N2QTMsP86
grammys,drake,58.0,,2016-05-06,95.0,103039388.0,0.0,0.0,,,,,,,,,,,5e574bhjycX1eH2l4Auage
grand,kane brown,70.0,,2022-09-09,71.0,5778418.0,0.0,0.0,0.583,0.856,0.48,-5.446,168.053,178973.0,0.00484,0.0445,0.0,0.224,4WZ3liyYz5ZzDcL4ibAuOi
granite,sleep token,71.0,,2023-05-19,78.0,2822145.0,0.0,0.0,,,,,,,,,,,4mxiv6HQfhqgIuN5iOONQd
"granted - from high school musical: the musical: the series (season 2)""""",olivia rodrigo,44.0,,2021-06-04,84.0,49050008.0,,,,,,,,,,,,,71JGK9HPfjQNtKq5AhgbTg
grapefruit,tove lo,70.0,,2022-10-12,72.0,3676957.0,0.0,0.0,0.723,0.6855,0.155,-5.1285,105.0035,231333.0,0.00134,0.03425,0.0004035,0.151,0L06aZLoX6BRT0hUPh7O5g
grapejuice,harry styles,65.0,,2022-05-20,80.0,34130771.0,0.0,0.0,,,,,,,,,,,4j6kId9QIqhoXvqHKgSKa0
gravedigger,koe wetzel,50.0,,2015-01-05,,,0.0,0.0,0.383,0.801,0.506,-6.309,134.866,240068.0,0.0404,0.0494,0.0,0.285,1NoGgCGfH2Kg4p8DvWaFca
graveyard,halsey,69.0,,2019-09-13,80.0,22396044.0,0.0,0.0,0.667,0.583,0.187,-5.127,92.043,181805.0,0.231,0.0747,4.48e-05,0.181,2ufmtcIFdFpuUYBPXK5f67
gravity,john mayer,72.0,,2006-09-12,,,0.0,0.0,0.753,0.326,0.237,-9.883,123.799,245826.0,0.731,0.0342,0.00131,0.24,3SktMqZmo3M9zbB7oKMIF7
gravity,sara bareilles,67.0,,2013-10-18,61.0,1987190.0,0.0,0.0,0.27,0.275,0.231,-10.357,168.964,232760.0,0.834,0.0356,0.0,0.146,4oa14QBfWRDfJy2agySy0L
great summer - soundtrack version genre alternative,vance joy,24.0,,2015-07-10,74.0,3482109.0,,,,,,,,,,,,,1pWK2V6wstJKg5i8asqIJu
greece,dj khaled,68.0,,2020-07-16,73.0,12341870.0,0.0,0.0,,,,,,,,,,,35RJhm1pEovTBwnNR0zWad
greedy,ariana grande,67.0,,2016-04-01,90.0,107401919.0,0.0,0.0,,,,,,,,,,,7aLT0tLcS40Penaplqu2cZ
greedy,tate mcrae,87.0,,2023-09-15,88.0,9256589.0,0.0,0.0,,,,,,,,,,,3rUGC1vUpkDG9CZFHMur1t
green eyes,coldplay,5.0,,2002-08-12,88.0,60804949.0,0.0,0.0,0.607,0.405,0.233,-8.607,129.543,223040.0,0.539,0.0265,6.7e-06,0.231,7CsVUx8DOETj51yPK153Id
green girl personal,ryan lewis,61.0,27000.0,2015-11-21,,,0.0,0.0,0.56,0.69,,-13.11,88.59,225806.0,,,0.161,,TRK-1FE74E934BB8
green green grass,george ezra,77.0,,2023,68.0,4312223.0,0.0,0.0,0.685,0.738,0.8,-4.413,112.972,167613.0,0.0695,0.0595,0.0,0.128,3rk4aJ0vAj3cFUIQEeASkT
green light,lorde,75.0,,2017-06-16,80.0,10541250.0,0.0,0.0,,,,,,,,,,,6ie2Bw3xLj2JcGowOlcMhb
greenlight,tate mcrae,66.0,,2025-02-21,88.0,9249502.0,0.0,0.0,,,,,,,,,,,0WPC7zoxtjUMCpm3u0Xw7C
grenade,bruno mars,80.0,,2010-05-11,90.0,75492598.0,0.0,0.0,,,,,,,,,,,2tJulUYLDKOg9XrtVkMgcJ
grey l.a.,blackbear,31.0,,2014-04-20,71.0,5067710.0,0.0,0.0,,,,,,,,,,,5DB8FGqqfOS5LzIjTYaAcV
greyhound,swedish house mafia,63.0,,2012-10-22,75.0,3948613.0,0.0,0.0,0.723,0.806,0.539,-4.989,124.976,410096.0,0.00666,0.0521,0.876,0.276,0VffaI2jwQknRrxpECYHsF
groupie love,lana del rey,62.0,,2017-07-21,88.0,51821190.0,0.0,0.0,,,,,,,,,,,03hqMhmCZiNKMSPmVabPLP
growing pains,alessia cara,0.0,,2018,72.0,12274759.0,0.0,0.0,0.354,0.753,0.455,-6.274,191.139,196533.0,0.0836,0.743,0.0,0.314,7MvUTgehqKITlwxPTNfPuU
grrrls,lizzo,0.0,,2022-07-15,68.0,5738825.0,0.0,0.0,0.889,0.449,0.911,-7.63,137.941,121112.0,0.0313,0.293,0.0,0.0581,1H27Qrf4EHkDvNQ61OuzZn
gta,future,64.0,,2024-03-22,88.0,22675640.0,0.0,0.0,,,,,,,,,,,4XF9fk0STp9hx8xn5Suwpz
guardian angel,xxxtentacion,65.0,,2018-12-07,,,0.0,0.0,0.712,0.374,0.779,-10.215,133.952,108034.0,0.795,0.511,0.0,0.187,7uqcLJFlSYjVPLUz1vPxkY
gucci gang,lil pump,59.0,,2017-08-31,61.0,7569701.0,0.0,0.0,0.936,0.523,0.699,-6.71,119.889,124055.0,0.239,0.0597,0.0,0.117,43ZyHQITOjhciSUUNPVRHc
guess featuring billie eilish,charli xcx,80.0,,2024-08-01,82.0,6318755.0,0.0,0.0,,,,,,,,,,,0IsIY8pfu1yaGkPUD7pkDx
guilty all the same,linkin park,57.0,,2014-06-16,88.0,31785695.0,0.0,0.0,0.566,0.969,0.641,-3.369,100.012,355120.0,0.0287,0.046,0.000442,0.281,6L5QMBrydoaapTDMQ0Anui
guilty as sin?,taylor swift,74.0,,2024-04-18,100.0,145489371.0,0.0,0.0,,,,,,,,,,,0W0iAC1VGlB82PI6elxFYf
guilty pleasure,chappell roan,62.0,,2023-09-22,82.0,7305071.0,0.0,0.0,,,,,,,,,,,0q8TNCQhwnDwnzq38IVV4l
gummo,6ix9ine,63.0,,2017-11-10,,,0.0,0.0,0.66,0.775,0.635,-4.926,157.036,157643.0,0.0553,0.172,0.0,0.129,4HbiCvH1R7mVOJ7KY7JQBD
gunpowder & lead,miranda lambert,65.0,,2007-05-01,66.0,3708746.0,0.0,0.0,,,,,,,,,,,3z1PqYwMtct2Dm4R9lhWnT
guns and roses,lana del rey,58.0,,2014-01-01,88.0,51821190.0,0.0,0.0,,,,,,,,,,,0vfPEfQk0ZCHExTZ007Ryr
guy for that,post malone,76.0,,2024-08-15,85.0,47716988.0,0.0,0.0,,,,,,,,,,,6StwwqB84sJeLr7tZDTxEX
h.o.l.y.,florida georgia line,71.0,,2016-04-29,70.0,5588772.0,0.0,0.0,0.523,0.666,0.564,-4.081,78.077,194186.0,0.401,0.0327,0.0,0.0728,0BCy325UZyR9z0t0uxwn2N
habits (stay high),tove lo,76.0,,2014-01-01,72.0,3676957.0,0.0,0.0,0.718,0.673,0.3673333333333333,-3.4933333333333336,110.00666666666666,208773.33333333334,0.060700000000000004,0.0328,6.27e-05,0.08596666666666668,14OxJlLdcHNpgsm4DRwDOB
hail mary,2pac,67.0,,2004,78.0,22549768.0,0.0,0.0,0.772,0.644,0.388,-6.318,82.05,312373.0,0.158,0.265,4.14e-06,0.366,2zoobJFEB9h15fjYjRd6oP
hailie's song,eminem,64.0,,2002-05-26,88.0,104584370.0,0.0,1.0,,,,,,,,,,,6Db8IlZ7YY1pfIjJllejyH
haitian scarface,kodak black,8.0,,2022-08-08,79.0,12474509.0,0.0,0.0,0.569,0.459,0.0649,-6.354,107.253,145245.0,0.0648,0.355,0.0,0.168,1eKf1hCEVQbRDsOIrY0U3M
half a man,dean lewis,76.0,,2019-03-22,75.0,4156314.0,0.0,0.0,,,,,,,,,,,1ugQtcwmKOXvKAYzhjncmv
half of my heart,john mayer,65.0,,2010,,,0.0,0.0,0.681,0.593,0.731,-9.327,115.058,250373.0,0.435,0.0251,0.000117,0.106,7hR5toSPEgwFZ78jfHdANM
halfway gone,lifehouse,56.0,,2010-06-11,63.0,2146238.0,0.0,0.0,0.543,0.919,0.498,-4.831,125.017,195306.0,0.000441,0.0415,0.0,0.238,7rojor07Wzc7w3zXOxex80
halfway right,linkin park,54.0,,2017-05-19,88.0,31785695.0,0.0,0.0,0.655,0.626,0.498,-7.155,134.028,217066.0,0.0134,0.045,0.0,0.349,1KvyBpAxgllKW7bQb0GYCR
hall of fame,the script,80.0,,2012-09-10,74.0,8811891.0,0.0,0.0,0.46599999999999997,0.8725,0.5700000000000001,-4.3785,84.8695,201813.0,0.07305,0.05275,0.0,0.11025,0FB5ILDICqwK6xj7W1RP9u
hallelujah,brett young,0.0,,2018-11-09,,,0.0,0.0,0.445,0.401,0.206,-7.883,145.15,247765.0,0.63,0.0294,2.36e-06,0.0958,2RNeNeEbmvfvNcnNR5pSDR
halley's comet,billie eilish,78.0,,2021-07-30,90.0,118692183.0,0.0,0.0,,,,,,,,,,,5XsAal7ZcWg1I5T4NcRjkv
halloween shark,pinkfong,53.0,,2017-12-13,,,0.0,0.0,0.569,0.828,0.644,-2.455,144.041,95291.0,0.3,0.321,0.0,0.24,1Pt4uDDVb4kl9BQngDohY3
hallucinate,dua lipa,50.0,,2020-03-27,85.0,46886554.0,0.0,0.0,,,,,,,,,,,2MUKw7zEirXqdZZ3xC4hOf
halo,beyoncé,74.0,,2008-06-30,84.0,41176723.0,0.0,0.0,,,,,,,,,,,2CvOqDpQIMw69cCzWqr5yr
handful,red hot chili peppers,62.0,,2022-10-14,82.0,23218829.0,0.0,0.0,0.572,0.601,0.552,-6.879,142.258,240217.0,0.0123,0.0392,0.000237,0.101,1d6zb2JQZt9LpxOwU1E3y4
handle on you,parker mccollum,1.0,,2022-08-05,,,0.0,0.0,0.588,0.931,0.625,-3.925,105.027,219333.0,0.00411,0.0318,0.0,0.345,6P3WtLdcQjc2BpCHf5yATw
hands held high,linkin park,44.0,,2009,88.0,31785695.0,0.0,0.0,0.44999999999999996,0.585,0.129,-9.148,103.9935,233163.5,0.30000000000000004,0.03725,0.00020135,0.196,3PvwlVjMxuAqN8rJc84zPg
hands in the air,miley cyrus,42.0,,2013-10-04,81.0,26561582.0,0.0,0.0,,,,,,,,,,,2YlQCqBj6FJsrQmc8K2CGa
hands to myself,selena gomez,66.0,,2015-10-09,81.0,53260584.0,0.0,0.0,,,,,,,,,,,3CJvmtWw2bJsudbAC5uCQk
handstand,miley cyrus,46.0,,2023-08-18,81.0,26558356.0,0.0,0.0,,,,,,,,,,,6eiNVtWCRsU7N6JDPXFI2W
hanging by a moment,lifehouse,63.0,,2008,63.0,2146238.0,0.0,0.0,0.537,0.858,0.502,-4.903,124.599,216360.0,0.000966,0.0349,0.0,0.0812,6jWLyg8AuMQ9LtIB2UlfOF
hanging with wolves,lil durk,55.0,,2022-12-09,78.0,9504357.0,0.0,0.0,,,,,,,,,,,1a7tOEheXeaSNathZW4Gzk
hangover,psy,44.0,,2014-06-09,62.0,1819643.0,0.0,0.0,,,,,,,,,,,4ngypPwfcqpHBxQjJIOgvr
happen to me,russell dickerson,59.0,,2025-02-21,65.0,587206.0,0.0,0.0,,,,,,,,,,,64KV9vjChfN2w9vA4j7A2K
happier,ed sheeran,75.0,,2017-03-03,88.0,122773292.0,0.0,0.0,,,,,,,,,,,2RttW7RAu5nOAfq6YFvApB
happier,marshmello,81.0,,2018-08-17,80.0,34476607.0,0.0,0.0,0.687,0.792,0.671,-2.749,100.015,214289.0,0.191,0.0452,0.0,0.167,2dpaYNEQHiRxtZbfNsse99
happier,olivia rodrigo,83.0,,2021-09-12,84.0,49050008.0,0.0,0.0,0.395,0.443,0.338,-9.72,168.924,175933.0,0.765,0.133,9.67e-06,0.0839,2tGvwE8GcFKwNdAXMnlbfl
happier than ever,billie eilish,84.0,,2021,90.0,118728633.0,0.0,0.0,0.323,0.23149999999999998,0.3,-8.7495,76.795,298899.0,0.754,0.036849999999999994,0.00271,0.128,1SWliBgqzayYYnvmxwbouX
happier than ever - edit,billie eilish,70.0,,2021,90.0,118692183.0,0.0,0.0,0.334,0.599,0.127,-5.742,161.74,151444.0,0.0468,0.0365,0.000392,0.205,32BeYxKPrig1LefHsC0Xuo
happiness,taylor swift,63.0,,2020-12-11,100.0,145396321.0,0.0,0.0,,,,,,,,,,,55Vf4bimc1Rtfg0PAQRAo2
happiness is a butterfly,lana del rey,73.0,,2019-08-30,88.0,51821190.0,0.0,0.0,0.467,0.119,0.156,-10.99,70.499,272485.0,0.969,0.0401,1.4e-06,0.0973,3lG6OtGDsYAOALxEmubQQm
happiness is a warm gun,the beatles,58.0,,2007,82.0,30721676.0,0.0,0.0,0.431,0.54,0.44,-9.6,139.288,164546.0,0.523,0.0589,1.34e-06,0.169,71LsKf3xISiOlY1mj7FFPP
happy,pharrell williams,6.0,,2013-06-18,79.0,5315301.0,,,,,,,,,,,,,6NPVjNh8Jhru9xOmyQigds
happy,the rolling stones,34.0,,1990,77.0,15714574.0,0.0,0.0,0.552,0.894,0.968,-3.835,131.71,185933.0,0.328,0.0292,0.938,0.515,34OVMKNbZGdYT04LRMx5w9
"happy - from despicable me 2""""",pharrell williams,79.0,,2014-03-03,79.0,5315301.0,0.0,0.0,,,,,,,,,,,60nZcImufyMA1MKQY3dcCH
happy does,kenny chesney,0.0,,2020-05-01,69.0,4887584.0,0.0,0.0,0.716,0.665,0.598,-5.486,109.021,168733.0,0.304,0.0382,0.0,0.123,3khHZ5Tz9mwLYbEmnCimvq
hard skool,guns n' roses,60.0,,2021-09-24,80.0,35196831.0,0.0,0.0,0.364,0.974,0.525,-1.797,166.053,221892.0,7.11e-05,0.0699,0.0899,0.176,1Pvmzboyxwp1rOVYqwKIgU
hard times,paramore,78.0,,2017-05-12,79.0,9792848.0,0.0,0.0,0.695,0.818,0.916,-5.379,119.965,182693.0,0.00647,0.0334,4.87e-06,0.0219,0w5Bdu51Ka25Pf3hojsKHh
hardwired,metallica,63.0,,2017,81.0,32161423.0,0.0,0.0,0.128,0.991,0.53,-3.289,186.124,189347.0,1.11e-05,0.0582,0.00362,0.219,0QV3swr7L8MZr72lL2izV1
hark! the herald angels sing,nat king cole,0.0,,2006,,,0.0,0.0,0.418,0.307,0.332,-10.296,105.515,109453.0,0.721,0.0275,0.0,0.133,4RChA0YL2XgsUIrtjpFeQk
harlem shake,baauer,58.0,,2012-05-22,,,0.0,0.0,0.452,0.794,0.282,-5.151,137.825,196664.0,0.0111,0.0483,0.00182,0.416,01XFgRZfZI7oBagNf1Loml
harleys in hawaii,katy perry,76.0,,2019-10-16,83.0,38385499.0,0.0,0.0,0.7215,0.754,0.7295,-6.205,140.09449999999998,185647.5,0.1735,0.1285,6.455e-06,0.122,3B4etxytImrRKQgV3XHjnR
hasta el amanecer,nicky jam,71.0,,2016-01-15,81.0,20568367.0,0.0,0.0,0.832,0.608,0.589,-6.042,94.013,198706.0,0.282,0.0385,0.0,0.0761,5Fim1gaXBgsiFfsQAfQSDS
hat made of mistletoe,cody johnson,1.0,,2021-11-19,73.0,1943383.0,0.0,0.0,0.598,0.943,0.801,-3.964,117.906,156346.0,0.0933,0.0347,0.0,0.331,2intfvINZGxNvyMRZaC7mI
hate it or love it,the game,81.0,,2005-06-30,70.0,5199185.0,0.0,0.0,,,,,,,,,,,2wGSgTmgSF3xjRrHkTc25R
hate me,blue october,48.0,,2006-09-12,,,0.0,0.0,0.458,0.684,0.198,-5.664,92.648,380053.0,0.506,0.0335,0.0,0.0947,2G46YgY00x0JN7ou4mupqr
hate me,ellie goulding,78.0,,2020-07-16,78.0,13209377.0,0.0,0.0,0.64,0.789,0.762,-4.891,75.018,188066.0,0.0875,0.0644,0.0,0.147,15og0pCEcTFWEXOFKdcJlU
hate u love u,olivia o'brien,64.0,,2016-12-09,60.0,2069542.0,0.0,0.0,0.407,0.416,0.246,-8.915,176.947,175466.0,0.656,0.174,0.0,0.0981,6ATgDc6e4sPn84hvJsAmPt
hate will never win,xxxtentacion,64.0,,2017-12-10,,,0.0,0.0,0.6020000000000001,0.3215,0.636,-10.2835,88.981,104028.5,0.8140000000000001,0.349,0.002500985,0.1175,0fWkWSpXp1V8nWslbA25Sg
haunted,beyoncé,74.0,,2014-11-24,84.0,41172203.0,0.0,0.0,,,,,,,,,,,7cioKB5CHVzk09SOtTyn0T
haunted,evanescence,3.0,,2003-03-04,75.0,6165678.0,0.0,0.0,0.37,0.861,0.16,-4.588,155.671,185440.0,0.00959,0.0625,0.00449,0.107,1GaLQ64H7Df0HG2cIOXy5i
haunted,taylor swift,45.0,,2010-10-25,100.0,145489371.0,0.0,0.0,,,,,,,,,,,11UaQaEp2LvdspTyyuE3ur
havana,camila cabello,79.0,,2017-08-03,78.0,35576126.0,0.0,0.0,0.765,0.523,0.394,-4.333,104.988,217306.0,0.184,0.03,3.56e-05,0.132,0ofbQMrRDsUaVKq2mGLEAb
have a nice day,bon jovi,64.0,,2005-08-30,78.0,15810313.0,0.0,0.0,0.5,0.899,0.566,-4.066,130.06,229106.0,4.84e-05,0.0736,0.000198,0.0794,06Zz2l7cVTCTgCNDe1bnEF
have it all,jason mraz,65.0,,2018,71.0,7312594.0,0.0,0.0,0.643,0.6275,0.596,-4.9485,82.015,226102.0,0.199,0.04085,0.0,0.0848,1pIMxRddmCGalHnRbLFkWg
have the heart,post malone,56.0,,2024-08-15,86.0,47722935.0,0.0,0.0,,,,,,,,,,,1sqXfPaRD7npnH712RZQAF
have you ever seen the rain,creedence clearwater revival,85.0,,1970-12-07,77.0,7945600.0,0.0,0.0,0.7536666666666667,0.6853333333333333,0.7863333333333333,-6.628,116.11099999999999,159986.33333333334,0.0913,0.027933333333333334,1.9299999999999998e-05,0.12833333333333333,2LawezPeJhN4AWuSB0GtAU
have yourself a merry little christmas,little big town,1.0,,2011-11-18,60.0,2881528.0,0.0,0.0,0.39266666666666666,0.17833333333333332,0.216,-11.833333333333334,155.70266666666666,231653.33333333334,0.8956666666666667,0.0371,0.0,0.10833333333333334,1PvFGbb2Gj9GsalJgy6UhM
have yourself a merry little christmas,maddie & tae,0.0,,2019-11-08,,,0.0,0.0,0.397,0.458,0.239,-7.796,67.968,229019.0,0.339,0.0293,0.00366,0.11,65RFXfpjIRrKrDBAWrBnlx
have yourself a merry little christmas,mary j. blige,0.0,,2013-10-15,,,0.0,1.0,0.409,0.281,0.215,-10.388,124.486,277680.0,0.883,0.0394,0.00010600000000000002,0.18600000000000003,2s5R5rxIuldG5E7d7U1hz4
have yourself a merry little christmas,sam smith,3.0,,2014-12-05,81.0,26275803.0,0.0,0.0,0.43799999999999994,0.178,0.344,-9.402,75.25,170964.0,0.957,0.0414,1.1e-06,0.316,0x4WfZkQ3rTlUgHm8ngBdb
hawái,maluma,78.0,,2020-07-29,83.0,38568546.0,0.0,0.0,0.785,0.7275,0.5515000000000001,-3.4545000000000003,180.06650000000002,199654.5,0.187,0.389,2.375e-05,0.06275,1yoMvmasuxZfqHEipJhRbp
he can only hold her,amy winehouse,65.0,,2007,75.0,9747371.0,0.0,0.0,0.626,0.504,0.713,-14.978,98.391,166400.0,0.021,0.073,0.00843,0.0684,3eVo0wD4kGwF3gshtecZso
he won't go,adele,57.0,,2011-01-24,83.0,66720643.0,0.0,0.0,0.706,0.57,0.728,-7.045,159.908,278040.0,0.0225,0.086,0.0,0.0754,2hw47GMKL6LXwp5BJgPxXf
head over boots,jon pardi,41.0,,2020-09-04,73.0,2338988.0,0.0,0.0,,,,,,,,,,,1385PRUkznPuahQGBjIzAy
heading south,zach bryan,0.0,,2022-12-25,84.0,7325625.0,0.0,0.0,0.617,0.378,0.345,-7.108,98.299,210304.0,0.808,0.0662,2.33e-05,0.179,3qFSZXYoXpyjTvlG4jX9hJ
headlights,eminem,38.0,,2013-11-05,88.0,104559284.0,0.0,1.0,,,,,,,,,,,1qOIwyj41749bmOhdD09IS
headlines,drake,85.0,,2011-11-15,95.0,103094105.0,0.0,0.0,,,,,,,,,,,6LxSe8YmdPxy095Ux6znaQ
heal the world,michael jackson,68.0,,2015,85.0,37446069.0,0.0,0.0,0.545,0.485,0.101,-8.045,80.948,384306.0,0.537,0.0485,1.8e-06,0.104,7woW97CfcWaKtuC6W5BP2K
hear my thoughts,powfu,51.0,,2019-11-12,66.0,1474124.0,0.0,0.0,0.667,0.446,0.311,-10.801,76.53,137368.0,0.892,0.38,0.0,0.101,6KA2YcsQZlQD8f8uvKjPXw
heart attack,demi lovato,80.0,,2013-01-01,77.0,27288825.0,0.0,0.0,0.504,0.785,0.502,-4.802,173.968,210840.0,0.0738,0.104,0.0,0.239,1V6gIisPpYqgFeWbMLI0bA
heart attack,enrique iglesias,45.0,,2013-10-08,77.0,11932306.0,0.0,0.0,0.553,0.892,0.479,-4.039,77.01,170146.0,0.0639,0.0667,0.0,0.426,1zpFTApsJK8n8FO9XUeGJW
heart of glass (live from the iheart festival),miley cyrus,65.0,,2020-11-27,81.0,26561582.0,0.0,0.0,,,,,,,,,,,5GK1GYXH16RdfmltogHhAk
heart of stone,jelly roll,65.0,,2024-10-10,79.0,6099725.0,0.0,0.0,,,,,,,,,,,1bXKpjbalq0If54LBffE0i
heart-shaped box,nirvana,81.0,,1993-09-21,81.0,23391272.0,0.0,0.0,0.256,0.641,0.382,-10.283,203.006,281160.0,0.199,0.0552,0.0329,0.0853,11LmqTE2naFULdEP94AUBa
heartache on the dance floor,jon pardi,75.0,,2016-05-13,73.0,2338518.0,0.0,0.0,0.596,0.833,0.618,-4.308,115.997,205200.0,0.0563,0.0474,0.0,0.0866,0w3Q14i073jLoew1hgJkwD
heartbeat,childish gambino,82.0,,2011-11-15,78.0,14561716.0,0.0,0.0,,,,,,,,,,,3WWAvWDBQANpJeNbvVbjMg
heartbeat,chris young,41.0,,2015-11-13,65.0,2918550.0,0.0,0.0,,,,,,,,,,,7ehOF430eA6pg8rsOG2DRN
heartbeat,the fray,53.0,,2012,73.0,4290585.0,0.0,0.0,0.458,0.821,0.323,-5.076,144.46,220693.0,0.000594,0.0334,9.46e-05,0.161,2atYprr9JsQaLynGhrWhld
heartbeat,wham!,43.0,,2025-05-30,,,0.0,0.0,0.545,0.552,0.821,-12.265,134.912,283666.0,0.16,0.0276,0.0,0.169,6iQz54AGEoITB0wgFi3zfz
heartbeat song,kelly clarkson,1.0,,2015-01-12,72.0,10961941.0,0.0,0.0,,,,,,,,,,,53b7YqVw2Vc1oRrYeOm7z7
heartbreak hotel,elvis presley,63.0,,1998-02-10,,,0.0,0.0,0.695,0.26666666666666666,0.726,-9.755333333333335,93.56466666666667,127826.66666666667,0.842,0.063,1.5399999999999999e-06,0.09273333333333333,1iUgrte2PxLxQ6Te95RnAV
heartbreak warfare,john mayer,65.0,,2010,,,0.0,0.0,0.624,0.554,0.311,-8.113,97.031,269720.0,0.191,0.0225,0.00131,0.299,4gs07VlJST4bdxGbBsXVue
hearteater,xxxtentacion,64.0,,2019-12-06,,,0.0,0.0,0.7805,0.5225,0.599,-4.6795,99.985,136485.0,0.06075,0.029650000000000003,0.000534,0.047950000000000007,0MW5zwGXciXyVdFwQbvBq8
heartless,diplo,73.0,,2020-05-29,77.0,2812821.0,0.0,0.0,,,,,,,,,,,3FU6urUVsgXa6RBuV2PdRk
heartless,kanye west,65.0,,2008-11-24,89.0,31052119.0,0.0,0.0,,,,,,,,,,,4ZMJshw6UOvaTWWThYtEoW
heartless,the weeknd,78.0,,2020-03-20,93.0,112918137.0,0.0,1.0,,,,,,,,,,,6bnF93Rx87YqUBLSgjiMU8
hearts don't break around here,ed sheeran,59.0,,2017-03-03,88.0,122773292.0,0.0,0.0,,,,,,,,,,,2dfHh7ECGxfNqZTQno09Vk
heat waves,glass animals,85.0,,2020-06-28,73.0,4568917.0,0.0,0.0,0.761,0.525,0.531,-6.9,80.87,238805.0,0.44,0.0944,6.7e-06,0.0921,02MWAaffLxlfxAUY7c5dvx
heat waves - slowed,glass animals,74.0,,2021-03-26,73.0,4568462.0,0.0,0.0,0.633,0.55,0.333,-9.965,147.099,262248.0,0.649,0.0924,0.000363,0.147,1K2RnVhm3eauKnA8PAcPu1
heated,beyoncé,66.0,,2022-07-29,84.0,41172203.0,0.0,0.0,,,,,,,,,,,1w7cgGZR86yWz1pA2puVJD
heathens,twenty one pilots,81.0,,2016-06-16,83.0,25761380.0,0.0,0.0,0.732,0.396,0.548,-9.348,90.024,195920.0,0.0841,0.0286,3.58e-05,0.105,6i0V12jOa3mr6uu4WYhUBr
heaven,avicii,0.0,,2019-12-06,79.0,23434221.0,0.0,0.0,0.592,0.873,0.515,-5.65,122.015,277261.0,0.0723,0.0275,0.00986,0.142,10P1Cy36hugYDFTZPCE9Bk
heaven,bazzi,67.0,,2022-08-19,66.0,5506553.0,0.0,0.0,0.798,0.575,0.6834,-5.509399999999999,114.9866,153391.0,0.14100000000000001,0.03502,3.3420000000000004e-06,0.05682,3XcV8CIZVzH2b5hiche9d6
heaven,julia michaels,69.0,,2018-01-26,69.0,5292876.0,0.0,0.0,0.554,0.371,0.245,-9.104,199.828,191813.0,0.855,0.0361,0.0,0.0838,374kqY6VFcdZYtN9FCxJxG
heaven,kane brown,68.0,,2017-10-06,71.0,5778418.0,0.0,0.0,0.677,0.556,0.521,-6.544,80.006,179506.0,0.263,0.0306,0.0,0.105,1HXy5I3HTWq8OvxCn0z7G7
heaven,niall horan,1.0,,2023-02-17,70.0,10237757.0,0.0,0.0,,,,,,,,,,,1yHVHoz6Ny29gbbWJYVnFt
heaven,onerepublic,52.0,,2016-10-07,,,0.0,0.0,0.585,0.724,0.37,-6.658,95.009,258946.0,0.0607,0.0321,0.0,0.105,1lFHaHvZeLf6XrOqX6iLlS
heaven or las vegas,the weeknd,45.0,,2012-11-13,93.0,112918137.0,0.0,1.0,,,,,,,,,,,4WZZeEjRqC4tV8rFljQzEo
heavenly sent,sam smith,32.0,,2023-04-12,81.0,26272346.0,0.0,0.0,,,,,,,,,,,4HgxrKTxCQUSR9qcuLycUN
heavy eyes,zach bryan,0.0,,2022-12-25,84.0,7325625.0,0.0,0.0,0.471,0.912,0.613,-3.032,139.667,190780.0,0.032,0.0724,0.0,0.343,6ndj9mwGI2t50WWLPwLzIM
heavy is the crown,daughtry,51.0,,2021-03-18,65.0,2382165.0,0.0,0.0,0.214,0.808,0.207,-4.668,159.869,234687.0,0.00154,0.0586,5.75e-05,0.0741,4P5cw8rpwDAQdzIy5nltzj
heavydirtysoul,twenty one pilots,71.0,,2015-05-15,83.0,25759662.0,0.0,0.0,,,,,,,,,,,7i9763l5SSfOnqZ35VOcfy
helena,my chemical romance,76.0,,2006-03-21,78.0,10298850.0,0.0,0.0,0.356,0.96,0.0857,-3.487,125.921,204733.0,0.0142,0.104,0.0,0.209,5dTHtzHFPyi8TlTtzoz1J9
helium,sia,69.0,,2017-02-10,82.0,30550549.0,,,,,,,,,,,,,2mmJUijVBC18B7SeYb0f5h
hell at night,bigxthaplug,76.0,,2025-08-08,79.0,2059774.0,0.0,0.0,,,,,,,,,,,0U1nO2frLx8w2dIsfvlP1d
hell of a way to go,riley green,41.0,,2022-05-13,75.0,1372158.0,0.0,0.0,0.481,0.74,0.669,-4.672,150.053,166133.0,0.0262,0.0277,0.0,0.157,5bssn5TFInaosqvW4GQJC8
hell of a way to go - live,riley green,47.0,,2022-05-13,75.0,1372158.0,0.0,0.0,0.44,0.472,0.548,-9.026,142.288,223406.0,0.86,0.0596,0.0,0.968,3t5tdzQKEqI3wqHIGCdNoB
hello,adele,75.0,,2015-11-20,83.0,66734917.0,0.0,0.0,0.578,0.43,0.288,-6.134,78.991,295502.0,0.33,0.0305,0.0,0.0854,1Yk0cQdMLx5RzzFTYwmuld
hello kitty,avril lavigne,60.0,,2013-11-01,76.0,12004691.0,0.0,0.0,,,,,,,,,,,5eo5uGyM4q70CLU3LZphfu
hello mary lou,creedence clearwater revival,2.0,,2008,77.0,7945600.0,0.0,0.0,0.633,0.674,0.965,-8.638,103.426,134440.0,0.0572,0.0348,0.00154,0.0504,7m0ZqFw6SHoAvtEccpMOs3
"hello, goodbye",the beatles,63.0,,2020-08,82.0,30721676.0,0.0,0.0,0.479,0.733,0.806,-8.753,99.307,208840.0,0.306,0.0256,2.4e-05,0.414,0vZ97gHhemKm6c64hTfJNA
hells bells,ac/dc,74.0,,2001-12-04,,,0.0,0.0,0.389,0.873,0.303,-4.768,106.767,312293.0,0.00532,0.0475,0.0055,0.273,69QHm3pustz01CJRwdo20z
"help me, rhonda",the beach boys,29.0,,1994,,,0.0,0.0,0.528,0.716,0.851,-7.478,139.713,169280.0,0.104,0.0308,0.0,0.0552,1JorgVEvGT4McTPnJSQGtP
help!,the beatles,70.0,,1984,82.0,30721676.0,0.0,0.0,0.5626666666666668,0.7316666666666666,0.8093333333333333,-7.070666666666667,94.94033333333334,139028.33333333334,0.18600000000000003,0.03183333333333333,0.0,0.09766666666666668,3Smida2eCUsLzDcmZqXEZ3
her,bts,52.0,,2018-08-24,85.0,81197976.0,0.0,0.0,,,,,,,,,,,6FHVHycPPTQp6aAHjLhzFT
her majesty,the beatles,27.0,,1969-09-26,82.0,30721676.0,0.0,0.0,,,,,,,,,,,6UCFZ9ZOFRxK8oak7MdPZu
her name is alice - live from washington state,shinedown,25.0,,2011-04-18,,,0.0,0.0,0.467,0.521,0.0399,-5.787,95.091,305280.0,0.135,0.0314,2.29e-05,0.729,1BpBQgXxBDGlwvuJWEN0dU
here,alessia cara,77.0,,2015-11-13,72.0,12275134.0,0.0,0.0,,,,,,,,,,,1wYZZtamWTQAoj8B812uKQ
here comes the sun,the beatles,82.0,,1969-09-26,82.0,30714318.0,0.0,0.0,0.557,0.54,0.394,-10.484,129.171,185733.0,0.0339,0.0347,0.00248,0.179,6dGnYIeXmHdcikdzNNDMm2
here comes the sun - 2019 mix,the beatles,53.0,,1988,82.0,30721676.0,0.0,0.0,0.569,0.557,0.292,-10.208,129.101,185706.0,0.038,0.0428,0.000228,0.136,3CPFHaVEHkkH26hAEPgMMp
here she comes now - smart sessions,nirvana,24.0,,1991-09-26,81.0,23384088.0,0.0,0.0,,,,,,,,,,,38j8kWnoRbiY2YdxWuL0aK
here without you,3 doors down,79.0,,2002-01-01,71.0,4909653.0,0.0,0.0,0.5565,0.539,0.21300000000000002,-6.7925,143.9925,238646.5,0.05635,0.025349999999999998,0.0,0.16449999999999998,2Lkn3Of9JHY6RSA8c3omKT
here without you - acoustic version,3 doors down,64.0,,2003-06,71.0,4908790.0,0.0,0.0,0.551,0.574,0.308,-6.265,143.734,232013.0,0.0203,0.0263,0.0,0.186,2Zi27tBhXnDQTz3porgaiw
here's to never growing up,avril lavigne,66.0,,2013-11-01,76.0,12006589.0,0.0,0.0,,,,,,,,,,,0qwcGscxUHGZTgq0zcaqk1
"here, there and everywhere",the beatles,64.0,,2003,82.0,30721676.0,0.0,0.0,0.29,0.247,0.36,-12.125,165.361,144880.0,0.921,0.0383,0.00565,0.0917,2B4Y9u4ERAFiMo13XPJyGP
hero,enrique iglesias,70.0,,2001,77.0,11932306.0,0.0,0.0,0.346,0.641,0.159,-5.627,77.281,264240.0,0.136,0.0504,8.4e-06,0.108,1PAgmT6YqGhd6zT9kN9gIo
heroes,shinedown,25.0,,2011-04-18,,,0.0,0.0,0.379,0.903,0.687,-4.812,168.975,204026.0,7.51e-05,0.0351,1.98e-05,0.0933,4JRpokvKWTgkxUVfrsGifs
heroes - live from washington state,shinedown,25.0,,2011-05-03,,,0.0,0.0,0.196,0.992,0.378,-2.031,168.818,210720.0,2.97e-05,0.208,0.000335,0.872,73VT7p1Sr2JndrZlHBQdtY
heroes and villains,the beach boys,53.0,,1973-11-19,,,0.0,0.0,0.426,0.583,0.232,-7.442,116.803,219306.0,0.524,0.0354,4.05e-06,0.147,7BO7ZbaEmgCSSp3znPMxN4
heroin,lana del rey,59.0,,2017-07-21,88.0,51798111.0,0.0,0.0,,,,,,,,,,,7lSdUlVf8k6kxklKkskb1m
hey baby (drop it to the floor),pitbull,79.0,,2011-06-17,84.0,11939612.0,0.0,0.0,,,,,,,,,,,3rfhI32Il2hVRKDkuGeeen
hey brother,avicii,78.0,,2013-09-13,79.0,23434221.0,0.0,0.0,0.545,0.78,0.458,-4.867,125.014,255093.0,0.0309,0.0436,4.64e-05,0.0828,4RXpgGM7A4Hg7cFBoH5KyF
hey daddy (daddy's home),usher,80.0,,2010-03-30,80.0,13749886.0,0.0,1.0,,,,,,,,,,,030OCtLMrljNhp8OWHBWW3
hey girl,stephen sanchez,60.0,,2022-08-19,71.0,1873452.0,0.0,0.0,0.389,0.505,0.244,-7.777,121.775,185906.0,0.538,0.037,0.00403,0.216,2L1S1Kal8d9azSsfckbNNy
hey jude,elvis presley,56.0,,1995,,,0.0,0.0,0.333,0.338,0.627,-15.48,78.662,271573.0,0.783,0.0278,0.000116,0.11,3tNyFKxcFszV0TiDDJsYVx
hey jude,the beatles,74.0,,1968-08-26,82.0,30721676.0,0.0,0.0,0.4166666666666667,0.597,0.5950000000000001,-8.432,122.21300000000001,365280.0,0.0434,0.025566666666666668,9.133333333333335e-06,0.19263333333333332,0aym2LBJBk9DAYuHHutrIl
"hey look ma, i made it",panic! at the disco,2.0,,2018-06-22,76.0,12721192.0,0.0,0.0,0.577,0.834,0.575,-3.337,107.936,169666.0,0.0134,0.0689,0.0,0.121,0FtatFiR93fHKIdLxmv8ar
hey mama,david guetta,73.0,,2014-11-10,87.0,27141717.0,0.0,0.0,0.596,0.73,0.525,-4.091,85.979,192560.0,0.24,0.151,0.0,0.325,285HeuLxsngjFn4GGegGNm
hey porsche,nelly,40.0,,2013-09-30,74.0,3743667.0,0.0,0.0,,,,,,,,,,,6QoxM9xgqazNPGF026CjpS
hey pretty girl,kip moore,0.0,,2012-04-12,,,0.0,0.0,0.431,0.373,0.0884,-10.76,85.548,215920.0,0.16,0.0277,1.41e-05,0.259,2yqTEHKrGZQ4TjdrW83E8p
hey stephen,taylor swift,24.0,,2017-11-09,100.0,145489371.0,0.0,0.0,,,,,,,,,,,0TYJbIHBtmWy9ugtU9BcbE
hey stephen (taylor’s version),taylor swift,62.0,,2021-04-09,100.0,145396321.0,0.0,0.0,,,,,,,,,,,550erGcdD9n6PnwxrvYqZT
hey there delilah,plain white t's,79.0,,2008,62.0,1345390.0,0.0,0.0,0.656,0.291,0.298,-10.572,103.971,232533.0,0.872,0.0293,0.0,0.114,4RCWB3V8V0dignt99LZ8vH
hey you got drugs?,tove lo,50.0,,2017-11-17,72.0,3676957.0,0.0,0.0,0.625,0.706,0.273,-4.604,123.019,258032.0,0.301,0.0326,0.0,0.0735,73kadnv7SduzhApfRUv5C0
"hey, soul sister",train,81.0,,2009-08-06,70.0,4516207.0,0.0,0.0,0.673,0.886,0.795,-4.44,97.012,216773.0,0.185,0.0431,0.0,0.0826,0KpfYajJVVGgQ32Dby7e9i
heyday (prod. czaer),stray kids,74.0,,2022-09-20,,,0.0,0.0,0.892,0.808,0.701,-3.343,137.97,144773.0,0.0335,0.156,0.0,0.0363,35sE2Ehvd1GzBzAIC0zFIu
hibiki,bad bunny,72.0,,2023-10-13,95.0,102500980.0,0.0,1.0,,,,,,,,,,,4qSEvFGCpde73gqIuq3sho
hide away,daya,4.0,,2016-10-07,69.0,1846218.0,0.0,0.0,,,,,,,,,,,7fPyCCiXVwbzPQ1MtoUChl
hide my gun,post malone,61.0,,2024-08-15,85.0,47716988.0,0.0,0.0,,,,,,,,,,,6nf4oqFOsVKLwJPEliYVwT
high,james blunt,57.0,,2005-08-08,70.0,3297399.0,0.0,0.0,,,,,,,,,,,13yEuYLJYxPCLJR0KNOqpk
high,miley cyrus,51.0,,2020-11-27,81.0,26564677.0,0.0,0.0,,,,,,,,,,,2LseyBkPJv7r7wCt2yMEgX
high,the chainsmokers,75.0,,2022-01-28,80.0,21360805.0,0.0,0.0,0.601,0.787,0.525,-6.178,134.981,175163.0,0.0492,0.031,0.0,0.142,09AvsbivV1FQBRAEBJh7UL
high by the beach,lana del rey,68.0,,2015-09-18,88.0,51773650.0,0.0,0.0,,,,,,,,,,,7g3htkaLz4ETFn0cifwM3y
high fashion,roddy ricch,70.0,,2019-12-06,74.0,11848561.0,0.0,0.0,,,,,,,,,,,07KXEDMj78x68D884wgVEm
high for this,the weeknd,65.0,,2012-11-13,93.0,112957721.0,0.0,1.0,,,,,,,,,,,36LdTnEWBDLDDA3hEsSLvi
high hopes,panic! at the disco,79.0,,2018-10-17,76.0,12721192.0,0.0,0.0,0.579,0.904,0.681,-2.729,82.014,190946.0,0.193,0.0618,0.0,0.064,1rqqCSm0Qe4I9rUvWncaom
high infidelity,taylor swift,60.0,,2022-10-22,100.0,145396321.0,0.0,0.0,,,,,,,,,,,5kiZGSxgqPdv6rbqL9THdd
high speed,coldplay,61.0,,2000-07-10,88.0,60830643.0,0.0,0.0,,,,,,,,,,,2DHgvPQD1jApRnT1DBZdrS
high voltage,linkin park,55.0,,2020-10-09,88.0,31785695.0,0.0,0.0,0.593,0.967,0.287,-4.26,93.916,225106.0,0.105,0.182,2.77e-06,0.314,7GVqIMb6OdMY5mG7fUrtOq
higher,creed,71.0,,1999-07-24,73.0,4303697.0,0.0,0.0,0.459,0.83,0.431,-6.254,155.827,316733.0,5.15e-05,0.0364,0.00014,0.206,1ZozJfi8u9cO2Ob8KwiwNT
higher ground,red hot chili peppers,4.0,,1992-09-04,82.0,23218829.0,0.0,0.0,0.476,0.979,0.394,-3.504,140.408,202053.0,0.00142,0.133,0.00686,0.0944,0v8tmDMQrTMavluubqAJo4
higher love,kygo,71.0,,2020-05-29,76.0,8669911.0,0.0,0.0,,,,,,,,,,,1kKYjjfNYxE0YYgLa7vgVY
higher power,coldplay,0.0,,2021-07-05,88.0,60804949.0,0.0,0.0,0.507,0.828,0.489,-6.023,178.032,211294.0,0.00711,0.0449,2.44e-05,0.261,0Cr69H8rDTrwIkJV27sUYj
highest in the room,travis scott,83.0,,2019-10-04,89.0,41131037.0,0.0,1.0,0.598,0.427,0.0605,-8.764,76.469,175720.0,0.0546,0.0317,5.83e-06,0.21,3eekarcy7kvN4yt5ZFzltW
highway don't care,tim mcgraw,42.0,,2020-11-20,69.0,5042529.0,0.0,0.0,,,,,,,,,,,1TSJsPnpjyUFsffwekaUUg
highway to hell,ac/dc,85.0,,1979-07-27,80.0,32304988.0,0.0,0.0,0.574,0.913,0.423,-4.793,115.728,208400.0,0.061,0.133,0.00158,0.156,2zYzyRzz6pRmhPzyfMEC8s
him & i,g-eazy,0.0,,2017-11-30,74.0,6295376.0,0.0,0.0,,,,,,,,,,,3YU6vJbjYUG0tiJyXf9x5V
him & i (with halsey),g-eazy,80.0,,2017-12-15,74.0,6294820.0,0.0,0.0,0.589,0.731,0.191,-6.343,87.908,268866.0,0.0534,0.0868,0.0,0.308,5k38wzpLb15YgncyWdTZE4
hips don't lie,shakira,39.0,,2010,85.0,39788275.0,0.0,1.0,0.778,0.824,0.758,-5.892,100.024,218093.0,0.284,0.0707,0.0,0.405,3ZFTkvIE7kyPt6Nu3PEa7V
hiss,megan thee stallion,61.0,,2024-01-26,76.0,10890822.0,0.0,0.0,,,,,,,,,,,1a9dUxIQ2ehPH3992H9uPe
hit 'em up - single version,2pac,80.0,,1998-01-01,78.0,22555572.0,0.0,0.0,0.916,0.844,0.586,-3.967,95.19,312626.0,0.0394,0.236,0.0,0.0778,0Z2J91b2iTGLVTZC4fKgxf
hit different,sza,66.0,,2020-09-04,87.0,33043825.0,0.0,0.0,,,,,,,,,,,7Bar1kLTmsRmH6FCKKMEyU
hit the floor,linkin park,58.0,,2003-03-03,88.0,31806929.0,0.0,0.0,0.74,0.959,0.878,-3.692,150.007,164213.0,0.0629,0.193,0.0,0.0444,3R9NKZ4jmxNjOFihSF5s7f
hit this hard,post malone,53.0,,2016-12-09,86.0,47720209.0,0.0,0.0,,,,,,,,,,,61jnrkPHpLumBf1kqGpRRt
ho,ludacris,49.0,,2000-01-01,76.0,3428625.0,0.0,0.0,,,,,,,,,,,1EsSm8qaR9Wtm1OgZXKi2n
ho hey,the lumineers,79.0,,2012-04-03,76.0,5903211.0,0.0,0.0,0.682,0.471,0.421,-9.182,79.907,163133.0,0.765,0.0301,0.0,0.0908,0W4Kpfp1w2xkY3PrV714B7
hoax,taylor swift,61.0,,2020-08-18,100.0,145489371.0,0.0,0.0,,,,,,,,,,,0YeDG5HnKnG7jpArkzsSPa
hold back the river,james bay,64.0,,2015-03-23,67.0,4106365.0,0.0,0.0,,,,,,,,,,,72FNf7DAlWLmuHiLTBcNHY
hold her while you can,stephen sanchez,51.0,,2021-09-24,71.0,1873452.0,0.0,0.0,0.502,0.718,0.36,-5.87,89.976,264013.0,0.0181,0.0303,8.31e-06,0.289,7D7CBnyCYkylr79Cp5TSlv
hold me closer,elton john,71.0,,2022-08-26,80.0,15542286.0,0.0,0.0,0.663,0.761,0.485,-4.5985,126.0295,202245.0,0.0747,0.1003,0.000272,0.192,5TJEBoTCDbJXiKMdCN9pd3
hold me tight,bts,65.0,,2015-04-29,,,0.0,0.0,0.622,0.728,0.394,-5.111,139.994,274991.0,0.0511,0.286,0.0,0.171,2SKBwYW23iHoB7CrYSeyC9
hold me tight or don’t,fall out boy,58.0,,2018-02-21,77.0,11415609.0,0.0,0.0,0.582,0.925,0.788,-4.366,95.987,210360.0,0.00699,0.0523,2.9e-06,0.108,0Q9vbV7G2Q6lts13nY9YGP
hold me while you wait,lewis capaldi,76.0,,2019-05-17,79.0,14039018.0,0.0,0.0,,,,,,,,,,,60iSKGrGazRzICtMjADNSM
hold my breath,post malone,49.0,,2023-07-28,86.0,47722935.0,0.0,0.0,,,,,,,,,,,4qtxILwBcAHEHbG7R0xF4r
hold my girl,george ezra,70.0,,2018-04-06,68.0,4312223.0,0.0,0.0,0.614,0.527,0.354,-6.374,121.941,211763.0,0.597,0.0302,0.0,0.11,42bbDWZ8WmXTH7PkYAlGLu
hold my hand,jess glynne,1.0,,2016-07-22,73.0,3164627.0,0.0,0.0,0.65,0.823,0.432,-5.717,123.018,227343.0,0.00159,0.0289,0.0,0.0776,10QPusaFcN11jk1mHrHrAc
hold on,adele,61.0,,2023-10-12,83.0,66705650.0,0.0,0.0,0.366,0.364,0.459,-7.814,165.902,366004.0,0.858,0.0433,1.15e-05,0.165,6bGMSP3H9YqkmaLnaJTIoF
hold on,justin bieber,70.0,,2021-03-05,91.0,85050158.0,0.0,0.0,0.658,0.634,0.29,-5.797,139.98,170813.0,0.0106,0.0413,0.0,0.132,1gMnyo0OUAL6HDJ39lyVwU
hold on,kt tunstall,0.0,,2007,,,0.0,0.0,0.661,0.937,0.805,-5.157,105.549,177613.0,0.322,0.0979,1.04e-06,0.19,7DYsBLdOqz0z14tYWMt2Tn
hold on,lil tjay,68.0,,2019-09-26,74.0,10192579.0,0.0,0.0,0.691,0.602,0.685,-6.807,151.987,189480.0,0.123,0.209,0.0,0.0637,5qDsijQM75KTdv3RtSPx91
"hold on, we're going home",drake,76.0,,2013-01-01,95.0,103094105.0,0.0,0.0,,,,,,,,,,,2aSC2xhRxOLiiZZVjhbylH
hold up,beyoncé,63.0,,2016-04-23,84.0,41172203.0,0.0,0.0,,,,,,,,,,,0rzNMzZsubFcXSEh7dnem7
hold ya head,the notorious b.i.g.,35.0,,2006-08-02,75.0,12762931.0,0.0,0.0,0.695,0.564,0.271,-6.884,79.857,165746.0,0.0998,0.258,3.28e-05,0.455,7sEm6dnBwPha4dDb3fnmhs
holes,cody johnson,42.0,,2014-01-14,73.0,1943383.0,0.0,0.0,0.47,0.572,0.422,-5.707,131.962,220533.0,0.0574,0.0283,0.0,0.0902,2MXE5cIWke4AVIrXpr9Fg5
holiday,green day,71.0,,2005-03-08,80.0,17327094.0,0.0,0.0,0.538,0.884,0.736,-3.251,146.511,233026.0,0.000138,0.031,0.0,0.466,5vfjUAhefN7IjHbTvVCT4Z
holiday / boulevard of broken dreams,green day,71.0,,2004,80.0,17327094.0,0.0,0.0,0.29,0.827,0.45,-3.451,167.086,493400.0,0.000659,0.0362,2.55e-06,0.301,0HJRAM7Gt9jXskuXjZeFX3
holiday rock,neon trees,0.0,,2021-10-29,64.0,1284368.0,0.0,0.0,0.529,0.818,0.684,-6.622,148.173,177345.0,6.5e-05,0.04,0.0,0.354,00gxx5tCbWPxr76vGNED8B
hollaback girl,gwen stefani,71.0,,2004-10-27,73.0,7068533.0,0.0,0.0,,,,,,,,,,,0eqH0ALoDQevq59YcQ53KE
holly jolly christmas,maddie & tae,1.0,,2020-10-23,,,0.0,0.0,0.699,0.487,0.665,-8.28,136.042,138760.0,0.717,0.0326,5.69e-06,0.0986,13csvOm2sBimqppl7rLJmc
hollywood's bleeding,post malone,73.0,,2019-09-06,86.0,47722935.0,0.0,0.0,,,,,,,,,,,7sWRlDoTDX8geTR8zzr2vt
holy,justin bieber,66.0,,2020-09-18,91.0,85034636.0,0.0,0.0,,,,,,,,,,,5u1n1kITHCxxp8twBcZxWy
holy grail,jay-z,63.0,,2013-07-04,82.0,10371098.0,0.0,0.0,,,,,,,,,,,1q9bLSeIlGf2xBvbOkp2Wr
holy ground,taylor swift,47.0,,2012-10-22,100.0,145489371.0,0.0,0.0,,,,,,,,,,,3KmYVOuK2eG7LGP7qQ8DLR
holy ground (taylor's version),taylor swift,62.0,,2021-11-12,100.0,145396321.0,0.0,0.0,,,,,,,,,,,7J4b3LVCIGO4CMBDFLPoP6
holy water,marshmello,73.0,,2025-08-08,80.0,34481381.0,0.0,0.0,,,,,,,,,,,5Xnkr4b6swk6BA5IinCIlU
home,blake shelton,2.0,,2008-11-18,69.0,7507062.0,0.0,0.0,0.579,0.443,0.288,-6.972,127.814,230453.0,0.479,0.0255,3.15e-06,0.11,3GG9WXxmHL5zGm7hXwCe7L
home,bts,74.0,,2023-06-20,,,0.0,0.0,0.633,0.799,0.534,-4.625,142.991,234177.0,0.0144,0.0427,0.0,0.194,6Yc3tjFCVR2bfAQFRTZBef
home,daughtry,54.0,,2008-01-06,65.0,2382165.0,0.0,0.0,0.4515,0.8525,0.36050000000000004,-3.5614999999999997,143.9495,255459.5,0.00308,0.035,4.535e-06,0.194,6aKfcKMefIPVzclCG6QSHX
home,phillip phillips,70.0,,2012-01-01,60.0,1139139.0,0.0,0.0,0.606,0.826,0.322,-6.04,121.04,210173.0,0.0256,0.0307,1.56e-05,0.117,1EAgPzRbK9YmdOESSMUm6P
home (kod),playboi carti,62.0,,2018-05-11,86.0,15026799.0,0.0,0.0,,,,,,,,,,,5wPyd3IQAZft1vmxoIqGrU
home alone tonight,luke bryan,56.0,,2015-08-07,74.0,9406293.0,0.0,0.0,,,,,,,,,,,0RE8WWlaCQM6M4XHUK3u7b
homesick,dua lipa,59.0,,2017-06-02,85.0,46895665.0,0.0,0.0,0.431,0.224,0.401,-8.683,87.122,230480.0,0.948,0.0379,0.0,0.112,4MyMbOaUFpcJcWdq25t0r0
hometown glory,adele,62.0,,2009-02-03,83.0,66734917.0,0.0,0.0,0.436,0.336,0.21,-8.517,122.456,271226.0,0.962,0.037,3.4e-05,0.102,3cCPT7eJhpYXXlH2pbWhfP
homicide,logic,66.0,,2019-05-10,71.0,6141719.0,0.0,0.0,,,,,,,,,,,7M2tXmeS15NAzEn7ABFeBg
honest,the chainsmokers,54.0,,2017-04-07,80.0,21357977.0,0.0,0.0,,,,,,,,,,,6KjbNLbRjuoa8rEq5yNA6H
honesty,billy joel,63.0,,1998-03-21,78.0,7402824.0,0.0,0.0,0.552,0.265,0.212,-15.482,135.476,233506.0,0.415,0.0332,0.0,0.107,34E0Higz6fFVXlbVsn6TIW
honey,taylor swift,91.0,,2025-10-03,100.0,145489371.0,0.0,0.0,,,,,,,,,,,4qmFC3Jz5aQ0erlk2OSi2X
honey bee,blake shelton,36.0,,2010-11-09,69.0,7506632.0,0.0,0.0,,,,,,,,,,,0y44Oz1T9uWDKg4SFDWRWH
"honey, i'm good.",andy grammer,71.0,,2014-08-05,65.0,1334303.0,0.0,0.0,0.754,0.802,0.583,-6.424,122.026,199263.0,0.0349,0.0551,0.0,0.335,4MflGTO2ZTcSQ12bWcyRgI
honeymoon avenue,ariana grande,48.0,,2023-08-25,90.0,107401919.0,0.0,0.0,,,,,,,,,,,5UkqH9t76GxI48YHA0thsy
honky tonk badonkadonk,trace adkins,0.0,,2006-08-15,,,0.0,0.0,0.643,0.919,0.823,-3.487,114.983,241133.0,0.338,0.0551,0.0,0.0555,3hNGMcAUI003T6reBA4aW7
honky tonk women,the rolling stones,64.0,,2003,77.0,15714574.0,0.0,0.0,0.56,0.721,0.966,-6.669,119.285,182706.0,0.225,0.0629,0.0339,0.0453,3fnPv1LRMxENr63afVhaz1
honky tonk women - live,the rolling stones,27.0,,2003,77.0,15714574.0,0.0,0.0,0.476,0.975,0.522,-4.198,116.957,297110.0,0.0172,0.0757,0.0436,0.872,5xysTyNKpX7HnUykxNP0fb
honky tonk women - mono version,the rolling stones,59.0,,2003,77.0,15714574.0,0.0,0.0,0.562,0.779,0.967,-6.705,119.602,179386.0,0.363,0.0592,0.0292,0.066,3RZMzCvYsmJ0u2ioKTOsmJ
hope,xxxtentacion,81.0,,2018-02-21,83.0,51719064.0,0.0,0.0,0.594,0.457,0.225,-6.081,146.04399999999998,110886.0,0.661,0.06026666666666666,0.00033099999999999997,0.146,1HUONmrq0euHYmiIrmYqPq
hope for the future,bastille,2.0,,2022-08-16,72.0,5647181.0,0.0,0.0,0.449,0.411,0.109,-9.189,149.911,212866.0,0.742,0.0329,0.101,0.112,3fDxFyhBeQpfSVzRGBo6lN
hope is a dangerous thing for a woman like me to have - but i have it,lana del rey,62.0,,2019-08-30,88.0,51798111.0,0.0,0.0,,,,,,,,,,,0fB77VOZ2FkQeKLv1DuEwp
hope ur ok,olivia rodrigo,71.0,,2021-05-21,84.0,49050008.0,0.0,0.0,,,,,,,,,,,1zejeOnykpCoyVSit6Bwp3
horn of plenty,james newton howard,36.0,,2012-03-26,62.0,412983.0,,,,,,,,,,,,,6nkjQcHzY3A9kav7OYW0Ch
hospital some,calvin harris,67.0,772000.0,2015-01-29,84.0,23079295.0,0.0,0.0,0.52,0.92,,-39.76,198.26,352017.0,,,0.165,,TRK-7301B37E11D3
hostage,billie eilish,74.0,,2017-12-22,90.0,118760311.0,0.0,0.0,,,,,,,,,,,1WsEgieHsWWndAzLkmV105
hot (remix),young thug,73.0,,2019-12-20,84.0,12418681.0,0.0,0.0,,,,,,,,,,,4ea9w8c4ROqiZpJVhfBA3m
hot girl bummer,blackbear,73.0,,2019-08-23,71.0,5067774.0,0.0,0.0,0.782,0.559,0.685,-7.106,129.992,188343.0,0.125,0.0767,0.0,0.385,2mt1IqcFyY1zmYZT8Q3xw9
hot in herre,nelly,77.0,,2002-06-25,74.0,3741931.0,0.0,0.0,,,,,,,,,,,04KTF78FFg8sOHC1BADqbY
hot n cold,katy perry,77.0,,2008-06-17,83.0,38400585.0,0.0,0.0,,,,,,,,,,,0iGckQFyv6svOfAbAY9aWJ
hot n*gga,bobby shmurda,68.0,,2014-07-25,56.0,1603613.0,0.0,0.0,,,,,,,,,,,19gEmPjfqSZT0ulDRfjl0m
hot to go!,chappell roan,76.0,,2023-09-22,82.0,7299563.0,0.0,0.0,,,,,,,,,,,4xdBrk0nFZaP54vvZj0yx7
hotel california - 2013 remaster,eagles,84.0,,2003-10-21,75.0,12152190.0,0.0,0.0,0.579,0.508,0.609,-9.484,147.125,391376.0,0.00574,0.027,0.000494,0.0575,40riOy7x9W7GXjyGp4pjAv
"hotel california - live on mtv, 1994",eagles,65.0,,1976-12-08,75.0,12152190.0,0.0,0.0,0.55,0.49,0.609,-10.732,74.656,432040.0,0.368,0.0572,9.96e-05,0.917,2GpBrAoCwt48fxjgjlzMd4
hotel laugh,brett young,45.0,96000.0,2017-03-18,,,0.0,0.0,0.46,0.27,,-24.65,162.09,127232.0,,,0.074,,TRK-699A1AF3356A
hotel lobby (unc & phew),quavo,63.0,,2022-05-20,76.0,8079123.0,0.0,0.0,,,,,,,,,,,0QNNd0qMCDbraS1nQPg3aA
hotline bling,drake,80.0,,2015-07-31,95.0,103094105.0,0.0,0.0,,,,,,,,,,,0wwPcA6wtMf6HUMpIRdeP7
hotter than hell,dua lipa,64.0,,2017-06-02,85.0,46891061.0,0.0,0.0,,,,,,,,,,,5eTNdkstwKaNahHf41fJ9u
houdini,dua lipa,12.0,,2023-11-09,85.0,46891061.0,0.0,0.0,,,,,,,,,,,4OMJGnvZfDvsePyCwRGO7X
houdini,eminem,75.0,,2024-05-31,88.0,104559284.0,0.0,1.0,,,,,,,,,,,1CDQzbCz4KSQxHe7LMEgRM
hound dog,elvis presley,66.0,,1958-03-21,,,0.0,0.0,0.39333333333333337,0.8413333333333334,0.943,-5.5793333333333335,147.46566666666666,134204.0,0.6586666666666666,0.1023,0.002115333333333333,0.5846666666666667,0JOw67rq2X6NDz5AJP9uIG
hounds of love,kate bush,61.0,,2009-02-23,70.0,2516750.0,0.0,0.0,0.546,0.748,0.9,-13.989,145.582,183266.0,0.505,0.0384,0.0,0.16,0iluWxTpC9QOdVPg3PROvm
house again,hudson westbrook,69.0,,2024-10-18,71.0,344824.0,0.0,0.0,,,,,,,,,,,16MeIVoFWTq2E0r6DwIek5
house of balloons / glass table girls,the weeknd,79.0,,2011-03-21,93.0,112957721.0,0.0,1.0,,,,,,,,,,,2r7BPog74oaTG5shNYiUnV
house of cards - full length edition,bts,69.0,,2016-05-02,,,0.0,0.0,0.367,0.668,0.384,-4.484,104.961,226212.0,0.336,0.052,0.0,0.147,6S2gYweMmT6xygVh5q3QLa
house of gold,twenty one pilots,0.0,,2015-02-04,83.0,25759662.0,0.0,0.0,0.68,0.694,0.851,-7.234,114.945,163880.0,0.445,0.0435,0.0,0.209,5rDrZXgrZ6iKxE6jDO2mFD
house of memories,panic! at the disco,85.0,,2016-01-14,76.0,12721192.0,0.0,0.0,0.506,0.8169999999999998,0.49533333333333335,-5.051666666666667,109.954,208706.0,0.0027933333333333334,0.03356666666666667,0.0,0.0486,0DYSlhe2YLhBJJEucFvO8v
house of wolves,my chemical romance,64.0,,2006-10-24,78.0,10298850.0,0.0,0.0,0.445,0.977,0.239,-2.674,105.825,184000.0,0.000347,0.0995,0.0235,0.126,7j2Bmzpnf6RwEWEQ2sv8Ho
house tour,sabrina carpenter,87.0,,2025-08-29,91.0,26538275.0,0.0,0.0,,,,,,,,,,,25jgQBxuUkGDdCG1WGKKN9
houstonfornication,travis scott,67.0,,2018-08-03,89.0,41131037.0,0.0,1.0,,,,,,,,,,,58TaFP5j5i9swOf584yon2
how bad do u want me,lady gaga,60.0,,2025-09-01,88.0,42237551.0,0.0,1.0,,,,,,,,,,,6AWldBTJJWOv0VbrNZXFEw
how could u love somebody like me?,artemas,71.0,,2024-10-09,74.0,1378074.0,0.0,0.0,,,,,,,,,,,7bn5nXdatftk0CHSrd7NHQ
how country feels,randy houser,66.0,,2013-01-22,57.0,1104788.0,0.0,0.0,,,,,,,,,,,26t3KexbqzF3sRWgczYyja
how deep is your love,calvin harris,76.0,,2016-07-01,84.0,23078238.0,0.0,0.0,0.738,0.868,0.336,-4.373,122.003,212640.0,0.0392,0.0731,0.00169,0.388,22mek4IiqubGD9ctzxc69s
how did it end?,taylor swift,72.0,,2024-04-19,100.0,145443567.0,0.0,0.0,,,,,,,,,,,5Bedn0svl0ZD7RGmJkmKKw
how did you love,shinedown,61.0,,2015-09-18,,,0.0,0.0,0.3325,0.7130000000000001,0.246,-6.2085,185.9495,186586.0,7.41e-05,0.0435,6.05e-07,0.09435,2le5xHvcWF8PDp608d4L8D
how do i say goodbye,dean lewis,75.0,,2022-08-31,75.0,4153847.0,0.0,0.0,,,,,,,,,,,5hnGrTBaEsdukpDF6aZg8a
how do you like me now?!,toby keith,68.0,,1999-01-01,70.0,3012654.0,0.0,0.0,,,,,,,,,,,7rDcULv8vV16vetBjPJhuE
how do you sleep?,sam smith,66.0,,2019-07-19,81.0,26275803.0,0.0,0.0,,,,,,,,,,,6b2RcmUt1g9N9mQ3CbjX2Y
how do you sleep? - live from the royal albert hall,sam smith,28.0,,2023-04-12,81.0,26275803.0,0.0,0.0,,,,,,,,,,,0C7x2CuGep5Vd90Dvf30M0
"how far i'll go - from ""moana""",alessia cara,66.0,,2016-10-28,72.0,12274759.0,0.0,0.0,0.309,0.544,0.16,-9.621,180.979,175517.0,0.155,0.352,0.000265,0.0727,5EbX5xL3O2xT8FxCpYzgUO
how i'll always be,tim mcgraw,33.0,,2015-01-01,69.0,5042529.0,0.0,0.0,,,,,,,,,,,1udlW04MoYgdZjaIv5pFh1
how long,charlie puth,77.0,,2018-05-11,80.0,25310805.0,0.0,0.0,0.845,0.561,0.811,-5.253,109.974,200853.0,0.211,0.0778,3.49e-06,0.0383,6wmAHw1szh5RCKSRjiXhPe
"how long - from""euphoria"" an hbo original series",tove lo,71.0,,2022-06-23,72.0,3676957.0,0.0,0.0,0.668,0.687,0.468,-7.129,97.025,199314.0,0.0157,0.058,0.000822,0.149,05eZlxyjbkHMPCnunUasCS
how long will i love you - bonus track,ellie goulding,66.0,,2013-12-10,78.0,13212719.0,0.0,0.0,0.512,0.304,0.172,-9.19,126.078,154435.0,0.295,0.0318,0.000622,0.118,7CFQrZR4WeKEg4vweqp8Gv
how low,ludacris,62.0,,2010-01-01,76.0,3429213.0,0.0,0.0,,,,,,,,,,,1WtTLtofvcjQM3sXSMkDdX
how not to,dan + shay,0.0,,2016-06-03,66.0,3203185.0,0.0,0.0,0.501,0.836,0.617,-3.587,159.849,192000.0,0.208,0.0488,0.0,0.152,28mwPMWi59y5SIwOlRHGwi
how to cry,sam smith,27.0,,2023-04-12,81.0,26278854.0,0.0,0.0,,,,,,,,,,,4HtKg96D9ya97kDEnfKiuV
how to love,lil wayne,0.0,,2011-01-01,86.0,17933500.0,0.0,0.0,,,,,,,,,,,4aX4Oycsk1fhHIee1zqsDe
how to save a life,the fray,84.0,,2005-09-13,73.0,4290197.0,0.0,0.0,0.64,0.743,0.361,-4.08,122.035,262533.0,0.269,0.0379,0.0,0.101,5fVZC9GiM4e8vu99W0Xf6J
how to save a life - live in nyc - 2009,the fray,54.0,,2008-02-04,73.0,4290585.0,0.0,0.0,0.54,0.294,0.204,-12.181,119.134,290266.0,0.775,0.0323,0.0,0.708,3OPVsn0Dk3s8vWhXxnK35p
how we do,the game,75.0,,2005-06-30,70.0,5199985.0,0.0,0.0,,,,,,,,,,,4PmMVdIFpJTB9WQbmILf4p
how would you feel (paean),ed sheeran,62.0,,2017-03-03,88.0,122802777.0,0.0,0.0,0.618,0.439,0.242,-5.63,139.983,280533.0,0.424,0.0269,0.0,0.127,4JWlQ6skcm0SuztTiapWeo
how you get the girl,taylor swift,59.0,,2014-01-01,100.0,145489371.0,0.0,0.0,,,,,,,,,,,0fM9dEhUFV4MHDuJgrcfOv
how you remind me,nickelback,85.0,,2001-09-11,78.0,7846032.0,0.0,0.0,0.446,0.764,0.543,-5.042,172.094,223840.0,0.00135,0.033,0.0,0.099,0gmbgwZ8iqyMPmXefof8Yf
hp,maluma,72.0,,2019-03-08,83.0,38568546.0,0.0,0.0,0.837,0.791,0.618,-3.157,91.98,184435.0,0.252,0.0773,1.14e-06,0.188,1LIqNVhaIgxXUt2eVoIQJ3
hrs & hrs,muni long,77.0,,2021-11-19,65.0,972319.0,0.0,0.0,0.523,0.521,0.661,-4.746,133.953,204316.0,0.607,0.159,0.0,0.107,3M5azWqeZbfoVkGXygatlb
hula hoop,daddy yankee,4.0,,2017-03-03,85.0,37817461.0,0.0,0.0,0.799,0.818,0.951,-4.628,175.998,236493.0,0.113,0.0801,0.00315,0.0942,1H25cHqoclhvwvl7BPyCbW
human,christina perri,64.0,,2013-11-18,71.0,4307803.0,0.0,0.0,,,,,,,,,,,1x80xTzSL7pok3M5JC3oJz
human,cody johnson,2.0,,2022-12-02,73.0,1943383.0,0.0,0.0,0.4000000000000001,0.647,0.274,-7.279,84.08,221520.0,0.17600000000000002,0.0337,5.79e-05,0.11,42Do6gNxZctRhhWKw55RJ5
human nature,michael jackson,66.0,,1993,85.0,37446069.0,0.0,0.0,0.638,0.511,0.68,-10.041,93.108,245560.0,0.541,0.0289,0.00478,0.26,35lAjvsvS9k9HHuP1fjDT8
humankind,coldplay,56.0,,2021-10-15,88.0,60818952.0,0.0,0.0,,,,,,,,,,,23BO6YozrAXUta1buxFZ80
humble and kind,tim mcgraw,42.0,,2020-11-20,69.0,5042529.0,0.0,0.0,,,,,,,,,,,5HsPn6gWnDyW70FGOMHkg1
humble.,kendrick lamar,83.0,,2017-04-14,89.0,44577310.0,0.0,1.0,0.908,0.621,0.421,-6.638,150.011,177000.0,0.000282,0.102,5.39e-05,0.0958,7KXjTSCq5nL1LoYtL7XAwS
hummingbird heartbeat,katy perry,36.0,,2010-08-24,83.0,38385499.0,0.0,0.0,,,,,,,,,,,73WKf5dSl59yT5mrwDWuuH
hung up,hot chelle rae,49.0,,2013-02-12,51.0,558316.0,0.0,0.0,0.668,0.875,0.934,-3.963,92.992,193733.0,0.0428,0.0447,0.0,0.379,4gVwRSCyE40hU3cq8qdkwD
hung up,madonna,78.0,,2005-11-11,78.0,8794984.0,0.0,0.0,,,,,,,,,,,3850dYVgOFIXJh5U4BFEWH
"huntin', fishin' and lovin' every day",luke bryan,37.0,,2015-08-07,74.0,9407321.0,0.0,0.0,,,,,,,,,,,6nUKELHbV6Tdj5OuQbksKH
hurricane,kanye west,66.0,,2021-08-29,89.0,31038851.0,0.0,0.0,,,,,,,,,,,6Hfu9sc7jvv6coyy2LlzBF
hurry up tomorrow,the weeknd,63.0,,2025-01-31,93.0,112918137.0,0.0,1.0,,,,,,,,,,,4TDPlp7OSOjuDU3l7PCM04
hurt,elvis presley,57.0,,1995,,,0.0,0.0,0.607,0.479,0.587,-10.492,111.368,127453.0,0.894,0.0273,0.668,0.182,4ugBXQVxTzKLmdCRL7yRRa
hurt you,the weeknd,70.0,,2018-03-30,93.0,112918137.0,0.0,1.0,,,,,,,,,,,6QdnKD1zwEgyOWtkrdzlOF
hurtin',cody johnson,41.0,,2014-01-14,73.0,1943383.0,0.0,0.0,0.487,0.821,0.539,-4.221,139.957,243040.0,0.0407,0.0406,0.0,0.272,3Nvh2G6LziUGKAGF7YBFfq
hurting interlude,sam smith,0.0,,2023-04-12,81.0,26275803.0,0.0,0.0,,,,,,,,,,,0rqtmKms6Wv2yvLrK4CrKH
hurtless,dean lewis,55.0,,2022-03-31,75.0,4153847.0,0.0,0.0,,,,,,,,,,,6HJizCbaqaEQG1eLjn341Z
hush,the marías,70.0,,2021-06-25,83.0,3767285.0,0.0,0.0,,,,,,,,,,,4zXZ5Mq2L6jnsOsTssgRh8
hymn for the weekend,coldplay,82.0,,2018,88.0,60804949.0,0.0,0.0,0.491,0.693,0.412,-6.487,90.027,258266.0,0.211,0.0377,6.92e-06,0.325,3RiPr603aXAoi4GHyXx0uy
hymn for the weekend - live in buenos aires,coldplay,44.0,,2018-12-07,88.0,60818952.0,0.0,0.0,,,,,,,,,,,0w6X9iRKrMyDpRRtbu4tE0
hype,drake,59.0,,2016-05-06,95.0,103094105.0,0.0,0.0,,,,,,,,,,,5NFYuqu8V6QXc6mzcLImd6
hypnotico - bonus track,jennifer lopez,35.0,,2011-04-29,74.0,13709065.0,0.0,1.0,,,,,,,,,,,4aorFAl3wVVlx4RxHKgFpT
hypnotize,the notorious b.i.g.,0.0,,2004-05-28,75.0,12762931.0,0.0,0.0,0.9085000000000001,0.6335,0.637,-4.774,93.9345,230026.5,0.1525,0.2765,0.0,0.2985,1Uyw5OKFNe2ebZWDK1G4Hv
hypnotize - 2007 remaster,the notorious b.i.g.,72.0,,2004-05-28,75.0,12762931.0,0.0,0.0,0.895,0.694,0.632,-4.384,93.944,230000.0,0.176,0.275,0.0,0.292,6Tsu3OsuMz4KEGKbOYd6A0
hypnotize - 2014 remaster,the notorious b.i.g.,81.0,,1997-03-04,75.0,12766717.0,0.0,0.0,0.9005000000000001,0.697,0.67,-3.439,93.9405,229826.0,0.1455,0.281,0.0,0.287,7DDvObCeUdqV2CwRZopzK9
i,lil skies,66.0,,2019-03-01,64.0,5287479.0,0.0,0.0,,,,,,,,,,,4ZT9FnbFu1PaBfV3itxiqT
i ain't worried,onerepublic,81.0,,2022-05-13,81.0,18706004.0,0.0,0.0,0.7040000000000001,0.797,0.8249999999999998,-5.927,139.994,148485.0,0.0826,0.04750000000000001,0.000745,0.0546,1iSyH8ek7Eqc8UWOReZaqg
i almost do,taylor swift,46.0,,2012-10-22,100.0,145443567.0,0.0,0.0,,,,,,,,,,,1eyqSYBCTane4rl4vc6PWJ
i always kinda knew you’d be the death of me,artemas,61.0,,2024-07-11,74.0,1378074.0,0.0,0.0,,,,,,,,,,,3iUDHA6FGAKfHX2jmgF0vO
i am (lil baby & gunna),lil baby,60.0,,2018-10-05,84.0,21644763.0,0.0,0.0,,,,,,,,,,,3F57PtOdqRpD6euFYqtKXX
"i am not a woman, i'm a god",halsey,63.0,,2021-08-27,80.0,22396044.0,0.0,0.0,0.52,0.701,0.506,-6.654,179.98899999999998,176413.0,0.0038599999999999997,0.0457,0.035500000000000004,0.0632,3XKjZcgNYtvCmBpE1nX7Wn
i am the walrus,the beatles,62.0,,1967,82.0,30721676.0,0.0,0.0,0.401,0.556,0.654,-10.532,85.206,275866.0,0.0828,0.0513,0.000359,0.589,6Pq9MmkDQYZiiCDpxnvrf6
i believe,jonas brothers,60.0,,2019-06-07,75.0,7761454.0,0.0,0.0,,,,,,,,,,,1vYh9x8UmFTLbXiizk9Qc5
i believe i can fly,r. kelly,60.0,,1998-11-08,66.0,2485444.0,0.0,0.0,,,,,,,,,,,2RzJwBCXsS1VnjDm2jKKAa
i can do it with a broken heart,taylor swift,80.0,,2024-04-18,100.0,145396321.0,0.0,0.0,,,,,,,,,,,2fPvQfGQEZOKtJ9qXeL4x8
i can fix him (no really i can),taylor swift,66.0,,2024-04-18,100.0,145489371.0,0.0,0.0,,,,,,,,,,,2h3MDMf8sd9s4XIzpTBIjX
i can't fall in love without you,zara larsson,66.0,,2017-03-17,77.0,10911229.0,0.0,0.0,0.485,0.332,0.273,-9.244,130.813,180640.0,0.784,0.0338,0.000122,0.146,4VPXFi4vFTtS9wHe6oMQaT
i can't fucking sing,the weeknd,18.0,,2025-01-31,94.0,112995439.0,0.0,1.0,,,,,,,,,,,64JIAZ0bS7WoARYfWQGCoz
i can't help but feel,surfaces,66.0,,2022-08-26,61.0,983406.0,0.0,0.0,0.722,0.706,0.715,-4.552,114.983,178780.0,0.328,0.0314,0.0,0.108,3BbTGS7zPJDsRsv2TtQP08
i can't help it,jvke,61.0,,2022-09-23,,,0.0,0.0,0.459,0.639,0.344,-4.152,155.935,177886.0,0.236,0.0638,0.00922,0.248,0LQGDAv1siMLMfBeeAdodG
i can't wait to get there,the weeknd,66.0,,2025-01-31,93.0,112918137.0,0.0,1.0,,,,,,,,,,,0bcZ7xN9IcjSNxLerzR2yl
i can’t lose,jonas brothers,62.0,,2025-07-16,75.0,7761454.0,0.0,0.0,,,,,,,,,,,6YggkCJwokciQdyL9Zbx4H
"i choose - from the netflix original film ""the willoughbys""",alessia cara,66.0,,2020-04-03,72.0,12274759.0,0.0,0.0,0.66,0.631,0.416,-6.464,138.007,217347.0,0.386,0.0764,0.0,0.16,13QIjo2iGBgl56mNDjJOet
i choose you,sara bareilles,63.0,,2014-01-17,61.0,1987190.0,0.0,0.0,0.731,0.572,0.947,-7.889,154.038,218573.0,0.105,0.0445,0.00012,0.133,7jJH8F3PHlNvxfqEAAfFDl
i could be the one (avicii vs. nicky romero) - radio edit,avicii,65.0,,2015-11-30,79.0,23434221.0,0.0,0.0,0.509,0.79,0.638,-3.782,127.946,208316.0,0.332,0.0374,6.67e-05,0.316,1sh6lL6cmlcwhqZKGiKBua
i could never be loved,powfu,54.0,,2018-06-18,66.0,1474124.0,0.0,0.0,0.911,0.255,0.244,-15.257,137.994,213942.0,0.499,0.153,0.000246,0.0937,2c9iVAV8Vte2POKrVZFC02
i cry,flo rida,72.0,,2012-06-22,79.0,8971415.0,0.0,0.0,,,,,,,,,,,4bZd0nRuX8HyjeXAUBczvm
i dare you - live from washington state,shinedown,26.0,,2011-04-18,,,0.0,0.0,0.55,0.977,0.259,-2.147,106.985,223520.0,8.44e-05,0.05,0.00806,0.214,3qYDK9O2x877S64cvV8K46
i did something bad,taylor swift,73.0,,2017-11-10,100.0,145443567.0,0.0,0.0,,,,,,,,,,,4svZDCRz4cJoneBpjpx8DJ
i didn't change my number,billie eilish,72.0,,2021,90.0,118692183.0,0.0,0.0,0.849,0.48,0.677,-5.835,142.021,158463.0,0.612,0.226,0.269,0.295,7bcy34fBT2ap1L4bfPsl9q
i do,cardi b,62.0,,2018-04-06,81.0,25956015.0,0.0,0.0,,,,,,,,,,,1f5PNhkNgUpvDEeZfcIlO1
i don't care,ariana grande,53.0,,2016-04-01,90.0,107389514.0,0.0,0.0,,,,,,,,,,,1QGiDkpRQGqvBdDOnbDimF
i don't care,fall out boy,64.0,,2008-09-03,77.0,11415609.0,0.0,0.0,0.55,0.938,0.433,-3.556,133.99,214493.0,0.00171,0.0522,2.18e-05,0.555,26VG1uCazw9xtVnq8A1vtd
i don't care (with justin bieber),ed sheeran,74.0,,2019-05-10,88.0,122773292.0,0.0,0.0,,,,,,,,,,,3HVWdVOQ0ZA45FuZGSfvns
i don't care (with justin bieber),ed sheeran & justin bieber,68.0,,2019-07-12,49.0,13561.0,0.0,0.0,,,,,,,,,,,0hVXuCcriWRGvwMV1r5Yn9
i don't do drugs,doja cat,64.0,,2021-06-25,86.0,34742256.0,0.0,0.0,,,,,,,,,,,0FFsgUoFibYISzMxuGS61W
i don't fuck with you,big sean,74.0,,2015-02-23,74.0,11543082.0,0.0,0.0,,,,,,,,,,,7FYH5AW3bVfZHJIQpq3UOA
i don't love you,my chemical romance,73.0,,2006-11-01,78.0,10298850.0,0.0,0.0,0.289,0.796,0.33,-4.22,169.835,238680.0,0.00837,0.0494,2.61e-05,0.202,4RAOI1etsgbh5NP3T5R8rN
i don't wanna do this anymore,xxxtentacion,77.0,,2017-05-16,,,0.0,0.0,0.433,0.778,0.764,-7.681,114.208,87560.0,0.843,0.041,0.0,0.139,5de9Ho64dovuQI8Uhn5gPD
i don't wanna grow up,bebe rexha,0.0,,2015-05-12,75.0,9837715.0,0.0,0.0,0.597,0.663,0.448,-6.745,93.952,248557.0,0.505,0.0368,0.00213,0.11,2PEpP5pUkbZIwFcXIbhB9V
i don't wanna love somebody else,a great big world,49.0,,2014-01-14,57.0,649992.0,0.0,0.0,0.495,0.22,0.345,-11.16,126.618,163960.0,0.847,0.0355,1.4e-06,0.0957,71vcffc4Yfz0pt9AbaL386
i don't wanna talk (i just wanna dance),glass animals,67.0,,2021-09-10,73.0,4568462.0,0.0,0.0,0.703,0.624,0.808,-6.228,131.966,195190.0,0.0156,0.0364,5.53e-05,0.299,2xXPVOKw75Ouju8Qu4SdIA
i don't wanna wait,david guetta,80.0,,2024-04-05,87.0,27143729.0,0.0,0.0,,,,,,,,,,,331l3xABO0HMr1Kkyh2LZq
i don't wanna wait - hardwell & olly james remix,david guetta,63.0,,2024-05-03,87.0,27139342.0,0.0,0.0,,,,,,,,,,,0GOXlShsWOp7BQ7nt9uwUL
i don't want this night to end,luke bryan,44.0,,2020-12-15,74.0,9406293.0,0.0,0.0,,,,,,,,,,,1oQDxrvz8PAxAAs0Sl1dcX
i don’t let go,xxxtentacion,65.0,,2018-12-06,,,0.0,0.0,0.797,0.293,0.478,-7.479,80.035,121630.0,0.591,0.08,0.0724,0.148,4axYWgXASdsCBHuwInAubT
i don’t think that i like her,charlie puth,66.0,,2022-09-16,79.0,25301942.0,0.0,0.0,0.587,0.548,0.713,-5.846,186.073,188507.0,0.396,0.0339,0.0,0.109,0Ts1lnK3lYa2dwE2orDJc5
i don’t wanna live forever (fifty shades darker),zayn,81.0,,2017-11-09,77.0,24111322.0,0.0,0.0,0.731,0.445,0.106,-8.418,117.97,247160.0,0.0586,0.0533,1.96e-05,0.14,55n9yjI6qqXh5F2mYvUc2y
i drink wine,adele,71.0,,2023-10-12,83.0,66734917.0,0.0,0.0,0.437,0.565,0.306,-5.596,115.389,376169.0,0.697,0.0466,0.0,0.119,6v0UJD4a2FtleHeSYVX02A
i fall apart,post malone,75.0,,2016-12-09,85.0,47716988.0,0.0,0.0,,,,,,,,,,,75ZvA4QfFiZvzhj2xkaWAh
i feel fine,the beatles,62.0,,1987,82.0,30721676.0,0.0,0.0,0.564,0.827,0.912,-7.089,89.847,139346.0,0.0904,0.0283,3.73e-06,0.127,5hhF25sWnZvXhimOHLjTRE
i feel it coming,the weeknd,77.0,,2016-11-25,93.0,112957721.0,0.0,1.0,,,,,,,,,,,23Gv9vq4FurPK6np6xX0Bi
i forgot that you existed,taylor swift,72.0,,2019-08-23,100.0,145396321.0,0.0,0.0,,,,,,,,,,,43rA71bccXFGD4C8GOpIlN
i get around (mono),the beach boys,66.0,,1998,,,0.0,0.0,0.39,0.625,0.514,-7.813,144.338,134386.0,0.36,0.0537,0.0,0.0663,3v9xlH6BpmRbqL7hgNJhfT
i get the bag,gucci mane,70.0,,2017-10-13,76.0,5987438.0,0.0,0.0,,,,,,,,,,,1XRgIKC5TPwo7nWGyKqgG0
"i go to extremes - live at yankee stadium, bronx, ny - june 1990",billy joel,37.0,,1990-12,78.0,7402824.0,0.0,0.0,0.378,0.956,0.286,-3.822,130.638,282826.0,0.137,0.13,6.04e-06,0.856,6RTWC9YIPsoQpLJNDLTrBL
i got better,morgan wallen,54.0,,2025-05-16,88.0,13999205.0,0.0,0.0,,,,,,,,,,,4GBNnoGf1FgsPtsgghZ381
i got love,nate dogg,0.0,,2003-04-05,,,0.0,0.0,0.912,0.416,0.643,-5.822,90.046,238760.0,0.409,0.159,0.256,0.0788,1Zstms8GsmKgNs5ZNxOiMC
i got lucky,elvis presley,57.0,,1987-09-14,,,0.0,0.0,0.731,0.386,0.962,-12.331,92.867,115720.0,0.838,0.0444,0.0,0.195,0j5u1HPcFQxKDJQ89zwOFn
i got you,bebe rexha,43.0,,2017-02-16,76.0,9838934.0,0.0,0.0,,,,,,,,,,,6DOBk1Pxe7q8YFI9Ozbrb3
i got you - acoustic,bebe rexha,0.0,,2017-03-24,75.0,9837715.0,0.0,0.0,0.64,0.866,0.586,-4.105,99.04,193558.0,0.0508,0.0653,0.0,0.0921,4PxicLNLWUVprQnI8kUqyQ
i gotta feeling,black eyed peas,7.0,,2009-01-01,81.0,9559647.0,0.0,0.0,0.746,0.793,0.656,-5.725,127.973,289493.0,0.0519,0.026500000000000003,0.0,0.421,00Vp4bBQAZ1s9KEIw5MjgQ
i guess i just feel like,john mayer,70.0,,2019-04,,,0.0,0.0,0.548,0.483,0.166,-9.102,159.952,286386.0,0.515,0.0268,0.0674,0.0922,4Im6GRj17qa7NW76OsJh1s
i guess that's why they call it the blues,elton john,70.0,,2008-10-28,80.0,15542286.0,0.0,0.0,0.673,0.663,0.671,-7.29,120.634,285333.0,0.217,0.0269,0.017,0.177,23l1kVpqMVREiwU1YAlcr4
i had some help,post malone,82.0,,2024-05-10,85.0,47716988.0,0.0,0.0,,,,,,,,,,,5IZXB5IKAD2qlvTPJYDCFB
i hate it here,taylor swift,70.0,,2024-04-19,100.0,145489371.0,0.0,0.0,,,,,,,,,,,3hlGuz3loYoLfI3bpwieWq
i hate myself and want to die - 2013 mix,nirvana,60.0,,1994,81.0,23384088.0,0.0,0.0,0.456,0.818,0.257,-11.286,115.556,179680.0,0.115,0.0589,0.0,0.0995,1kwsUMjFuePZBNB56gQYoA
i hate u,sza,64.0,,2021-12-03,87.0,33043825.0,0.0,0.0,,,,,,,,,,,5dXWFMwD7I7zXsInONVl0H
"i hate u, i love u",gnash,73.0,,2016-03-25,58.0,1588874.0,0.0,0.0,,,,,,,,,,,6zYuVnHTZQbFSQ9BAhhf9S
i have questions,camila cabello,53.0,,2017-05-21,78.0,35582423.0,0.0,0.0,,,,,,,,,,,3NgCzSW98SsqBdpYcnm4kv
i heard the bells on christmas day,echosmith,0.0,,2013-01-01,55.0,606152.0,0.0,0.0,0.506,0.458,0.356,-7.199,79.015,182253.0,0.0208,0.0253,0.0,0.136,06oOzJiA2VKxJnwncRswJU
i hope,gabby barrett,74.0,,2019-01-25,,,0.0,0.0,0.466,0.536,0.377,-6.227,75.998,210772.0,0.0951,0.0429,0.0,0.114,23T0OX7QOiIUFShSzbJ5Uo
i hope you change your mind - lofi remix,the chainsmokers,0.0,,2022-05-13,80.0,21360805.0,0.0,0.0,0.648,0.473,0.363,-14.604,112.998,195456.0,0.598,0.0285,0.917,0.136,1c9wxQkSyFOCkVUl3Z5Say
i just can't stop loving you,michael jackson,58.0,,1987-08-31,85.0,37446069.0,0.0,0.0,,,,,,,,,,,5DVK3a3p37V9cLjzNa32Xo
i just want you,cole swindell,46.0,,2014-02-18,64.0,2565362.0,0.0,0.0,,,,,,,,,,,7dZRDDJt0a2FqgEeFcunY7
i kissed a girl,katy perry,75.0,,2008-06-17,83.0,38400585.0,0.0,0.0,0.824,0.682,0.39,-4.624,130.026,209866.0,0.00126,0.145,0.204,0.0503,005lwxGU1tms6HGELIcUv9
i kissed a girl - rock remix,katy perry,49.0,,2008-06-17,83.0,38393243.0,0.0,0.0,,,,,,,,,,,1TOKDNTBEnlhcXzvLinKgd
i knew you were trouble.,taylor swift,76.0,,2012-10-22,100.0,145489371.0,0.0,0.0,,,,,,,,,,,2o2IVjuqRkR9hJxtPjtAP0
i know,post malone,60.0,,2019-09-06,86.0,47722935.0,0.0,0.0,,,,,,,,,,,6b2mfHMqWCA74XmUuVJm8r
i know ?,travis scott,79.0,,2023-07-28,89.0,41107596.0,0.0,1.0,,,,,,,,,,,6wsqVwoiVH2kde4k4KKAFU
i know a guy,chris young,41.0,,2015-11-13,65.0,2918228.0,0.0,0.0,,,,,,,,,,,1pLfw3OyeXSDG71k4O9YAm
i know it won't work,gracie abrams,75.0,,2023-06-16,82.0,7403257.0,0.0,0.0,,,,,,,,,,,33uKUpu9ZXsHhcxRLoxnWI
i know love,tate mcrae,73.0,,2025-02-21,88.0,9249502.0,0.0,0.0,,,,,,,,,,,4RtFabLO2KuYlxBlgHkg64
i know places,taylor swift,53.0,,2014-01-01,100.0,145396321.0,0.0,0.0,,,,,,,,,,,3qGLcmO0XnnrcpAQGZwTvA
i know places - voice memo,taylor swift,1.0,,2014-01-01,100.0,145489371.0,0.0,0.0,,,,,,,,,,,4FoV729rw7IhoKlMZW5K5V
i know what you did last summer,shawn mendes,51.0,,2015-11-20,81.0,45700057.0,0.0,0.0,,,,,,,,,,,7M9t7BCy51ITF8IMyiemzk
i know what you want,busta rhymes,62.0,,2003-05-12,70.0,3165404.0,0.0,0.0,0.658,0.771,0.516,-4.318,85.949,324306.0,0.016,0.271,0.0,0.654,3oairMMtNVnUppKwroxou4
"i know where i've been - from the netflix film ""luckiest girl alive""",elle king,52.0,,2022-05-06,63.0,670530.0,0.0,0.0,0.576,0.513,0.074,-8.541,120.025,219973.0,0.208,0.0323,0.184,0.0879,6Nm4X6HWL4TNSMGClw52Xf
i know you want me (calle ocho),pitbull,69.0,,2009-08-31,84.0,11933906.0,0.0,0.0,,,,,,,,,,,5RzFJd6W40SDTyZkX6xx45
i know you're not happy,powfu,48.0,,2018-09-23,66.0,1474124.0,0.0,0.0,0.546,0.381,0.39,-14.594,139.621,197616.0,0.909,0.0367,0.00167,0.119,0gx7MU31U0qNuG9poUqfa2
i let a damn good woman leave,riley green,1.0,,2021-07-02,75.0,1372158.0,0.0,0.0,0.526,0.583,0.381,-7.344,146.229,212200.0,0.0395,0.0268,3.61e-06,0.0644,4TvZe6U2SwgEScreWEGA6y
i like it,cardi b,79.0,,2018-04-06,81.0,25957976.0,0.0,0.0,0.816,0.726,0.65,-3.998,136.048,253390.0,0.099,0.129,0.0,0.372,285jK9VYQKmijjcrjD4CRa
i like it,enrique iglesias,7.0,,2010-01-01,77.0,11935198.0,0.0,0.0,,,,,,,,,,,4nVyHATevhl5RC6Qmoko5H
i like it rough,lady gaga,45.0,,2009-11-05,88.0,42256604.0,0.0,1.0,,,,,,,,,,,7leOAkslHi6lQZCzsiLZst
"i like it, i love it",tim mcgraw,71.0,,1995-08-15,69.0,5042529.0,0.0,0.0,,,,,,,,,,,3IvcWWehbBcBR4YZxlGM9R
i like me better,lauv,5.0,,2017-05-19,73.0,6816695.0,0.0,0.0,0.752,0.505,0.419,-7.621,91.97,197436.0,0.535,0.253,2.55e-06,0.104,0EcQcdcbQeVJn9fknj44Be
i like that,bazzi,69.0,,2021-07-22,66.0,5506553.0,0.0,0.0,0.665,0.6919999999999998,0.68,-5.431,74.474,158083.0,0.17200000000000001,0.112,0.0,0.19099999999999998,0kWQn0wLok1lawHAkGSMW9
i like the way you kiss me,artemas,80.0,,2024-03-19,74.0,1377042.0,0.0,0.0,,,,,,,,,,,28BHwinU69xKIlL7vVln2k
i like you (a happier song) (with doja cat),post malone,75.0,,2022-06-03,85.0,47716988.0,0.0,0.0,,,,,,,,,,,0O6u0VJ46W86TxN9wgyqDj
i lived,onerepublic,71.0,,2013-03-22,,,0.0,0.0,0.596,0.8525,0.3275,-5.442500000000001,119.9865,234546.0,0.07145,0.0441,0.0,0.2745,3IQF4xCQUPicbA4hWfTxPo
i look in people's windows,taylor swift,67.0,,2024-04-19,100.0,145396321.0,0.0,0.0,,,,,,,,,,,1Zai5UJ2di3qEuR2HeT2s8
i love it,icona pop,75.0,,2012-06-19,66.0,778972.0,0.0,0.0,0.7124999999999999,0.9055,0.831,-2.667,125.92150000000001,156244.5,0.009035000000000001,0.028650000000000002,2.095e-05,0.1495,3VZQshi4COChhXaz7cLP02
i love it (& lil pump),kanye west,67.0,,2018-09-07,89.0,31038851.0,0.0,0.0,,,,,,,,,,,4S8d14HvHb70ImctNgVzQQ
i love me,demi lovato,51.0,,2020-03-06,77.0,27288825.0,0.0,0.0,,,,,,,,,,,2IHLaN6wwYKQ3S24NsQqpA
i love my country,florida georgia line,0.0,,2020-03-27,70.0,5588772.0,0.0,0.0,0.525,0.94,0.636,-3.546,140.093,185466.0,0.0283,0.065,0.0,0.236,3ph79KYuJ2bndNPA2c1tRH
i love this bar,toby keith,48.0,,2008-01-01,70.0,3012654.0,0.0,0.0,,,,,,,,,,,2EZWdLnLPwL97JcfNlBoM1
i love u,the chainsmokers,69.0,,2022-05-13,80.0,21360805.0,0.0,0.0,0.651,0.719,0.81,-5.804,103.981,185522.0,0.143,0.0318,3.62e-05,0.0948,2FqkTu4FhwDWn9hzEaWWCE
i love u - lofi remix,the chainsmokers,0.0,,2022-05-13,80.0,21360805.0,0.0,0.0,0.656,0.31,0.197,-10.118,77.012,152774.0,0.971,0.0808,0.468,0.131,6lHo50O8EnGln33OIQj6UA
i love you,billie eilish,82.0,,2019-03-29,90.0,118692183.0,0.0,0.0,,,,,,,,,,,6CcJMwBtXByIz4zQLzFkKc
"i love you, i'm sorry",gracie abrams,86.0,,2024-06-21,82.0,7412007.0,0.0,0.0,,,,,,,,,,,51rfRCiUSvxXlCSCfIztBy
i me mine,the beatles,54.0,,1994,82.0,30721676.0,0.0,0.0,0.291,0.638,0.525,-7.854,185.235,145586.0,0.179,0.0554,0.0,0.101,2BMqay80iBzZTa608Y1eG1
i might say something stupid,charli xcx,62.0,,2024-06-07,82.0,6318755.0,0.0,0.0,,,,,,,,,,,0PFZCt7UNmpas24HejQGu8
i miss you,adele,59.0,,2015-11-20,83.0,66734917.0,0.0,0.0,0.382,0.578,0.156,-4.246,113.072,348625.0,0.00982,0.047,1.44e-05,0.433,6NdG17SJBXKJeYS67f7E74
"i miss you, i’m sorry",gracie abrams,82.0,,2020-07-14,82.0,7420507.0,0.0,0.0,0.445,0.455,0.151,-6.405,109.885,167538.0,0.731,0.0575,1.47e-06,0.124,4nyF5lmSziBAt7ESAUjpbx
i need u,bts,71.0,,2015-04-29,,,0.0,0.0,0.48166666666666663,0.8783333333333333,0.6976666666666667,-3.216333333333333,131.76066666666665,210849.66666666666,0.0205,0.07023333333333333,0.0,0.26,1GunnGtZCSjLUAPG6yrDUC
i need you,the beatles,53.0,,1999,82.0,30721676.0,0.0,0.0,0.601,0.489,0.638,-8.554,136.215,148786.0,0.277,0.0455,0.0,0.0988,5EzvwjFwdP5Kfl5AZAemzu
i need your love,calvin harris,76.0,,2012-10-29,84.0,23078931.0,0.0,0.0,0.695,0.869,0.58,-5.066,124.989,234506.0,0.41,0.0483,0.0,0.237,05SBRd4fXgn8FX7bf8BCAE
i put a spell on you,creedence clearwater revival,3.0,,1968-07-01,77.0,7945600.0,0.0,0.0,0.4076666666666667,0.7353333333333333,0.6433333333333333,-7.812666666666668,101.002,271310.6666666667,0.00531,0.029366666666666666,0.09433333333333334,0.10260000000000001,014SIjoLDG1Ku19c5FlDYh
i really like you,carly rae jepsen,70.0,,2015-03-02,70.0,5139846.0,0.0,0.0,0.62,0.805,0.586,-5.538,122.062,204763.0,0.00564,0.0417,9.15e-05,0.285,2hHLbkatPwOOmrNxTiD41L
i remember everything,zach bryan,85.0,,2023-08-25,84.0,7325625.0,0.0,0.0,,,,,,,,,,,4KULAymBBJcPRpk1yO4dOG
i saw her standing there,the beatles,67.0,,1963-03-22,82.0,30721676.0,0.0,0.0,0.491,0.801,0.971,-9.835,160.109,173946.0,0.27,0.0361,0.0,0.0665,3KiexfmhxHvG5IgAElmTkd
i see fire,ed sheeran,1.0,,2014-06-21,88.0,122773292.0,0.0,0.0,,,,,,,,,,,5pY3ovFxbvAg7reGZjJQSp
i shot the sheriff,the wailers,60.0,,1995,,,0.0,0.0,0.801,0.641,0.741,-9.349,96.96,279720.0,0.34,0.173,4.5e-05,0.0693,5uBKhKWTJ4E47rcLQqu3YH
i should have kissed you,one direction,57.0,,2012-05-25,83.0,40270893.0,0.0,0.0,,,,,,,,,,,4yVPaA6DOfwbqZIQNv4G5U
i should have known better,the beatles,58.0,,2001,82.0,30721676.0,0.0,0.0,0.682,0.444,0.91,-7.689,130.704,163080.0,0.257,0.0289,0.0,0.115,3pU1CUgPiFfxPCpscwIwQR
i should probably go to bed,dan + shay,67.0,,2020-07-31,66.0,3203185.0,0.0,0.0,0.721,0.277,0.309,-7.128,131.935,171826.0,0.634,0.0365,0.0,0.112,5ovVcYo2MvjVydFwFyaaqy
i smoked away my brain (i'm god x demons mashup),a$ap rocky,84.0,,2023-08-18,82.0,17333176.0,0.0,0.0,,,,,,,,,,,3ZaEs1O8BG581qYPHpQ8d6
i think about it all the time,charli xcx,59.0,,2024-06-07,82.0,6318755.0,0.0,0.0,,,,,,,,,,,3OaFGqHUyxGVkOcSILw8Kx
i think he knows,taylor swift,69.0,,2019-08-23,100.0,145396321.0,0.0,0.0,,,,,,,,,,,2YWtcWi3a83pdEg3Gif4Pd
"i think i kinda, you know - duet",olivia rodrigo,52.0,,2019-11-08,84.0,49050008.0,,,,,,,,,,,,,2UVrIJBJVRPN9UgzShCJ5c
i think i'm going to kill myself,elton john,57.0,,2023,80.0,15542286.0,0.0,0.0,0.627,0.539,0.718,-8.226,137.598,215173.0,0.526,0.0274,3.61e-06,0.129,4q7tMaar2kUMweKu6N5bZz
i took a pill in ibiza - seeb remix,mike posner,80.0,,2015-12-18,68.0,1526336.0,0.0,0.0,,,,,,,,,,,0vbtURX4qv1l7besfwmnD8
i wanna go,britney spears,71.0,,2011-03-28,81.0,17755451.0,0.0,0.0,,,,,,,,,,,5cCAZS9VhLGEDV4NCfieeg
i wanna love you,akon,76.0,,2006-01-01,81.0,6002343.0,0.0,0.0,,,,,,,,,,,0CXVjQI9wsqaGeIARkkpYc
i want,one direction,57.0,,2012-05-25,83.0,40273571.0,0.0,0.0,,,,,,,,,,,5MIMD5WMooNWe8QsMqCrE8
i want it all,queen,5.0,,2007-07-10,82.0,55209500.0,0.0,0.0,0.402,0.835,0.43,-5.734,92.029,241253.0,0.0287,0.05,2.94e-06,0.385,5PQ2KpEc2jkJ1gNCnYVzwN
i want it that way,backstreet boys,83.0,,1999-05-18,76.0,6707978.0,0.0,0.0,0.689,0.694,0.482,-5.83,99.039,213306.0,0.257,0.027,0.0,0.148,47BBI51FKFwOMlIiX6m8ya
i want to hold your hand,the beatles,72.0,,1994,82.0,30721676.0,0.0,0.0,0.4243333333333333,0.7236666666666666,0.8946666666666667,-6.6803333333333335,130.75933333333333,124954.33333333333,0.32539999999999997,0.0413,6.933333333333333e-07,0.3013333333333333,4pbG9SUmWIvsROVLF0zF9s
i want you,stephen sanchez,60.0,,2021-10-15,71.0,1873452.0,0.0,0.0,0.499,0.313,0.233,-9.689,125.991,210453.0,0.815,0.0288,0.0,0.103,1q32AhBbgDPdBr5VyCRHq6
i want you (she's so heavy),the beatles,62.0,,1969-09-26,83.0,30726377.0,0.0,0.0,0.37,0.515,0.42,-9.487,115.732,467320.0,0.0233,0.0321,0.205,0.0966,3Z25k4ZF6QENy2d9YatsM5
i was never there,the weeknd,82.0,,2023-03-03,93.0,112918137.0,0.0,1.0,0.323,0.737,0.155,-4.008,113.26,241066.0,0.142,0.0338,0.000162,0.163,1cKHdTo9u0ZymJdPGSh6nq
i will,the beatles,63.0,,1968-11-22,82.0,30721676.0,0.0,0.0,0.631,0.387,0.832,-11.529,103.11,105933.0,0.742,0.0262,0.000406,0.0822,09x9v1o51dbqi5H0u7UGfp
i will survive,demi lovato,67.0,,2016-05-06,77.0,27288825.0,,,,,,,,,,,,,5pU2jicRzE4NAgXE7rOcKV
i will wait,mumford & sons,71.0,,2012-09-25,73.0,6613930.0,0.0,0.0,0.486,0.769,0.393,-5.14,131.286,276720.0,0.0119,0.0341,0.00832,0.197,0hm8rgOY17z7kQJlqGKbu7
i wish,one direction,59.0,,2012-05-25,83.0,40275440.0,0.0,0.0,,,,,,,,,,,5bODPM8nTwwTIE4W9fuUcC
i wish i hated you,ariana grande,71.0,,2024-03-08,90.0,107374593.0,0.0,0.0,,,,,,,,,,,5cQX9BexkPIEESTZijJhXg
i wish i knew how to quit you,sombr,78.0,,2025-08-22,85.0,2795852.0,0.0,0.0,,,,,,,,,,,5Lfdb0KKLWKEns27p20uYt
i wish you roses,kali uchis,54.0,,2023-01-19,83.0,9469943.0,0.0,0.0,,,,,,,,,,,6BQrmjAgPfPTwILoFEK3Hd
i wish you would,taylor swift,55.0,,2014-01-01,100.0,145489371.0,0.0,0.0,,,,,,,,,,,5gRYrtvyVyaCRvLt56OfuV
i wish you would - voice memo,taylor swift,0.0,,2014-01-01,100.0,145443567.0,0.0,0.0,,,,,,,,,,,4eTXfpHxhxVofrBUjAhPMg
i won't,ajr,0.0,,2022-07-29,,,0.0,0.0,0.423,0.721,0.382,-8.07,161.926,168552.0,0.00792,0.165,0.0,0.38,7GIe4NWkPMwWuAQBJACzTn
i won't back down,tom petty,1.0,,1999,68.0,2969744.0,0.0,0.0,0.765,0.63,0.963,-9.751,113.967,175373.0,0.0467,0.0304,3.06e-05,0.223,0Jy4ifTBtXaLNct9rhzy31
i won't give up,jason mraz,70.0,,2012-01-03,71.0,7312594.0,0.0,0.0,0.534,0.303,0.1405,-10.058,135.05450000000002,240165.0,0.694,0.04135,0.0,0.115,05pKAafT85jeeNhZ6kq7HT
i won't let go,rascal flatts,52.0,,2011-02,68.0,3672166.0,0.0,0.0,0.557,0.406,0.222,-7.083,131.96,227760.0,0.742,0.0278,0.0,0.113,2KBudV1Lf6ZDIS9hi60Lc5
i won’t give up,jason mraz,16.0,,2012-04-13,71.0,7312594.0,0.0,0.0,0.543,0.329,0.141,-9.46,136.549,240640.0,0.69,0.0449,0.0,0.112,26TzE0IIiuqPKLaWfcsj4C
i would like,zara larsson,58.0,,2016-11-11,77.0,10911229.0,0.0,0.0,0.486,0.713,0.297,-3.949,121.028,226720.0,0.0853,0.0524,0.0,0.0839,4Q4jmPHwu0wrJvqrld0FQ6
i write sins not tragedies,panic! at the disco,71.0,,2005-09-27,76.0,12721192.0,0.0,0.0,0.565,0.792,0.639,-4.983,170.076,187613.0,0.0913,0.132,0.0,0.114,29LrDIgsXhcQqlEbtKL7Fz
i'd come for you,nickelback,58.0,,2010-09-13,78.0,7846032.0,0.0,0.0,0.489,0.748,0.385,-5.488,147.998,262626.0,0.033,0.0311,0.0,0.144,1xQZtbipNLyP0e0hihE5F5
i'd do anything to make you smile,jack harlow,0.0,,2022-05-06,75.0,4349241.0,0.0,0.0,0.832,0.522,0.253,-7.244,150.044,193765.0,0.012,0.05,0.079,0.377,3mfsGLEmKF6sWTqFQzZ4aF
i'll be fine,koe wetzel,46.0,,2016-08-18,,,0.0,0.0,0.663,0.644,0.372,-8.92,123.968,240846.0,0.0721,0.0375,0.0,0.0736,2eRV0Zen3OvAb2phNk7IIU
i'll be gone,linkin park,55.0,,2012-06-20,88.0,31785695.0,0.0,0.0,0.501,0.927,0.611,-4.58,139.961,211093.0,0.00686,0.0292,0.0,0.131,3cQGb2POE359G9WH81bF60
i'll be home for christmas,christina perri,2.0,,2012-10-16,71.0,4308239.0,0.0,0.0,0.407,0.0931,0.327,-12.659,117.512,151782.0,0.945,0.0375,2.59e-06,0.191,5kUC2hxjPoTsF5t7rL0E3s
i'll be the moon,dierks bentley,46.0,,2016-06-10,65.0,3316476.0,0.0,0.0,,,,,,,,,,,0kIlh2nOwIxx4SgoDrRWDG
i'll be there for you,bon jovi,69.0,,1988-09-19,78.0,15810313.0,0.0,0.0,0.39249999999999996,0.762,0.256,-4.6805,109.883,346486.0,0.0615,0.03365,0.0,0.0953,07HqIg8BnB1lJElnw2ZiSR
i'll be waiting,adele,53.0,,2011-01-19,83.0,66705650.0,0.0,0.0,0.547,0.848,0.749,-2.684,160.063,241351.0,0.049,0.0367,0.0,0.114,42Uw9frN5ZVX40mRU3hHFL
i'll do anything,jason mraz,24.0,,2006-10-19,71.0,7312594.0,0.0,0.0,0.57,0.711,0.648,-4.155,163.117,191889.0,0.119,0.0703,0.0,0.352,2pelUnMKr07JjJpilj9Yew
i'll fight,daughtry,49.0,,2013-11-15,65.0,2382165.0,0.0,0.0,0.588,0.772,0.729,-4.444,155.033,180733.0,0.00562,0.0626,0.0,0.239,5SYb42keVyr5S9smozZRWl
i'll follow the sun,the beatles,60.0,,2018,82.0,30721676.0,0.0,0.0,0.689,0.313,0.625,-10.073,133.754,108853.0,0.789,0.0366,0.0,0.144,45WX2cfbL8bCIqv3rOq1G3
i'll follow you,shinedown,60.0,,2012-03-27,,,0.0,0.0,0.537,0.692,0.286,-4.159,125.037,238760.0,0.00193,0.0315,0.0,0.114,0ILR5GMSzBRp2LrI8GX1Si
i'll never fall in love again,elvis presley,56.0,,1998,,,0.0,0.0,0.295,0.374,0.293,-11.457,145.302,224680.0,0.836,0.0293,0.385,0.137,4yT5usLhavd4mzP14LSiPU
i'll remember you,elvis presley,53.0,,2010-10-19,,,0.0,0.0,0.468,0.298,0.36,-15.661,78.127,165053.0,0.845,0.0286,0.044,0.249,4yt0DRCLWr1608bGXGcD5u
i'll show you,justin bieber,63.0,,2015-11-13,91.0,85008100.0,0.0,0.0,,,,,,,,,,,0SNIAtRCPVVLoGEPcuHSIc
i'm a little teapot,pinkfong,47.0,,2014-04-01,,,0.0,0.0,0.956,0.591,0.851,-5.833,116.022,64545.0,0.347,0.0377,0.000131,0.0392,2khycHO9eUab1YJbWgKCro
i'm a mess,bebe rexha,70.0,,2018-06-15,75.0,9837715.0,0.0,0.0,0.63,0.694,0.216,-6.257,97.005,195519.0,0.00281,0.0253,0.0,0.0719,04ZTP5KsCypmtCmQg5tH9R
i'm a mess,ed sheeran,59.0,,2014-06-21,88.0,122773292.0,0.0,0.0,,,,,,,,,,,0xCA70t1ZA4fa9UOE0lIJm
i'm back,lil pump,51.0,,2022-08-24,61.0,7569701.0,0.0,0.0,0.898,0.773,0.6,-5.588,140.031,124656.0,0.0419,0.0423,0.0,0.107,4FKLSypcBIVAwM2cyU0rjK
i'm born to run,american authors,66.0,,2016-05-13,62.0,1646684.0,0.0,0.0,0.62,0.93,0.675,-5.615,126.041,206920.0,0.0662,0.0486,0.0,0.0788,6zDs6zI94L761vd0cVScTT
i'm comin' over,chris young,69.0,,2015-11-13,65.0,2918550.0,0.0,0.0,,,,,,,,,,,0H04yVa3DJxoXbLBpAb7iV
i'm coming,tove lo,47.0,,2019-09-27,72.0,3676957.0,0.0,0.0,0.65,0.625,0.2945,-10.122,118.96549999999999,196558.0,0.00536,0.0359,0.000476,0.119,4C6EPWGYM3K3IIv4xzPL2X
i'm fine,bts,64.0,,2018-08-24,85.0,81181104.0,0.0,0.0,0.511,0.84,0.303,-2.781,87.605,240339.0,0.00852,0.103,0.0,0.346,7HYJqAMbKDJYRyEfUGOCBB
i'm gonna be,post malone,64.0,,2019-09-06,85.0,47716988.0,0.0,0.0,,,,,,,,,,,1ckLp8lCl8LipXI0ypX72m
i'm gonna be alright,jennifer lopez,34.0,,2001-01-23,74.0,13708054.0,0.0,1.0,,,,,,,,,,,3mpLAhFWyJY2TZKCfTMqAP
i'm good (blue),david guetta,84.0,,2023-01-27,87.0,27141717.0,0.0,0.0,0.561,0.965,0.304,-3.673,128.04,175238.0,0.00383,0.0343,7.07e-06,0.371,4uUG5RXrOk84mYEfFvj3cK
i'm happy just to dance with you,the beatles,55.0,,2003,82.0,30721676.0,0.0,0.0,0.658,0.537,0.887,-7.535,132.115,116373.0,0.138,0.0307,0.0,0.0572,0gd50I2gKioJ59C827EdAY
i'm into you,jennifer lopez,62.0,,2011-04-29,74.0,13709065.0,0.0,1.0,,,,,,,,,,,76sWab9iC3vvk21aln8G8t
i'm like a bird,nelly furtado,1.0,,2000,77.0,4725236.0,0.0,0.0,0.623,0.607,0.614,-5.113,89.654,243160.0,0.147,0.0353,3.2899999999999994e-06,0.227,4Pafwz3DEfu6KTr88kDGIl
i'm looking through you,the beatles,58.0,,2010,82.0,30721676.0,0.0,0.0,0.667,0.498,0.774,-11.027,85.843,146386.0,0.00772,0.0364,0.0,0.0481,5E3BVY66TEDexFutOO5GeS
i'm not here to make friends,sam smith,30.0,,2023-04-12,81.0,26278854.0,0.0,0.0,,,,,,,,,,,2m9sMrdX6IrjCH4ioODy7a
i'm not okay (i promise),my chemical romance,77.0,,2008-07-01,78.0,10298850.0,0.0,0.0,0.21,0.94,0.255,-3.427,179.722,186480.0,0.00602,0.123,0.0,0.269,7lRlq939cDG4SzWOF4VAnd
i'm not the only one,sam smith,85.0,,2014,81.0,26275803.0,0.0,0.0,0.68225,0.4865,0.46525,-5.864,81.998,239398.5,0.5035000000000001,0.03655,8.527500000000001e-06,0.080725,0fioLzGM8ngbD1w6fMmm45
i'm not the only one - live from the royal albert hall,sam smith,36.0,,2023-04-12,81.0,26275803.0,0.0,0.0,,,,,,,,,,,6kkmFuIQHCSc4xxd92fLiU
i'm on one,dj khaled,72.0,,2011-01-01,73.0,12343335.0,0.0,0.0,,,,,,,,,,,608a1wIsSd5KzMEqm1O7w3
i'm only me when i'm with you,taylor swift,26.0,,2017-11-09,100.0,145443567.0,0.0,0.0,,,,,,,,,,,6Py8IKZqDyU8aQVrjilbJw
i'm only sleeping,the beatles,59.0,,2000,82.0,30721676.0,0.0,0.0,0.494,0.47,0.698,-9.599,103.477,180320.0,0.21,0.0301,0.0,0.28,2ylCrFiBu98SC0vFfaCent
i'm real,jennifer lopez,65.0,,2001-01-23,74.0,13710072.0,0.0,1.0,,,,,,,,,,,3tnxGMetnz5YVivUWJJ8ay
i'm so afraid,fleetwood mac,53.0,,1975-07-11,83.0,13973668.0,0.0,0.0,,,,,,,,,,,1fXvxcQdz9OEe5IeNHQh72
i'm so tired,the beatles,55.0,,2007,82.0,30721676.0,0.0,0.0,0.433,0.483,0.717,-9.422,68.492,123493.0,0.656,0.175,2.64e-05,0.539,2X9H5BokS1u5O46YpNYNsZ
i'm so tired...,lauv,1.0,,2019-04-01,73.0,6816140.0,0.0,0.0,0.576,0.736,0.484,-7.572,101.928,162586.0,0.178,0.224,0.0,0.238,4vjpLMyL3ZO6aphdYr8XYw
i'm sorry,brenda lee,56.0,,1991,,,0.0,0.0,0.424,0.223,0.31033333333333335,-12.362,170.03233333333336,161546.0,0.8673333333333333,0.0351,0.0009720000000000001,0.13,0BgfLQ1dbGysAmDb4gvNBb
i'm still standing,elton john,84.0,,1987-05-21,80.0,15542286.0,0.0,0.0,0.504,0.904,0.772,-6.863,176.808,183440.0,0.356,0.179,0.121,0.14,1jDJFeK9x3OZboIAHsY9k2
i'm that girl,beyoncé,65.0,,2022-07-29,84.0,41176723.0,0.0,0.0,,,,,,,,,,,1MpCaOeUWhox2Fgigbe1cL
i'm the one,dj khaled,71.0,,2017-06-22,73.0,12344886.0,0.0,0.0,,,,,,,,,,,1jYiIOC5d6soxkJP81fxq2
i'm upset,drake,63.0,,2018-06-29,95.0,103039388.0,0.0,0.0,,,,,,,,,,,3qN5qMTKyEEmiTZD38BNTT
i'm with you,avril lavigne,78.0,,2002-06-04,76.0,12008159.0,0.0,0.0,,,,,,,,,,,1jlG3KJ3gdYmhfuySFfpO1
i'm with you,vance joy,67.0,,2018-01-29,74.0,3482109.0,0.0,0.0,0.657,0.396,0.115,-9.255,110.003,239786.0,0.805,0.0293,1.58e-06,0.103,6Qwuw0eOeszVlewLpu24gR
i'm your man,wham!,62.0,,1994,,,0.0,0.0,0.756,0.837,0.588,-6.943,132.146,243093.0,0.297,0.051,0.0,0.0567,2gG7E5OZi5D5QLRIctv63z
i'm yours,alessia cara,48.0,,2015-11-13,72.0,12274170.0,0.0,0.0,,,,,,,,,,,0kfysKpwCZLiK3HR1n80vg
i'm yours,jason mraz,80.0,,2008-02-12,71.0,7312594.0,0.0,0.0,0.6996666666666665,0.43933333333333335,0.7183333333333333,-9.352333333333332,150.97366666666667,243128.66666666666,0.561,0.04253333333333333,0.0,0.0958,03yc0G2OoH1Eeyu7Piy8fK
i've got a feeling,the beatles,57.0,,2014,82.0,30721676.0,0.0,0.0,0.44,0.609,0.364,-8.824,165.156,217560.0,0.0715,0.0358,0.0,0.582,3gwRWIbr5ycEVLIAXrWaw7
i've just seen a face,the beatles,60.0,,1997,82.0,30721676.0,0.0,0.0,0.647,0.56,0.913,-8.809,120.418,125040.0,0.723,0.0387,0.0,0.118,788U1Sqej9M6c4iikuDGxO
i.f.l.y.,bazzi,68.0,,2019-08-07,66.0,5506553.0,0.0,0.0,0.812,0.519,0.5585,-4.8245000000000005,104.954,165714.0,0.38,0.037849999999999995,0.0,0.13,1gXxietq0gOGBVyCSkahyI
ice,jack harlow,1.0,,2022-10-07,75.0,4349241.0,0.0,0.0,0.937,0.632,0.542,-7.407,96.499,147415.0,0.0265,0.157,0.0,0.111,6GTN9TiAMkDKTy6RatsP8l
ice attack,future,62.0,,2024-03-22,88.0,22675640.0,0.0,0.0,,,,,,,,,,,70ToiXlzl8N1EgfC07ZcZE
ice heart,powfu,46.0,,2021-10-08,66.0,1474124.0,0.0,0.0,0.71,0.527,0.479,-6.385,131.828,150000.0,0.662,0.0721,2.21e-06,0.0995,0iEIyCagJYU1NU5ukOEnAL
iced out necklace,wiz khalifa,0.0,,2022-07-29,81.0,12078615.0,0.0,0.0,0.898,0.744,0.299,-4.524,147.991,155760.0,0.000253,0.0931,0.0,0.268,6Rnmu3xQeJMVc6OvACEBES
idfc,blackbear,73.0,,2015-02-14,71.0,5067759.0,0.0,0.0,0.6739999999999999,0.46099999999999997,0.385,-8.935,144.7745,226099.0,0.3437,0.0616,2.02e-05,0.14200000000000002,3SErMoIKdRELto2OspGs5L
idgaf,drake,75.0,,2023-10-06,95.0,103039388.0,0.0,0.0,,,,,,,,,,,2YSzYUF3jWqb9YP9VXmpjE
idgaf,dua lipa,78.0,,2021,85.0,46886554.0,0.0,0.0,0.836,0.544,0.51,-5.975,97.028,217946.0,0.0403,0.0943,0.0,0.0824,76cy1WJvNGJTj78UqeA5zr
idol,bts,72.0,,2022-06-10,85.0,81197976.0,0.0,0.0,0.7246666666666667,0.8556666666666667,0.42966666666666664,-3.272,126.04033333333332,235232.33333333334,0.003936666666666667,0.10623333333333333,0.0,0.11633333333333333,0KCvsHmGvW2XcsxEWJvLPr
idontwannabeyouanymore,billie eilish,78.0,,2020-12-18,90.0,118692183.0,0.0,0.0,0.483,0.412,0.247,-8.461,170.163,203569.0,0.737,0.0402,0.0,0.116,41zXlQxzTi6cGAjpOXyLYH
if everyone cared,nickelback,55.0,,2005-09-26,78.0,7846032.0,0.0,0.0,0.519,0.85,0.211,-4.678,132.022,218013.0,0.000246,0.0354,0.014,0.279,4QYV42XR08VCKSkBOjnlUe
if i ain't got you,alicia keys,80.0,,2005,78.0,12898539.0,0.0,1.0,0.609,0.444,0.166,-9.129,118.402,228706.0,0.603,0.106,6.86e-06,0.104,3XVBdLihbNbxUwZosxcGuJ
if i can dream - live from the '68 comeback special,elvis presley,65.0,,1984,,,0.0,0.0,0.346,0.62,0.391,-9.247,93.932,200057.0,0.0822,0.0432,0.00393,0.599,1Uxk2dxmATlKH5quLX2iFG
if i can't have you,shawn mendes,74.0,,2019-06-19,81.0,45706269.0,0.0,0.0,0.691,0.809,0.864,-4.198,123.9115,190800.0,0.524,0.06025,0.0,0.147,2bT1PH7Cw3J9p3t7nlXCdh
if i die young,the band perry,67.0,,2010-01-01,55.0,1615133.0,0.0,0.0,0.606,0.497,0.362,-6.611,130.739,222773.0,0.348,0.0277,0.0,0.275,4aY0tZIaboefmkBEsjAovI
if i fell,the beatles,61.0,,2007,82.0,30721676.0,0.0,0.0,0.665,0.31,0.568,-8.928,108.211,139466.0,0.68,0.0278,0.0,0.0877,1hgvykolO4kBIEozATmpyj
if i lose myself,onerepublic,61.0,,2013-02,,,0.0,0.0,0.486,0.6999999999999998,0.26133333333333336,-6.028,140.07899999999998,241617.66666666666,0.0926,0.0473,0.0,0.11033333333333334,0ett0qCHbl0vdSRFhRSkMc
if i lose myself - acoustic,onerepublic,29.0,,2021-12-21,,,0.0,0.0,0.542,0.59,0.59,-8.01,139.971,230200.0,0.653,0.0278,0.0,0.133,0W3kIk1w1qw0G3zKQsuApH
if it kills me,jason mraz,0.0,,2008-03-18,71.0,7312594.0,0.0,0.0,0.633,0.429,0.52,-6.784,143.793,273653.0,0.0444,0.0381,0.0,0.132,0dzKBptH2P5j5a0MifBMwM
if she wants a cowboy,zach bryan,3.0,,2022-05-20,84.0,7325625.0,0.0,0.0,0.553,0.823,0.552,-3.194,133.781,192293.0,0.0201,0.0689,0.0,0.111,4ciJOrk7GS4N0wJeQJATLN
if the world was ending,jp saxe,73.0,,2019-10-17,61.0,627551.0,0.0,0.0,,,,,,,,,,,2kJwzbxV2ppxnQoYw4GLBZ
if today was your last day,nickelback,68.0,,2008-11-15,78.0,7846032.0,0.0,0.0,0.485,0.911,0.568,-5.749,89.956,249066.0,8.67e-05,0.0355,0.0,0.092,4QJLKU75Rg4558f4LbDBRi
if u seek amy,britney spears,71.0,,2008-12-02,80.0,17755451.0,0.0,0.0,,,,,,,,,,,2hdy9Wt9qp7M7d0U3ossu2
if u think i'm pretty,artemas,0.0,,2023-10-24,74.0,1378074.0,0.0,0.0,,,,,,,,,,,3RWl1dP90FXmZDUeIAO20j
if we being rëal,yeat,75.0,,2024-02-16,79.0,5978358.0,0.0,0.0,,,,,,,,,,,0YThXX1dqUpYBLyJNAsF9N
if we ever meet again,timbaland,44.0,,2010-08-24,79.0,3468690.0,0.0,0.0,,,,,,,,,,,0PRqWiyOFMHVee81mr1bp6
if we ever meet again (featuring katy perry),timbaland,68.0,,2009-01-01,79.0,3469963.0,0.0,0.0,,,,,,,,,,,360UM2DaiHZPRu0EsrOvMp
if you lie down with me,lana del rey,5.0,,2021-10-15,88.0,51821190.0,0.0,0.0,0.641,0.346,0.187,-9.508,122.101,265186.0,0.913,0.036,3.99e-05,0.104,2s694fZ36AJLuVnn3IBtFU
if you love me (really love me),brenda lee,54.0,,2004-06-29,,,0.0,0.0,0.417,0.377,0.383,-8.726,97.854,160066.0,0.63,0.0281,0.000202,0.108,1U9n0AGpu9X69SeaMJfs8R
if you want blood (you've got it),ac/dc,63.0,,1981,,,0.0,0.0,0.487,0.932,0.54,-4.001,141.243,274226.0,0.0311,0.117,0.149,0.43,7zscdQe9CjzXnqT3P1Ey7K
if you're serious,the chainsmokers,56.0,,2022-10-21,80.0,21360805.0,0.0,0.0,0.695,0.752,0.424,-8.988,111.023,224668.0,0.000702,0.0295,0.00902,0.101,07DqkQrhTC0HmQWewLnax9
ignite - 2016 league of legends world championship,zedd,60.0,,2016-09-23,73.0,6111369.0,0.0,0.0,0.723,0.741,0.387,-4.442,127.967,195466.0,0.0714,0.0344,3.17e-05,0.0796,39rqDP2s2hN1JtXptyeM3u
ignition - remix,r. kelly,68.0,,2003-06-30,66.0,2485646.0,0.0,0.0,,,,,,,,,,,5dNfHmqgr128gMY2tc5CeJ
ignorance,paramore,69.0,,2009-09-28,79.0,9792848.0,0.0,0.0,0.522,0.964,0.51,-2.645,170.944,218626.0,0.00109,0.095,0.000389,0.0387,47No93LxERvV6MtOAmQzHS
igual que un ángel (with peso pluma),kali uchis,76.0,,2024-01-12,83.0,9469943.0,0.0,0.0,,,,,,,,,,,6XaJfhwof7qIgbbXO5tIQI
ii most wanted,beyoncé,62.0,,2024-03-27,84.0,41172203.0,0.0,0.0,,,,,,,,,,,1UP7PXne1lIYZB5G5aiRGL
illegal,pinkpantheress,81.0,,2025-05-09,78.0,4759233.0,0.0,0.0,,,,,,,,,,,1WmBVbFmLt0w6zPP37TeCG
illicit affairs,taylor swift,74.0,,2020-07-24,100.0,145489371.0,0.0,0.0,,,,,,,,,,,2NmsngXHeC1GQ9wWrzhOMf
illuminati,madonna,1.0,,2015-03-24,78.0,8794984.0,0.0,0.0,0.793,0.617,0.418,-4.32,134.909,224613.0,0.0464,0.0766,0.00402,0.165,0Q3Z1sRcAcPNsKOKlTViqb
illusion,dua lipa,74.0,,2024-04-11,85.0,46895665.0,0.0,0.0,,,,,,,,,,,59xD5osEFsaNt5PXfIKUnX
ilomilo,billie eilish,74.0,,2019-03-29,90.0,118692183.0,0.0,0.0,,,,,,,,,,,7qEKqBCD2vE5vIBsrUitpD
iloveuihateu,playboi carti,75.0,,2020-12-25,86.0,15031490.0,0.0,0.0,,,,,,,,,,,1BpKJw4RZxaFB88NE5uxXf
ily (i love you baby),surf mesa,74.0,,2021,58.0,191414.0,0.0,0.0,0.674,0.774,0.33,-7.567,112.05,176546.0,0.0686,0.0892,0.00188,0.393,62aP9fBQKYKxi7PDXwcUAS
im used to it,powfu,57.0,,2020-04-17,66.0,1474124.0,0.0,0.0,0.647,0.341,0.337,-8.51,79.07,175242.0,0.752,0.0382,0.0,0.102,7lfoJaJRuVB43jLr4Ydi00
image though and,michael jackson,78.0,535000.0,2022-11-04,85.0,37446069.0,0.0,0.0,0.21,0.17,,-12.78,79.94,248241.0,,,0.25,,TRK-E2F0455FC633
imaginary friend,tove lo,45.0,,2016-10-28,72.0,3676957.0,0.0,0.0,0.444,0.695,0.148,-5.938,103.636,252771.0,0.0408,0.0483,4.1e-05,0.109,79NqxckK3lcOV0DTVXPuEE
imagination,foster the people,70.0,,2019-06-21,70.0,4025972.0,0.0,0.0,,,,,,,,,,,2flxduIqEbsicdmPyj1WVW
imagination,shawn mendes,73.0,,2015-04-14,81.0,45710657.0,0.0,0.0,0.64,0.455,0.333,-5.942,89.948,217773.0,0.0743,0.0247,0.0,0.0694,21TcDbGosp7w9YhTjOszgA
imagine,ariana grande,69.0,,2019-02-08,90.0,107401919.0,0.0,0.0,,,,,,,,,,,39LmTF9RgyakzSYX8txrow
imagine,doja cat,52.0,,2021-06-25,86.0,34742256.0,0.0,0.0,,,,,,,,,,,5CC5krEgwJXuoA0F9scOFg
imagíname sin ti,luis fonsi,1.0,,2000-06-20,73.0,10981084.0,0.0,0.0,0.55,0.488,0.153,-6.287,118.134,247800.0,0.773,0.0311,0.0,0.118,6pqVDTidWZNIOSDRoQnUPU
imgonnagetyouback,taylor swift,72.0,,2024-04-19,100.0,145396321.0,0.0,0.0,,,,,,,,,,,1kcwpPDQnqEqmezzXdJTCP
imma be,black eyed peas,2.0,,2009-01-01,81.0,9553224.0,0.0,0.0,,,,,,,,,,,5OiLJ8tjUPFiPX2gVM8fxJ
immodium (breed) - smart sessions,nirvana,22.0,,1991-09-26,81.0,23391272.0,0.0,0.0,,,,,,,,,,,5LcKJ4r47n35jpzKePOG4g
immortals,fall out boy,74.0,,2014-10-14,77.0,11415609.0,0.0,0.0,0.616,0.868,0.475,-3.606,108.016,189386.0,0.00131,0.0699,1.54e-06,0.671,3Te8uLyit6X3ncNW8Fp3K2
"immortals - from ""big hero 6”",fall out boy,53.0,,2014-10-14,77.0,11415609.0,0.0,0.0,0.702,0.871,0.774,-5.9,108.031,193280.0,0.000691,0.0441,0.000782,0.367,7iyIleLfoTXbUVlch3CVFw
impact player,james blake,51.0,1000.0,2015-11-10,69.0,1551541.0,0.0,0.0,0.47,0.86,,-52.22,173.48,238764.0,,,0.012,,TRK-39D56DB3697B
imperfect for you,ariana grande,68.0,,2024-03-08,90.0,107401919.0,0.0,0.0,,,,,,,,,,,6XXKB32Om6WuXg3uEWwTob
impossible,james arthur,81.0,,2013-11-04,79.0,20852039.0,0.0,0.0,,,,,,,,,,,5yVIlYEHZxQVLyInCdldoS
in a minute,lil baby,0.0,,2022-04-08,84.0,21656185.0,0.0,0.0,0.643,0.605,0.145,-5.968,84.216,200470.0,0.0336,0.297,0.0,0.112,06fRsW6JDm7WPQWrmrMak2
in between,linkin park,43.0,,2009,88.0,31785695.0,0.0,0.0,0.456,0.504,0.2965,-10.5045,193.938,196774.5,0.34099999999999997,0.0413,0.005555,0.1065,1YxwrB0UypHNMghmFM9ZQR
in bloom,nirvana,70.0,,1991-09-26,81.0,23398010.0,0.0,0.0,0.436,0.876,0.512,-4.902,157.044,255080.0,3.33e-05,0.0647,0.000104,0.205,0pas4o8x1kHxc5VnPWZqFG
in bloom - devonshire mix,nirvana,27.0,,1991-09-26,81.0,23384088.0,0.0,0.0,,,,,,,,,,,0bCyBMW0G8LInlvwHdH2OX
in bloom - smart sessions,nirvana,23.0,,1991-09-26,81.0,23391272.0,0.0,0.0,,,,,,,,,,,5vEMhWbw4ddnBwYSI4MFLa
in case you didn't know,brett young,75.0,,2021-02-12,,,0.0,0.0,0.607,0.536,0.434,-7.306,147.986,224853.0,0.386,0.0305,0.0,0.102,10M2Ex445zw585Ducldzkw
in da club,50 cent,81.0,,2003-02-06,82.0,18851875.0,0.0,1.0,0.899,0.713,0.777,-2.752,90.051,193466.0,0.255,0.366,0.0,0.0708,4RY96Asd9IefaL3X4LOLZ8
in for the kill,la roux,61.0,,2009-06-26,60.0,668219.0,0.0,0.0,0.6275,0.972,0.89675,-0.23625000000000002,150.04975,249776.5,0.0014874999999999999,0.044,0.0,0.09432499999999999,0SShlR5RlMpTzifqbPnVhl
in ha mood,ice spice,61.0,,2023-01-06,69.0,4787436.0,0.0,0.0,,,,,,,,,,,0yUaLqhsVsguBpoOPL4cO7
in my blood,shawn mendes,72.0,,2018-03-22,81.0,45706269.0,0.0,0.0,0.622,0.711,0.487,-7.321,140.016,211360.0,0.0573,0.0665,0.0,0.13,1S8p6YMo8zaxRXlx1XzzgZ
in my feelings,drake,73.0,,2018-06-29,95.0,103039388.0,0.0,0.0,,,,,,,,,,,2G7V7zsVDxg1yRsu7Ew9RJ
in my feelings,lana del rey,66.0,,2017-07-21,88.0,51798111.0,0.0,0.0,,,,,,,,,,,269xqcgGTN9PlivhUkOLhX
in my head,ariana grande,68.0,,2019-02-08,90.0,107374593.0,0.0,0.0,,,,,,,,,,,4T652DlATVHe0jdLKaN3Bw
in my head,jason derulo,69.0,,2010-02-24,76.0,12460874.0,0.0,0.0,,,,,,,,,,,0TyOpxlWwDx98bjkIVHUgY
in my head,lil tjay,79.0,,2022-06-03,74.0,10192579.0,0.0,0.0,0.684,0.545,0.407,-6.885,143.049,135264.0,0.159,0.121,0.0,0.102,1HvTxgCj0mTzQlEo0zLvFb
in my head - klubjumpers extended mix,jason derulo,0.0,,2009-11-20,76.0,12460242.0,0.0,0.0,0.693,0.978,0.545,-3.943,128.013,358595.0,0.00491,0.0525,1.59e-05,0.0874,2SDOSPZJz2RWPSE5cSkTbT
in my life,the beatles,74.0,,2016,82.0,30721676.0,0.0,0.0,0.688,0.435,0.435,-11.359,103.239,146333.0,0.449,0.0323,0.0,0.113,3KfbEIOC7YIv90FIfNSZpo
in my place,coldplay,76.0,,2002-08-27,88.0,60830643.0,0.0,0.0,,,,,,,,,,,2nvC4i2aMo4CzRjRflysah
in my remains,linkin park,63.0,,2012-06-20,88.0,31785695.0,0.0,0.0,0.553,0.907,0.451,-5.623,100.967,200693.0,0.00401,0.0484,0.0,0.266,00KfIFi2TpAaQGPbRbFbKJ
in pieces,linkin park,48.0,,2009,88.0,31785695.0,0.0,0.0,0.51,0.88,0.8069999999999999,-6.2905,160.082,218000.0,0.008855,0.041150000000000006,4.605e-06,0.134,0bt6PVHT4Z4AfZLOpGtVi2
in the blood,john mayer,62.0,,2019-07-30,,,0.0,0.0,0.546,0.655,0.518,-6.526,80.007,243666.0,0.386,0.0255,1.04e-05,0.0983,77Y57qRJBvkGCUw9qs0qMg
in the dark,camila cabello,48.0,,2018-01-12,78.0,35582423.0,0.0,0.0,,,,,,,,,,,1GO9vCm5Cra5uWGSWQ5mGK
in the end,linkin park,88.0,,2000-10-24,88.0,31796892.0,0.0,0.0,0.5556666666666668,0.8573333333333334,0.42133333333333334,-6.102333333333334,105.15966666666667,216853.33333333334,0.009113333333333333,0.05736666666666667,0.0,0.16916666666666666,60a0Rd6pjrkxjPbaKzXjfq
"in the end - live at live 8, benjamin franklin parkway, philadelphia, 2nd july 2005",linkin park,30.0,,2000-10-24,88.0,31785695.0,0.0,0.0,0.381,0.944,0.27,-7.461,103.945,259056.0,0.00522,0.188,0.0,0.994,1eCy6RBIaddmQqsw4Jg8bW
in the garden,elvis presley,51.0,,2009,,,0.0,0.0,0.314,0.122,0.119,-16.931,73.104,190786.0,0.975,0.0289,0.0065,0.108,1sue5MiV1Uq7KInSM6UGTj
in the ghetto,elvis presley,69.0,,1999,,,0.0,0.0,0.404,0.266,0.491,-16.688,88.916,167413.0,0.716,0.0334,0.133,0.107,7KWoeBqSdZHEloYKVxssfG
in the name of love,martin garrix,78.0,,2017,74.0,15121577.0,0.0,0.0,0.501,0.519,0.168,-5.88,133.99,195706.0,0.109,0.0409,0.0,0.454,23L5CiUhw2jV1OIMwthR3S
in the night,the weeknd,72.0,,2015-08-28,94.0,112995439.0,0.0,1.0,,,,,,,,,,,25KybV9BOUlvcnv7nN3Pyo
in the snow,red hot chili peppers,60.0,,2022-10-14,82.0,23218829.0,0.0,0.0,0.701,0.347,0.443,-11.279,86.432,355397.0,0.574,0.0298,0.000107,0.0606,0g8gKLBFY1Y16Zyrc9fuKA
in the stars,benson boone,75.0,,2022-04-29,83.0,7055537.0,0.0,0.0,0.362,0.54,0.3,-6.031,78.007,216410.0,0.338,0.0528,0.0,0.139,1ei3hzQmrgealgRKFxIcWn
in these arms,bon jovi,61.0,,1992-11-03,78.0,15810313.0,0.0,0.0,0.51,0.915,0.459,-3.036,123.257,319226.0,0.00884,0.0562,1.75e-05,0.205,0vTKR5TQD03kASmEGlyDF3
in your eyes,the weeknd,76.0,,2020-03-20,93.0,112918137.0,0.0,1.0,,,,,,,,,,,1F65jvOrItxUyNK30z6Yht
indian outlaw,tim mcgraw,62.0,,1994-03-22,69.0,5043722.0,0.0,0.0,,,,,,,,,,,1fYypIR0kaFzaSRbzvtjl9
indieedgycool,gayle,38.0,,2022-08-12,,,0.0,0.0,0.728,0.773,0.547,-6.253,98.011,146769.0,0.0364,0.0764,0.0,0.23499999999999996,2BTOY30m9duFKGrzQk8wWi
industry baby,lil nas x,74.0,,2021-07-23,71.0,12310277.0,0.0,0.0,0.7384999999999999,0.6975,0.893,-7.401999999999999,150.041,212176.0,0.0212,0.06434999999999999,0.0,0.048850000000000005,27NovPIUIRrOZoCHxABJwK
informer,snow,0.0,,2013-05-27,,,0.0,0.0,0.727,0.886,0.427,-5.342,98.09,268746.0,0.0391,0.178,0.0,0.361,0wjDGV9D1oL3ZTXWzTAn6H
infrunami,steve lacy,80.0,,2020-12-04,77.0,6429788.0,0.0,0.0,,,,,,,,,,,0f8eRy9A0n6zXpKSHSCAEp
initiation,the weeknd,45.0,,2012-11-13,94.0,112995439.0,0.0,1.0,,,,,,,,,,,3H37ijjdmKz0dQLgUGzpjx
inner child,bts,70.0,,2023-06-20,,,0.0,0.0,0.589,0.696,0.33,-7.981,134.953,233265.0,0.017,0.0725,0.0,0.0808,25MHcbjvSdcfTiFgbKJiZF
innocent,taylor swift,39.0,,2010-10-25,100.0,145489371.0,0.0,0.0,,,,,,,,,,,3kfgJql90tzgoxByioAMXR
insane,post malone,51.0,,2022-06-07,85.0,47716988.0,0.0,0.0,,,,,,,,,,,6zc1W5CuZER3AbTvRCfLoa
inside out,camila cabello,44.0,,2018-01-12,78.0,35582423.0,0.0,0.0,,,,,,,,,,,5xi2SXmF3A5AIsuGXiUIZu
insomnia,daya,65.0,,2019-10-25,69.0,1846218.0,0.0,0.0,0.754,0.653,0.379,-5.095,123.084,179745.0,0.0944,0.0611,0.0,0.383,7hzlzoOwCZ4D3Ow5YZK4kj
intentions,justin bieber,75.0,,2020-02-14,91.0,85022258.0,0.0,0.0,,,,,,,,,,,4umIPjkehX1r7uhmGvXiSV
interlude : shadow,bts,67.0,,2023-06-20,,,0.0,0.0,0.384,0.798,0.146,-6.439,149.854,259821.0,0.115,0.434,0.0,0.181,7om4LRoSct9hiMPo0fPn7m
international love,pitbull,81.0,,2011-06-17,84.0,11939612.0,0.0,0.0,,,,,,,,,,,62zFEHfAYl5kdHYOivj4BC
international smile,katy perry,42.0,,2013-10-18,83.0,38393243.0,0.0,0.0,,,,,,,,,,,5OzIe9IL95B23n4rN59JZ3
internet,post malone,54.0,,2019-09-06,86.0,47720209.0,0.0,0.0,,,,,,,,,,,0KAzP1Rbp0Vz5pw8i1KDDI
into it,camila cabello,47.0,,2018-01-12,78.0,35582423.0,0.0,0.0,,,,,,,,,,,2gxqozTaq2NYylvS8jd57G
into you,ariana grande,82.0,,2016-04-01,90.0,107401919.0,0.0,0.0,0.623,0.734,0.372,-5.95,107.853,244453.0,0.0162,0.107,1.9e-06,0.145,2meEiZKWkiN28gITzFwQo5
intro (end of the world),ariana grande,77.0,,2024-03-08,90.0,107374593.0,0.0,0.0,,,,,,,,,,,2o1pb13quMReXZqE7jWsgq
intro (end of the world) - extended,ariana grande,48.0,,2025-03-28,90.0,107374593.0,0.0,0.0,,,,,,,,,,,0IMGXCX264tTnhuFGysBpT
intro : persona,bts,64.0,,2019-04-12,,,0.0,0.0,0.486,0.871,0.659,-4.475,85.411,171023.0,0.027800000000000002,0.337,0.0,0.313,1e45vYKAMljTZUQUotLdq2
intro: boy meets evil,bts,64.0,,2016-10-10,,,0.0,0.0,0.573,0.89,0.242,-3.53,130.251,121770.0,0.0212,0.214,0.0,0.132,1hlT8F0X27uf3fpOWawjbY
intro: serendipity,bts,65.0,,2017-09-18,,,0.0,0.0,0.477,0.581,0.282,-8.795,129.571,139971.0,0.523,0.119,0.0,0.201,61RvEx7GLYRHQhG7ldjJo1
intro: singularity,bts,68.0,,2018-05-18,,,0.0,0.0,0.775,0.272,0.198,-9.126,103.991,196998.0,0.56,0.091,0.00278,0.112,5rNZsITjXf23iFkRA924FV
invading my mind,jennifer lopez,31.0,,2011-04-29,74.0,13709065.0,0.0,1.0,,,,,,,,,,,11zc0hwujMgsZ4gWJCwKHO
invincible,pop smoke,72.0,,2020-02-07,75.0,15614717.0,0.0,0.0,,,,,,,,,,,792HwhrdO3ErRKL5yRe4Ge
invisible,linkin park,56.0,,2017-05-10,88.0,31785695.0,0.0,0.0,0.47,0.74,0.562,-6.093,84.841,214346.0,0.0455,0.07,0.0,0.091,6OocN63GLU7NF0wHdewhID
invisible,taylor swift,24.0,,2017-11-09,100.0,145489371.0,0.0,0.0,,,,,,,,,,,0kqC185OTcnuhbz4T7g5RB
invisible - from the netflix film klaus,zara larsson,52.0,,2019-11-08,77.0,10911229.0,0.0,0.0,0.519,0.731,0.296,-3.993,82.967,173975.0,0.0571,0.0402,0.0,0.381,62z2Su8BBGvR50aOvdjPzW
invisible string,taylor swift,63.0,,2020-08-18,100.0,145443567.0,0.0,0.0,,,,,,,,,,,2ehRU518I0hYqMGQnk4lDY
invisible string - the long pond studio sessions,taylor swift,49.0,,2020-11-25,100.0,145396321.0,0.0,0.0,,,,,,,,,,,5KByGq0JijSSDcy0qzuINs
ipad,the chainsmokers,69.0,,2022-03-11,80.0,21360805.0,0.0,0.0,0.665,0.628,0.551,-6.297,121.979,202406.0,0.00502,0.026,2.02e-05,0.0947,4edHoZerfvMGeLz3ohZit6
ipad - lofi remix,the chainsmokers,0.0,,2022-03-11,80.0,21360805.0,0.0,0.0,0.856,0.329,0.448,-11.697,120.007,141066.0,0.851,0.099,0.63,0.125,0Slly1wh3Bro24xrO7tEhS
iridescent,linkin park,42.0,,2010-09-08,88.0,31785695.0,0.0,0.0,0.484,0.727,0.216,-6.107,120.066,296560.0,0.198,0.0358,0.00204,0.107,07rz54LA3Y2lagmY0DnChZ
iridescent (version 2),linkin park,42.0,,2011-03-09,88.0,31785695.0,0.0,0.0,0.584,0.692,0.379,-5.992,120.016,239706.0,0.0762,0.0313,0.00122,0.0971,0HRM12PnjG9s2Aq1v8dWJu
irreplaceable,beyoncé,71.0,,2007-05-29,84.0,41176723.0,0.0,0.0,,,,,,,,,,,6RX5iL93VZ5fKmyvNXvF1r
irresistible,fall out boy,63.0,,2015-02-17,77.0,11415609.0,0.0,0.0,0.484,0.938,0.444,-3.123,165.049,206506.0,0.0706,0.112,0.0,0.236,3znPiywA0q1VK2jgAZFDoI
is it a crime,mariah the scientist,69.0,,2025-07-31,73.0,1178436.0,0.0,0.0,,,,,,,,,,,1jTe5liUdnRjbie1luBi6J
is it over now? (taylor's version) (from the vault),taylor swift,72.0,,2023-10-26,100.0,145443567.0,0.0,0.0,,,,,,,,,,,1Iq8oo9XkmmvCQiGOfORiz
is there more,drake,55.0,,2018-06-29,95.0,103039388.0,0.0,0.0,,,,,,,,,,,1Tnw0ItH1Macok8gblnPPd
is there someone else?,the weeknd,81.0,,2022-01-06,93.0,112918137.0,0.0,1.0,,,,,,,,,,,0mL82sxCRjrs3br407IdJh
is this love,bob marley & the wailers,76.0,,1990,,,0.0,0.0,0.776,0.559,0.758,-8.375,122.242,232200.0,0.11,0.103,0.0,0.0671,6JRLFiX9NJSoRRKxowlBYr
island,miley cyrus,54.0,,2023-08-18,81.0,26561582.0,0.0,0.0,,,,,,,,,,,4LRxmh62YHxSHL4hGLq0ln
ispy,kyle,66.0,,2016-12-02,58.0,1119800.0,0.0,0.0,,,,,,,,,,,2EEeOnHehOozLq4aS0n6SL
issues,julia michaels,73.0,,2017-01-13,69.0,5292876.0,0.0,0.0,0.725,0.416,0.453,-6.8385,114.055,176333.0,0.3955,0.06285,0.0,0.061399999999999996,1sXUWdKx03aP9Gmzft58rt
issues - alan walker remix,julia michaels,57.0,,2017-05-05,69.0,5292781.0,0.0,0.0,,,,,,,,,,,3abKAw6reL2U3vhAe98ZsY
it ain't me (with selena gomez),kygo,76.0,,2017-02-16,76.0,8670011.0,0.0,0.0,0.64,0.533,0.515,-6.596,99.968,220780.0,0.119,0.0706,0.0,0.0864,3eR23VReFzcdmS7TYCrhCe
it ain’t me (with selena gomez),kygo,66.0,,2017-02-17,76.0,8670063.0,0.0,0.0,,,,,,,,,,,12GEpg2XOPyqk03JZEZnJs
it depends,chris brown,79.0,,2025-07-25,87.0,28327351.0,0.0,0.0,,,,,,,,,,,0t3pcqgBjuAVBgY2oEUIlH
it ends tonight,the all-american rejects,58.0,,2005-07-06,67.0,3134091.0,0.0,0.0,0.454,0.631,0.313,-4.733,87.888,244826.0,0.00233,0.0268,0.0,0.177,5ZqNz8GXWpkb95f7aVxTA0
it gets better,swedish house mafia,55.0,,2024-12-18,75.0,3948613.0,0.0,0.0,0.737,0.707,0.0608,-6.979,118.979,184611.0,0.00272,0.0369,0.447,0.283,5PLfjUnpV6eFXymcsXwa37
it girl,jason derulo,0.0,,2012-03-12,76.0,12460242.0,0.0,0.0,0.667,0.718,0.345,-4.736,91.993,192200.0,0.0165,0.0605,0.0,0.104,5itzMvVywRJScC9DUyHpzZ
it is what it is,lifehouse,46.0,,2010-02-03,63.0,2146238.0,0.0,0.0,0.515,0.72,0.511,-8.218,84.011,201346.0,0.0445,0.0285,0.0,0.107,57JNg9mhfUrnwVPCVRXAGD
it takes two,katy perry,41.0,,2013-10-18,83.0,38400585.0,0.0,0.0,,,,,,,,,,,4MxGfhE3DKxBhdSWTYvc4h
it will rain,bruno mars,84.0,,2011-09-28,90.0,75513910.0,0.0,0.0,0.572,0.835,0.468,-6.826,150.014,257720.0,0.337,0.0516,0.0,0.082,0M3HkE321xpCbCYqVKzr1q
it won't kill ya,the chainsmokers,48.0,,2017-04-07,80.0,21357977.0,0.0,0.0,,,,,,,,,,,5xhJmd0I15jFcEdqxfCzKk
it's a long way to the top (if you wanna rock 'n' roll),ac/dc,72.0,,1979,,,0.0,0.0,0.456,0.863,0.532,-3.551,135.962,301226.0,0.133,0.0894,0.0538,0.0553,7nemcVsXVFZF01iqpIIo2Y
it's my life,bon jovi,80.0,,2000-06-13,78.0,15810313.0,0.0,0.0,0.551,0.913,0.544,-4.063,119.992,224493.0,0.0263,0.0466,1.35e-05,0.347,0v1XpBHnsbkCn7iJ9Ucr1l
it's not christmas till somebody cries,carly rae jepsen,0.0,,2020-10-30,70.0,5139846.0,0.0,0.0,0.793,0.666,0.783,-6.195,119.985,172250.0,0.118,0.0598,2.4799999999999996e-05,0.296,0plHxOMINqM8unyGEHchCD
it's not my time,3 doors down,59.0,,2008-05-09,71.0,4908790.0,0.0,0.0,0.529,0.934,0.282,-4.808,127.962,241960.0,0.00153,0.0602,5.16e-06,0.118,3DelzIn0lPwX4PeOJk9zDF
it's not my time - acoustic,3 doors down,0.0,,2012-11-16,71.0,4908790.0,0.0,0.0,0.674,0.58,0.305,-8.081,128.003,238373.0,0.311,0.0312,2.41e-05,0.198,74NANS3BFQRnpz3S0JVg5o
it's not over,daughtry,59.0,,2006-10-01,65.0,2382165.0,0.0,0.0,0.426,0.92,0.296,-3.243,145.946,215026.0,0.0559,0.0598,0.0,0.245,1UKp5X9cPp9vMnTb39nnvg
it's now or never,elvis presley,57.0,,1976,,,0.0,0.0,0.6403333333333333,0.44966666666666666,0.7496666666666667,-11.187666666666667,126.355,194368.66666666666,0.5703333333333334,0.036366666666666665,0.007633333333333333,0.38033333333333336,1XunTmhOcj3xwh4b8P3isX
it's ok i'm ok,tate mcrae,73.0,,2024-09-12,88.0,9256589.0,0.0,0.0,,,,,,,,,,,24XihnoVPWXlKJ4BgXqjVM
it's only love,the beatles,51.0,,2015,82.0,30721676.0,0.0,0.0,0.629,0.551,0.685,-8.281,113.155,116480.0,0.22,0.0256,0.0,0.0432,2ue1KRstSKHF8jQkIJZiNC
it's so easy,guns n' roses,63.0,,2018,80.0,35196831.0,0.0,0.0,0.374,0.973,0.218,-10.098,150.634,201360.0,0.0134,0.128,9.84e-06,0.0947,63HA3dpnOmdDcazJ9sDfrh
it's time,imagine dragons,72.0,,2012-09-04,85.0,58375520.0,0.0,0.0,0.656,0.884,0.86,-4.748,105.009,240306.0,0.0162,0.0372,0.0,0.144,6BtmXhTJMM9sBTHeYYASGz
it's your love,tim mcgraw,46.0,,2015-06-16,69.0,5042529.0,0.0,0.0,,,,,,,,,,,7nEdCj0MFbGWOxwjlpPesa
italian radio,blue october,27.0,,2024-11-01,,,0.0,0.0,0.35,0.831,0.821,-8.932,198.275,232693.0,0.00378,0.0714,1.47e-05,0.111,6cSbb20D4BSajDoXuu6QtF
itself,michael jackson,61.0,140000.0,2015-03-03,85.0,37446069.0,0.0,0.0,0.07,0.53,,-29.48,167.03,272646.0,,,0.764,,TRK-36DD34F0BF1D
it’s nice to have a friend,taylor swift,62.0,,2019-08-23,100.0,145542136.0,0.0,0.0,,,,,,,,,,,1SmiQ65iSAbPto6gPFlBYm
it’s time to go - bonus track,taylor swift,65.0,,2021-01-07,100.0,145396321.0,0.0,0.0,,,,,,,,,,,1kdWw77ZpYOkhxeuhzU1j6
ivy,frank ocean,82.0,,2016-08-20,83.0,20280852.0,0.0,0.0,0.575,0.386,0.466,-9.584,116.408,249191.0,0.785,0.037,0.000289,0.229,2ZWlPOoWh0626oTaHrnl2a
ivy,taylor swift,64.0,,2021-01-07,100.0,145396321.0,0.0,0.0,,,,,,,,,,,43Ykum9T72UOPhBN31grpN
i’m ready (with demi lovato),sam smith,50.0,,2020-04-16,81.0,26272346.0,0.0,0.0,,,,,,,,,,,1fipvP2zmef6vN2IwXfJhY
i’m so sorry,imagine dragons,50.0,,2015-10-23,85.0,58370582.0,0.0,0.0,,,,,,,,,,,0GCXZmk0Uf74BdgWl0GaX2
i’m to blame,tove lo,60.0,,2022-10-14,72.0,3676957.0,0.0,0.0,0.533,0.464,0.157,-8.708,92.184,200757.0,0.196,0.0269,0.0,0.237,76FNN0tgZom2h4U3uWRglg
jackie and wilson,hozier,60.0,,2014-05-20,82.0,9114093.0,0.0,0.0,0.566,0.712,0.753,-4.201,82.193,223120.0,0.0687,0.0334,1.3e-05,0.124,5xo1Gj4WTssjQgQ0w03cf2
jaded,drake,72.0,,2018-06-29,95.0,103094105.0,0.0,0.0,,,,,,,,,,,4c2xt1trwYZpMqPWY35Xi9
jaded,miley cyrus,65.0,,2023-08-18,81.0,26558356.0,0.0,0.0,,,,,,,,,,,0LbZLBBZI1NfaDgb4dx0UD
jailhouse rock,elvis presley,72.0,,1988,,,0.0,0.0,0.63525,0.61575,0.9025000000000001,-8.282,167.02224999999999,151019.75,0.3425,0.068875,6.4975e-06,0.07635,3bLuiLSi7aYHTSABCQxdbb
jamais vu,bts,67.0,,2019-04-12,,,0.0,0.0,0.608,0.47,0.241,-6.73,81.0,227275.0,0.226,0.0428,0.0,0.0963,0PpNBEXkjalflGCMMsBV5B
jamming,bob marley & the wailers,74.0,,2001-10-16,,,0.0,0.0,0.935,0.479,0.773,-10.981,123.644,211000.0,0.107,0.306,5.25e-05,0.118,5LyfiK6iXEIBNEtcaGKohl
japanese denim,daniel caesar,10.0,,2016-10-21,85.0,11137714.0,0.0,0.0,,,,,,,,,,,1boXOL0ua7N2iCOUVI1p9F
jar of hearts,christina perri,74.0,,2011-05-10,71.0,4308239.0,0.0,0.0,0.373,0.348,0.0899,-6.142,74.885,246587.0,0.728,0.0314,0.0,0.12,0HZhYMZOcUzZKSFwPOti6m
jealous,nick jonas,69.0,,2015-11-20,63.0,9979409.0,0.0,0.0,,,,,,,,,,,2RqtfcLB7iOZj0zYB8Auhu
jealous type,doja cat,81.0,,2025-08-21,86.0,34748949.0,0.0,0.0,,,,,,,,,,,1IfGOnXoMBkiKC9xljlSfa
"jealousy, jealousy",olivia rodrigo,80.0,,2021-05-21,84.0,49050008.0,0.0,0.0,,,,,,,,,,,0MMyJUC3WNnFS1lit5pTjk
jesus and wranglers,riley green,45.0,,2020-09-11,75.0,1372158.0,0.0,0.0,0.579,0.754,0.734,-5.249,124.036,183560.0,0.00805,0.0261,0.0,0.0803,1JmlZodBeJCzYsUMROca9M
jesus doesn't want me for a sunbeam,nirvana,60.0,,1994-11-01,81.0,23384088.0,0.0,0.0,0.51,0.641,0.295,-10.312,113.646,277266.0,0.0638,0.0812,3.65e-06,0.272,7oBazz4xCO7Ul3MJHhKy0Q
jesus doesn't want me for a sunbeam - live at the paramount,nirvana,31.0,,1991-09-26,81.0,23398010.0,0.0,0.0,,,,,,,,,,,61RuRCugM95jERfahEuf8j
jesus of suburbia,green day,67.0,,2005,80.0,17327094.0,0.0,0.0,0.3,0.929,0.59,-3.214,147.116,548253.0,0.000259,0.0636,2.26e-06,0.329,58KPPL1AdLHMvR2O2PZejr
jimmy cooks,drake,80.0,,2022-06-17,95.0,103039388.0,0.0,0.0,0.529,0.673,0.366,-4.711,165.921,218364.0,0.000307,0.175,2.41e-06,0.093,3F5CgOj3wFlRv51JsHbxhe
jingle bell rock,blake shelton,1.0,,2012-10-02,69.0,7507062.0,0.0,0.0,0.65,0.736,0.595,-5.222,129.941,123400.0,0.122,0.0378,0.0,0.0998,14kPhDLHvuDXVlOWS6hzJq
jingle bell rock,brenda lee,0.0,,1993,,,0.0,0.0,0.688,0.394,0.827,-9.601,122.911,130199.0,0.673,0.0386,0.0,0.175,21cgfam4hDWQvBjkubjfOl
job bank,jennifer lopez,37.0,1000.0,2020-11-03,74.0,13710072.0,0.0,1.0,0.83,0.52,,-32.25,107.55,151733.0,,,0.361,,TRK-681AC1C843F3
job south,michael jackson,45.0,1000.0,2017-01-26,85.0,37446069.0,0.0,0.0,0.98,0.18,,-45.16,93.54,172909.0,,,0.23,,TRK-6E62D847DBC1
jocelyn flores,xxxtentacion,84.0,,2022,,,0.0,0.0,0.872,0.391,0.437,-9.144,134.021,119133.0,0.469,0.242,4.13e-06,0.297,7m9OqQk4RVRkw9JJdeAw96
joro,wizkid,66.0,,2022-11-16,79.0,9449714.0,0.0,0.0,0.686,0.694,0.587,-3.693,189.998,262736.0,0.253,0.257,0.000904,0.109,3Yt1ovsh3v3VEzRuhI1TL5
joy,andy grammer,0.0,,2022-01-28,65.0,1334303.0,0.0,0.0,0.675,0.793,0.233,-6.0,111.907,193621.0,0.108,0.157,0.0,0.103,6gTMBuupuvkgAgQibruGUj
joy to the world,nat king cole,0.0,,1960-01-01,,,0.0,0.0,0.553,0.337,0.6639999999999999,-10.334,102.213,84986.0,0.8179999999999998,0.0303,0.0,0.113,0WTigS05Km2D4NCg3p6AwN
joy to the world,rascal flatts,0.0,,2016-10-21,68.0,3672166.0,0.0,0.0,0.417,0.88,0.579,-4.022,149.987,218520.0,0.167,0.0521,0.0,0.0755,6JZg74LR98YrRM0wlbCDLM
judas,lady gaga,81.0,,2011-05-23,89.0,42275793.0,0.0,1.0,0.661,0.937,0.535,-3.83,130.999,249066.0,0.000967,0.0744,1.58e-05,0.355,5gwBjRbZSNUk4TJirNvGfG
juice,lizzo,66.0,,2019-04-19,68.0,5738825.0,0.0,0.0,,,,,,,,,,,0k664IuFwVP557Gnx7RhIl
juicy,doja cat,68.0,,2019-11-07,86.0,34742256.0,0.0,0.0,,,,,,,,,,,7f5trao56t7sB7f14QDTmp
juicy,the notorious b.i.g.,62.0,,2014,75.0,12762931.0,0.0,0.0,0.887,0.767,0.607,-4.311,97.437,285760.0,0.38,0.295,0.0,0.0527,2AP7m2dBb8ULTx4Gc1rdMc
juicy - 2005 remaster,the notorious b.i.g.,73.0,,2014,75.0,12762931.0,0.0,0.0,0.889,0.818,0.782,-4.639,96.063,302760.0,0.47,0.253,0.0,0.179,5ByAIlEEnxYdvpnezg7HTX
juicy - 2007 remaster,the notorious b.i.g.,61.0,,2014,75.0,12762931.0,0.0,0.0,0.873,0.816,0.79,-4.645,96.067,301466.0,0.483,0.256,0.0,0.146,2b7FqlHc3JrzlYtGEkzq22
julia,the beatles,54.0,,2002,82.0,30721676.0,0.0,0.0,0.512,0.0953,0.193,-16.082,134.706,176666.0,0.828,0.0304,0.000268,0.117,5FnpXVgDOk2sLT58qM22Of
jump,bts,67.0,,2014-02-12,,,0.0,0.0,0.495,0.974,0.763,-0.947,102.077,236488.0,0.0349,0.282,0.0,0.44,1jZZm43y7RPuwjJQ5LrGHe
jump,tyla,63.0,,2024-03-20,77.0,3505794.0,0.0,0.0,,,,,,,,,,,0ve0CavjqrUqVmZ605RhTV
jump on it,sean paul,35.0,,2018-06-29,81.0,5279150.0,0.0,0.0,0.594,0.691,0.784,-4.825,90.857,206003.0,0.0323,0.538,0.0,0.0634,66iI77cgWBEdGichkndWJe
jump then fall,taylor swift,24.0,,2017-11-09,100.0,145443567.0,0.0,0.0,,,,,,,,,,,5zytSTR2g0I9psX2Z12ex6
jump then fall (taylor’s version),taylor swift,59.0,,2021-04-09,100.0,145489371.0,0.0,0.0,,,,,,,,,,,2m3ObD945KvpE5y9A1eUWm
jumpin' jack flash,the rolling stones,56.0,,1996-10-15,77.0,15712050.0,0.0,0.0,0.595,0.885,0.643,-7.688,137.243,222933.0,0.0744,0.0518,0.534,0.0844,1uBsu3PbD2909UBIfEMLvK
jumpman,drake,69.0,,2015-09-20,95.0,103039388.0,0.0,0.0,,,,,,,,,,,27GmP9AWRs744SzKcpJsTZ
jumpoutthehouse,playboi carti,59.0,,2020-12-25,86.0,15031490.0,0.0,0.0,,,,,,,,,,,0cgD36xPIJBdKUNJRHYDgP
jumpsuit,twenty one pilots,68.0,,2018-10-05,83.0,25759662.0,0.0,0.0,,,,,,,,,,,1E1uGhNdBe6Dddbgs2KqtZ
junction,popcaan,19.0,,2015-02-20,,,0.0,0.0,0.656,0.766,0.813,-4.46,97.704,190706.0,0.59,0.329,0.0,0.0999,7IkuypRfzA08OpiftDFOQk
jungle boogie,pinkfong,55.0,,2017-07-27,,,0.0,0.0,0.859,0.79,0.843,-2.911,155.095,100806.0,0.501,0.0734,0.0,0.0924,1pwkwI43EaA79HlDWNSEok
junio,maluma,81.0,,2022-09-29,83.0,38568546.0,0.0,0.0,0.85,0.756,0.896,-3.439,120.024,168601.0,0.0999,0.0407,0.0,0.0873,4XqXNU8MwPHwbgZmNXmAdc
juno,sabrina carpenter,83.0,,2024-08-23,91.0,26516295.0,0.0,0.0,,,,,,,,,,,21B4gaTWnTkuSh77iWEXdS
just a dream,nelly,78.0,,2010-11-12,74.0,3745509.0,0.0,0.0,,,,,,,,,,,3ZdJffjzJWFimSQyxgGIxN
just a little bit of your heart,ariana grande,61.0,,2014-08-22,90.0,107401919.0,0.0,0.0,,,,,,,,,,,5lvnGiTAH9BVlJLHc0DXZz
just can’t get enough,black eyed peas,81.0,,2010-01-01,81.0,9556340.0,0.0,0.0,,,,,,,,,,,3JA9Jsuxr4xgHXEawAdCp4
just dance,lady gaga,55.0,,2009-01-01,89.0,42275793.0,0.0,1.0,,,,,,,,,,,3E5XrOtqMAs7p2wKhwgOjf
just don't give a fuck,eminem,58.0,,1999-02-23,88.0,104539036.0,0.0,1.0,,,,,,,,,,,2MEvYNn2tRvFDAucAtAKVq
just fine,mary j. blige,0.0,,2008-11-24,,,0.0,1.0,0.923,0.795,0.587,-3.61,123.021,242133.0,0.0394,0.117,0.000599,0.101,31ABvuxKqaBwX7XSHCyaHQ
just for a moment,olivia rodrigo,48.0,,2020-01-10,85.0,49083617.0,,,,,,,,,,,,,0fyNdwiOqyXyZ1OHhtRZ5y
"just for a moment - from high school musical: the musical: the series""""",olivia rodrigo,54.0,,2020-01-01,84.0,49050008.0,,,,,,,,,,,,,5Yc2A0YtK6PaXT8J1MQ0Rd
just for me,pinkpantheress,64.0,,2021-10-15,78.0,4759233.0,0.0,0.0,,,,,,,,,,,1Vrj9Vcbb0lOG94pQbYvzv
just give me a reason,p!nk,82.0,,2012-09-18,78.0,18203604.0,0.0,0.0,,,,,,,,,,,1mKXFLRA179hdOWQBwUk9e
just good friends - 2012 remaster,michael jackson,49.0,,1987-08-31,84.0,37417943.0,0.0,0.0,,,,,,,,,,,3MayfpbIgeGye2ilwK3LII
just keep watching (from f1® the movie),tate mcrae,90.0,,2025-05-30,88.0,9256589.0,0.0,0.0,,,,,,,,,,,2yWlGEgEfPot0lv3OAjuG3
"just like fire (from the original motion picture alice through the looking glass"")""",p!nk,67.0,,2016-04-15,78.0,18205037.0,,,,,,,,,,,,,7K5dzhGda2vRTaAWYI3hrb
just like heaven - live from glastonbury,olivia rodrigo,55.0,,2025-09-08,85.0,49083617.0,0.0,0.0,,,,,,,,,,,4zzfmeA6MXiM9O4anGZkq5
just like magic,ariana grande,65.0,,2020-10-30,90.0,107374593.0,0.0,0.0,,,,,,,,,,,7Dx9Z6Aon1qPS2N0rHSWTe
just one day,bts,69.0,,2014-07-16,,,0.0,0.0,0.685,0.713,0.301,-4.705,95.092,239469.0,0.179,0.266,0.0,0.377,6t7WriKgVszATnrdBKSUAf
just the way you are,billy joel,72.0,,2021-12-22,78.0,7402824.0,0.0,0.0,0.589,0.453,0.513,-8.912,139.148,290573.0,0.703,0.0397,2.54e-05,0.134,49MHCPzvMLXhRjDantBMVH
just the way you are,bruno mars,84.0,,2010-05-11,89.0,75455093.0,0.0,0.0,0.635,0.841,0.424,-5.379,109.021,220734.0,0.0134,0.0422,0.0,0.0622,47Slg6LuqLaX0VodpSCvPt
justified,kacey musgraves,0.0,,2021-08-27,,,0.0,0.0,0.669,0.552,0.488,-7.98,100.102,180800.0,0.807,0.0587,0.000874,0.321,71lFFVaT9SLEnOAYjQSPsc
k-pop,travis scott,68.0,,2023-07-21,89.0,41107596.0,0.0,1.0,,,,,,,,,,,5L3ecxQnQ9qTBmnLQiwf0C
kaleidoscope,a great big world,62.0,,2015-11-13,57.0,649992.0,0.0,0.0,0.709,0.913,0.519,-5.148,108.024,229320.0,0.0182,0.0748,0.0,0.167,2SkJKMfjpYsNv0KWOxiegX
kaleidoscope,chappell roan,64.0,,2023-09-22,82.0,7310428.0,0.0,0.0,,,,,,,,,,,4ROYC4vHfPZ28mqz0eLrzL
kaleidoscope,coldplay,45.0,,2015-12-04,88.0,60804949.0,0.0,0.0,,,,,,,,,,,7IX7VAXujvcZ3e1PG7sGP7
karma,taylor swift,75.0,,2022-10-21,100.0,145489371.0,0.0,0.0,,,,,,,,,,,7KokYm8cMIXCsGVmUvKtqf
karma - sped up,summer walker,0.0,,2018-10-19,76.0,8011254.0,0.0,0.0,,,,,,,,,,,2xneniL4mcJebMJnkle3vY
kayla,stephen sanchez,50.0,,2021-07-09,71.0,1873452.0,0.0,0.0,0.41,0.256,0.308,-8.653,137.741,175200.0,0.845,0.0284,6.31e-06,0.116,0p5xEJ10MMJEGTuwJbngbn
keep driving,harry styles,68.0,,2022-05-20,80.0,34139515.0,0.0,0.0,,,,,,,,,,,2NcQic8JxdjAlAHuNbOIRE
keep the family close,drake,63.0,,2016-05-06,95.0,103039388.0,0.0,0.0,,,,,,,,,,,7sBwAWyXfiIgrYQ8BaJESH
keep ya head up,2pac,71.0,,1997,78.0,22549768.0,0.0,0.0,0.598,0.732,0.595,-7.013,172.329,262506.0,0.144,0.425,0.0,0.508,0XRbYXQUymj9SJkrr8YK5B
kentucky rain,elvis presley,60.0,,1988,,,0.0,0.0,0.4215,0.40900000000000003,0.552,-11.471,105.56649999999999,196960.0,0.497,0.03075,6.305e-06,0.1305,1dIChAQ6MLzIsXWl6vWAqX
keys to the kingdom,linkin park,47.0,,2014-06-13,88.0,31785695.0,0.0,0.0,0.395,0.976,0.334,-4.553,184.011,218546.0,0.00735,0.137,0.000222,0.379,2cZXlLwkRmDww37tbEygXl
kick in the head,tove lo,60.0,,2022-10-14,72.0,3676957.0,0.0,0.0,0.873,0.829,0.658,-5.912,102.993,195440.0,0.0787,0.102,0.0112,0.207,0o7a5d0ArD1f1Xwt7ld8EM
kick the dust up,luke bryan,37.0,,2015-08-07,74.0,9406293.0,0.0,0.0,,,,,,,,,,,7wVeIwUxcUddK44joZ3bPO
"kick, push",lupe fiasco,62.0,,2006-09-18,66.0,1984196.0,0.0,0.0,,,,,,,,,,,6nz35DNIzbtj5ztpDEcW1j
kids,onerepublic,61.0,,2025-08-15,,,0.0,0.0,0.596,0.732,0.228,-6.189,99.98,238386.0,0.0153,0.0401,0.0,0.318,5mQNY6pTeSDl2doFB7uLbE
kill bill,sza,81.0,,2022-12-08,87.0,33055350.0,0.0,0.0,,,,,,,,,,,1Qrg8KqiBpW07V7PNxwwwL
kill bill - sped up version,sza,56.0,,2023-01-13,87.0,33029522.0,0.0,0.0,,,,,,,,,,,2ty6DmPnxVPpEFuB23XM0x
kill em with kindness,selena gomez,61.0,,2015-10-09,81.0,53263844.0,0.0,0.0,,,,,,,,,,,7KxhSJOYiqCDclXDBNlFSZ
kill em with kindness - acoustic,selena gomez,48.0,,2017-03-30,81.0,53263844.0,,,,,,,,,,,,,6pezb9EwyygkHnJqkjLphG
kill everybody,skrillex,50.0,,2010-12-21,74.0,7528620.0,0.0,0.0,,,,,,,,,,,1u1Ps262k227FPAm5BVUjd
kill for love,lady gaga,66.0,,2025-09-01,88.0,42256604.0,0.0,1.0,,,,,,,,,,,6iAWfzQSSHemnvL5yq1q2k
killah,lady gaga,59.0,,2025-09-01,88.0,42256604.0,0.0,1.0,,,,,,,,,,,0RxdWAztwE2qKbtYk7NNWr
kills you slowly,the chainsmokers,53.0,,2019-03-29,80.0,21360805.0,0.0,0.0,0.696,0.439,0.229,-8.77,149.923,213320.0,0.0636,0.055,0.0,0.127,2PgMUAn2bBpm8gz6yAXvVL
king,xxxtentacion,68.0,,2016-04-26,,,0.0,0.0,0.421,0.154,0.0949,-12.405,99.886,112800.0,0.102,0.0319,0.00692,0.207,1Wh5LO3TWAvaeDrwp4FZgo
king of anything,sara bareilles,61.0,,2010-11-18,61.0,1987190.0,0.0,0.0,0.676,0.762,0.81,-4.172,119.003,207493.0,0.461,0.0351,0.0,0.0574,3VA8T3rNy5V24AXxNK5u9E
king of my heart,taylor swift,73.0,,2017-11-10,100.0,145396321.0,0.0,0.0,,,,,,,,,,,7HuBDWi18s4aJM8UFnNheH
king of the dead,xxxtentacion,67.0,,2015-10-23,,,0.0,0.0,0.344,0.309,0.0398,-9.26,97.899,219560.0,0.0444,0.0545,0.0111,0.0929,46OkOaarmTsAQQFfZSsruW
king vamp,playboi carti,59.0,,2020-12-25,86.0,15031490.0,0.0,0.0,,,,,,,,,,,2iqHcRoOfLl1fXCf1bGO0J
kings & queens,ava max,82.0,,2020-03-12,77.0,7750481.0,0.0,0.0,0.637,0.69,0.457,-4.057,129.857,162398.0,0.00786,0.0405,0.0,0.124,1Pbi2GANYWp4ZtfXappkGd
kiss,cole swindell,0.0,,2014-11-17,64.0,2565032.0,0.0,0.0,0.461,0.887,0.638,-3.189,167.957,240733.0,0.0358,0.193,0.0,0.118,1foBcsKBlS2TvkXexVN91y
kiss it better,rihanna,81.0,,2016-01-28,90.0,68997177.0,0.0,1.0,,,,,,,,,,,0UHB9METy4VCXNgkcGqHqS
kiss me,ed sheeran,65.0,,2011-09-09,88.0,122802777.0,0.0,0.0,,,,,,,,,,,0Tel1fmuCxEFV6wBLXsEdk
"kiss me babe, it's christmas time",owl city,0.0,,2017-12-08,66.0,2503055.0,0.0,0.0,0.705,0.567,0.562,-7.054,105.96,229033.0,0.0199,0.0306,0.0,0.0937,0OBtVT2njy39xf4RgGV8cI
kiss me more,doja cat,84.0,,2021-06-25,86.0,34735147.0,0.0,0.0,0.763,0.703,0.7615000000000001,-3.502,110.969,208766.0,0.247,0.0285,0.0001236,0.1215,3DarAbFujv6eYNliUTyqtz
kiss me quick,elvis presley,48.0,,1984,,,0.0,0.0,0.56,0.652,0.947,-9.809,134.015,167373.0,0.589,0.0538,0.00171,0.249,2CAXzfk8tLXCi3rWjAJUNp
kiss tomorrow goodbye,luke bryan,67.0,,2011-01-01,74.0,9406293.0,0.0,0.0,,,,,,,,,,,3loYYWdPlLiUCq1jiSPfT6
kissing you,sam smith,36.0,,2023-04-12,81.0,26272346.0,0.0,0.0,,,,,,,,,,,4cTafvpYaCM3u41plC0eK4
kiwi,harry styles,68.0,,2017-05-12,80.0,34136120.0,0.0,0.0,,,,,,,,,,,33SNO8AaciGbNaQFkxvPrW
knew better / forever boy,ariana grande,53.0,,2016-04-01,90.0,107389514.0,0.0,0.0,,,,,,,,,,,212ecIiQ47VqrOLRTwXaMB
knife talk (with 21 savage ft. project pat),drake,74.0,,2021-09-03,95.0,103067383.0,0.0,0.0,,,,,,,,,,,2BcMwX1MPV6ZHP4tUT9uq6
knockin' on heaven's door,guns n' roses,79.0,,2006,80.0,35196831.0,0.0,0.0,0.496,0.739,0.378,-7.193,132.41,336000.0,0.0211,0.0415,0.00444,0.106,4JiEyzf0Md7KEFFGWDDdCr
know your enemy,green day,44.0,,2010-02-05,80.0,17327094.0,0.0,0.0,0.559,0.955,0.957,-3.924,129.98,191786.0,0.00237,0.0412,7.06e-05,0.0566,3gBiC50QtRYGuo9pL4fQfI
know your worth,khalid,63.0,,2020-02-04,82.0,16943442.0,0.0,0.0,,,,,,,,,,,0TrPqhAMoaKUFLR7iYDokf
knowing you,kenny chesney,0.0,,2020-04-10,69.0,4887584.0,0.0,0.0,0.568,0.562,0.178,-6.12,125.981,226266.0,0.23,0.0258,3.41e-06,0.119,1ERoFNNh3shILiAOFWjlgg
kokomo,the beach boys,71.0,,2000,,,0.0,0.0,0.6915,0.6970000000000001,0.928,-8.3985,115.58500000000001,216892.5,0.014765,0.0316,0.0,0.1136,58QhGA4ZDXdzAyKPh0TvVV
kooda,6ix9ine,61.0,,2017-12-03,,,0.0,0.0,0.885,0.641,0.201,-4.455,91.167,142582.0,0.175,0.351,0.0,0.234,0tYHqwTW4s6VuPWDSD7n7K
kotodama,ozuna,64.0,,2022-10-07,,,0.0,0.0,0.884,0.694,0.597,-3.241,93.025,188533.0,0.156,0.0716,0.0188,0.3,4ZlHgEGwZb3PCq0OWFbhcO
kryptonite,3 doors down,81.0,,2000-06-30,71.0,4908790.0,0.0,0.0,0.56025,0.849,0.55025,-6.36825,98.7695,234636.25,0.063635,0.0286,2.885e-05,0.184,1SBuYdJK3a3NU55nGomgAe
l-o-v-e,nat king cole,71.0,,1990,,,0.0,0.0,0.44420000000000004,0.354,0.6688000000000001,-8.2188,77.96979999999999,155207.4,0.6972,0.07956,4.96e-07,0.07632,2IWyXbac49Rwk8fYyv4ee7
l.t.w.y.h.m.,koe wetzel,48.0,,2019-06-20,,,0.0,0.0,0.439,0.528,0.079,-7.117,139.866,209849.0,0.398,0.0262,0.0,0.0703,1x41485hXYMS0PNICGph1X
la bebe - remix,yng lvcas,77.0,,2023-03-17,65.0,445514.0,0.0,0.0,,,,,,,,,,,2UW7JaomAMuX9pZrjVpHAU
la copa,ozuna,72.0,,2022-09-14,,,0.0,0.0,0.9155,0.7955000000000001,0.9515,-4.246,126.016,154627.0,0.1165,0.03565,0.0002365,0.1053,2gdBsRfuWGwJwe3X5XwZuI
la corriente,bad bunny,74.0,,2022-05-06,95.0,102500980.0,0.0,1.0,0.663,0.786,0.579,-3.51,196.12,198367.0,0.229,0.195,0.0,0.219,1797zYiX4cKosMH836X9Gt
la diabla,xavi,74.0,,2023-11-30,76.0,8453736.0,0.0,0.0,,,,,,,,,,,0R6NfOiLzLj4O5VbYSJAjf
la difícil,bad bunny,71.0,,2020-02-29,95.0,102571645.0,0.0,1.0,0.685,0.848,0.761,-4.561,179.87,163084.0,0.0861,0.0858,7.14e-06,0.0783,6NfrH0ANGmgBXyxgV2PeXt
la la la,naughty boy,68.0,,2013-01-01,62.0,415464.0,0.0,0.0,,,,,,,,,,,52gvlDnre9craz9dKGObp8
la la la,shakira,24.0,,2014-03-21,85.0,39777995.0,0.0,1.0,,,,,,,,,,,18hNqyuWDWmnr0NixQHIos
la la la (brasil 2014),shakira,26.0,,2014-03-21,85.0,39777995.0,0.0,1.0,,,,,,,,,,,1i0zBh7TE6qcvy6dVXQ20c
la la la (brazil 2014),shakira,29.0,,2014-03-21,85.0,39788275.0,0.0,1.0,,,,,,,,,,,7xSAKieVU47dvIoaaeCndX
la la la la la la la la,red hot chili peppers,61.0,,2022-10-14,82.0,23218829.0,0.0,0.0,0.426,0.217,0.179,-15.564,128.22,237489.0,0.895,0.0401,9.89e-05,0.0867,4cvngM7l4dOwldWzMOEP6c
la noche de anoche,bad bunny,75.0,,2020-11-27,95.0,102500980.0,0.0,1.0,0.856,0.618,0.391,-4.892,81.993,203200.0,0.0303,0.286,0.0,0.0866,2XIc1pqjXV3Cr2BQUGNBck
la nueva y la ex,daddy yankee,2.0,,2016-09-14,85.0,37817461.0,0.0,0.0,0.639,0.943,0.639,-3.542,198.051,197053.0,0.0462,0.136,0.0,0.141,0c9wSzwT33NaUlJNy1z0jh
la rebelión,j balvin,2.0,,2019-04-01,86.0,39113380.0,0.0,1.0,0.756,0.8,0.718,-3.673,128.022,161973.0,0.066,0.0585,0.0,0.0646,0MDRx3s5qSe0q5MwWJ5zW1
la víctima,xavi,70.0,,2023-08-17,76.0,8456647.0,0.0,0.0,,,,,,,,,,,5XVdHRf4CAJ2Jm0uMIy5qY
la zona,bad bunny,79.0,,2020-02-29,95.0,102571645.0,0.0,1.0,0.762,0.801,0.81,-3.661,93.992,136892.0,0.2,0.0409,7.04e-05,0.254,5kqNIqFjijuzvVLhuY9B8j
lacy,olivia rodrigo,81.0,,2023-09-08,85.0,49067177.0,0.0,0.0,,,,,,,,,,,5SShKhLCYFydCsO4L7ULMr
lady by the sea,stephen sanchez,58.0,,2020-12-18,71.0,1873452.0,0.0,0.0,0.439,0.503,0.519,-10.029,186.01,182983.0,0.284,0.0281,5.6e-05,0.152,4wPKUEm0EOoyUiFtI6mz1a
lady jane - mono,the rolling stones,27.0,,1966-04-15,77.0,15714574.0,0.0,0.0,0.378,0.464,0.312,-12.006,206.377,189506.0,0.357,0.0506,0.000116,0.0952,11g6Vge6CMPQAYILNsEV8y
lady killers ii,g-eazy,77.0,,2024-03-17,74.0,6295804.0,0.0,0.0,,,,,,,,,,,068AyhyvE67qMRsMXLqAnd
lady madonna,the beatles,58.0,,1968-03-15,82.0,30721676.0,0.0,0.0,0.65,0.777,0.574,-4.984,109.608,136826.0,0.141,0.0294,0.343,0.215,1raiIrqaqRAqZmQWZlLuBd
lady marmalade - single edit,christina aguilera,71.0,,2001-06-26,76.0,9247395.0,0.0,0.0,,,,,,,,,,,0PSZ9G584Ve27GK6ThlY6P
lady wood,tove lo,47.0,,2016-10-28,72.0,3676957.0,0.0,0.0,0.647,0.6,0.157,-8.02,119.929,216659.0,0.337,0.135,0.000945,0.11,5cB9BlseQteklXaJjRtZti
lake of fire,nirvana,68.0,,1994,81.0,23384088.0,0.0,0.0,0.541,0.618,0.68,-9.652,145.464,175973.0,0.277,0.179,4.02e-05,0.413,4UJmPSJsBsIR1U0N79BU1g
land whose,david cook,50.0,1000.0,2017-02-02,,,0.0,0.0,0.42,0.45,,-5.26,166.39,175279.0,,,0.464,,TRK-EF9E96A9D319
landslide - 2018 remaster,fleetwood mac,0.0,,1980-12-08,83.0,13966197.0,0.0,0.0,0.428,0.292,0.508,-15.157,159.757,200413.0,0.859,0.0307,0.00105,0.191,58W0qvadgkqy1AqYEYl9m7
lane boy,twenty one pilots,65.0,,2015-05-15,83.0,25761380.0,0.0,0.0,,,,,,,,,,,2P61EK6DMGyVyssLWS4fKy
large describe,michael jackson,65.0,118000.0,2017-04-11,85.0,37446069.0,0.0,0.0,0.46,0.9,,-40.14,77.89,367673.0,,,0.505,,TRK-C4C846F3A129
larger than life,backstreet boys,73.0,,1999-05-18,76.0,6711194.0,0.0,0.0,,,,,,,,,,,6sbXGUn9V9ZaLwLdOfpKRE
last christmas,carly rae jepsen,1.0,,2015-11-20,70.0,5139846.0,0.0,0.0,0.723,0.645,0.516,-4.94,106.004,212453.0,0.393,0.0326,5.83e-05,0.367,1gZZDJUNC66XpCCwrKZLTA
last christmas,wham!,74.0,,1993,,,0.0,0.0,0.746,0.548,0.9039999999999999,-10.218,107.269,265060.0,0.2255,0.028749999999999998,1.24e-06,0.288,2FRnf9qhLbvw8fu4IBXx78
last dance,dua lipa,56.0,,2017-06-02,85.0,46886554.0,0.0,0.0,,,,,,,,,,,1oXHXIB8rHgwHSsPRNjEzn
last dance - radio edit,avicii,2.0,,2013-01-25,79.0,23434221.0,0.0,0.0,0.52,0.823,0.158,-5.152,127.981,204375.0,0.000364,0.0363,0.289,0.14,7GVEjM8u2tyrtczh9Z1L0N
last day alive,the chainsmokers,46.0,,2017-04-07,80.0,21357977.0,0.0,0.0,,,,,,,,,,,6GeD5g9vZTz25Egf8kxoIY
last friday night (t.g.i.f.),katy perry,74.0,,2010-08-24,83.0,38400585.0,0.0,0.0,0.65,0.817,0.728,-3.826,126.024,230720.0,0.00124,0.0441,1.14e-05,0.658,3KoTtGEDiBwUWzdRQVh9lh
last hope,paramore,63.0,,2013-04-05,79.0,9792848.0,0.0,0.0,0.465,0.711,0.255,-6.178,101.46,309973.0,0.00411,0.0265,0.000548,0.164,2VBluJiNj9bKohWX0dY1Lh
last hurrah,bebe rexha,0.0,,2019-07-04,75.0,9837715.0,0.0,0.0,0.552,0.618,0.402,-4.585,84.26,150333.0,0.175,0.0309,0.0,0.117,7A5qbuQheUIpEz0O2npL72
last night,morgan wallen,35.0,,2023-01-31,88.0,13999205.0,0.0,0.0,,,,,,,,,,,59uQI0PADDKeE6UZDTJEe8
last night on earth,green day,41.0,,2012-07-08,80.0,17327094.0,0.0,0.0,0.556,0.486,0.243,-7.139,119.955,236533.0,0.0371,0.0329,1.45e-06,0.164,1HNdxnWzK2YKW9tUPIL5qU
last one standing,skylar grey,62.0,,2021-09-30,65.0,672618.0,0.0,1.0,0.664,0.692,0.233,-4.128,154.924,257368.0,0.237,0.127,0.0,0.0798,5W8HXMOMLtXLz0RGKUtnlZ
last time i saw you,nicki minaj,52.0,,2023-09-01,84.0,34295707.0,0.0,0.0,,,,,,,,,,,79DPYZ6x8FfzgSgPoPhpC3
last train home,john mayer,69.0,,2021-06-04,,,0.0,0.0,0.591,0.831,0.678,-6.612,93.007,187306.0,0.235,0.0355,0.00142,0.0571,0tgBtQ0ISnMQOKorrN9HLX
latch,disclosure,67.0,,2013-06-03,74.0,2343253.0,0.0,0.0,,,,,,,,,,,1DunhgeZSEgWiIYbHqXl0c
late july,zach bryan,42.0,,2022-04-12,84.0,7325625.0,0.0,0.0,0.532,0.354,0.419,-8.938,151.266,178019.0,0.736,0.0504,0.0,0.11,47sNDR69VgN2NboGRc9Yyo
late night talking,harry styles,75.0,,2022-05-20,80.0,34130771.0,0.0,0.0,,,,,,,,,,,1qEmFfgcLObUfQm0j1W2CK
laugh it off,post malone,56.0,,2023-07-28,85.0,47716988.0,0.0,0.0,,,,,,,,,,,26EjM7ZMAnWOKPAuKNOX24
laugh now cry later,drake,75.0,,2020-08-14,95.0,103094105.0,0.0,0.0,,,,,,,,,,,2SAqBLGA283SUiwJ3xOUVI
lavender haze,taylor swift,72.0,,2022-10-21,100.0,145489371.0,0.0,0.0,,,,,,,,,,,4g2c7NoTWAOSYDy44l9nub
lavender sunflower,tory lanez,73.0,,2021-12-10,79.0,8276031.0,0.0,0.0,,,,,,,,,,,1au2UduxcvHfa0fZS3Szci
lay all your love on me - spotify singles,zara larsson,67.0,,2022-05-27,77.0,10911229.0,0.0,0.0,0.691,0.409,0.21,-10.144,124.994,161125.0,0.376,0.0376,0.000224,0.145,2vaxUyVWNoA2L272YHEy70
lay me down,sam smith,75.0,,2014-05-26,81.0,26272346.0,0.0,0.0,,,,,,,,,,,74sb4Gib0cL3TQeCjYF8vh
leaked,lil tjay,71.0,,2019-08-09,74.0,10192579.0,0.0,0.0,0.51,0.619,0.321,-7.918,97.018,220240.0,0.801,0.281,0.0,0.0811,0W64NfLrIsRTAFObko6uJx
lean 4 real,playboi carti,65.0,,2018-05-11,86.0,15031490.0,0.0,0.0,,,,,,,,,,,1JgkiUg9mSXSwcb5Gbi4Ur
lean back,fat joe,59.0,,2005-06-14,66.0,2135253.0,0.0,1.0,0.611,0.754,0.565,-5.035,126.961,290266.0,0.116,0.366,0.0,0.0945,2uiEqPjMmIJXOKplzsEASP
lean on,major lazer,69.0,,2015-06-01,73.0,6302021.0,0.0,0.0,0.723,0.809,0.274,-3.081,98.007,176561.0,0.00346,0.0625,0.00123,0.565,1Lim1Py7xBgbAkAys3AGAG
least ian lie,moneybagg yo,0.0,,2021-10-22,,,0.0,0.0,0.896,0.517,0.816,-7.834,135.917,106379.0,0.112,0.389,0.0,0.117,1J1xKGIgm2PsRzd7DMpvcv
leave,post malone,56.0,,2016-12-09,85.0,47716988.0,0.0,0.0,,,,,,,,,,,5dI1yHSqgmilFEqpGbqxHh
leave before you love me (with jonas brothers),marshmello,80.0,,2023-02-07,80.0,34478237.0,0.0,0.0,0.721,0.738,0.637,-4.77,119.976,154983.0,0.00226,0.0403,4.41e-06,0.118,4qu63nuBpdn0qHUHuObEj1
leave me alone - 2012 remaster,michael jackson,58.0,,1987-08-31,85.0,37446069.0,0.0,0.0,,,,,,,,,,,6pJSulm9EBmsYGnp3uaEFl
leave me lonely,ariana grande,54.0,,2016-04-01,90.0,107418606.0,0.0,0.0,,,,,,,,,,,27PTd8bvvSpk9qXtNwxbe7
leave out all the rest,linkin park,55.0,,2009,88.0,31785695.0,0.0,0.0,0.5095000000000001,0.6315,0.198,-6.6265,80.2115,209348.0,0.2455,0.03585,2.7050000000000004e-06,0.34199999999999997,4w6jQFJZUBz2nCAjqaXSjF
leave out all the rest - one more light live,linkin park,46.0,,2009,88.0,31785695.0,0.0,0.0,0.413,0.694,0.276,-7.984,159.982,290720.0,0.00286,0.0562,0.00172,0.845,3KVVhZUYs77OSujKlvWEXy
leave the city,twenty one pilots,0.0,,2018-10-05,83.0,25759662.0,0.0,0.0,0.506,0.378,0.297,-11.641,134.99,280493.0,0.726,0.0332,0.00514,0.0956,3aesSacVekAY2cwcNgCMyP
leave the door open,bruno mars,69.0,,2021-03-05,90.0,75492598.0,0.0,0.0,,,,,,,,,,,1LPSkqVhWVRUkKE03YUkpB
leavin,rod wave,70.0,,2025-10-13,76.0,9673984.0,0.0,0.0,,,,,,,,,,,7Lo6USa0PiDkwSL3SkohSi
left and right,charlie puth,67.0,,2022-06-24,79.0,25301942.0,0.0,0.0,0.881,0.592,0.719,-4.898,101.058,154486.0,0.619,0.0324,1.32e-05,0.0901,0mBP9X2gPCuapvpZ7TGDk3
legacy,eminem,36.0,,2013-11-05,88.0,104559284.0,0.0,1.0,,,,,,,,,,,7KsJrA7gJkq9EEHYPdTYcl
legacy,offset,61.0,,2019-02-22,77.0,5610584.0,0.0,0.0,,,,,,,,,,,7pMRoGLEJuFM2wl5pt0R99
legendary lovers,katy perry,48.0,,2013-10-18,83.0,38400585.0,0.0,0.0,,,,,,,,,,,5Uc37Y6FijZcM538PqqkWd
legends aren't made,dan,66.0,,2020-07-10,,,0.0,0.0,0.624,0.443,0.569,-7.544,97.857,168247.0,0.799,0.3,0.0,0.108,0Xzibp4sColB67CPXM7Dm2
lemme freak,lil dicky,56.0,,2015-07-31,59.0,2046209.0,0.0,0.0,0.8,0.656,0.437,-5.874,119.921,285894.0,0.0143,0.114,0.0,0.354,46nJ8ZPiUX4TuvCey0Wcz1
lemonade,internet money,2.0,,2020-08-28,65.0,1035863.0,0.0,0.0,,,,,,,,,,,2DQNYMRjisN3KAPj1bEwOI
les,childish gambino,8.0,,2011-11-15,78.0,14561716.0,0.0,0.0,,,,,,,,,,,0YsGMHid6sFq5PcToe3JZE
less than zero,the weeknd,72.0,,2022-01-06,93.0,112957721.0,0.0,1.0,,,,,,,,,,,2D4dV2KXDTszzJ3p3cFqhA
let go,bts,66.0,,2018-04-04,,,0.0,0.0,0.558,0.863,0.388,-3.53,173.908,299706.0,0.17,0.178,0.0,0.289,1OqDvYVDhJyFZny7XlfIyZ
let her go,passenger,75.0,,2012-06-29,67.0,3758862.0,0.0,0.0,0.445,0.541,0.217,-7.36,76.289,252733.0,0.359,0.0736,0.0,0.109,0JmiBCpWc1IAc0et7Xm7FL
let her go (acoustic version),passenger,58.0,,2014,67.0,3758140.0,0.0,0.0,0.548,0.0749,0.26,-13.802,142.597,266613.0,0.944,0.0501,0.0,0.0845,3ebXp4osCnAAuvDDqh8aAK
let it be,the beatles,77.0,,1994,82.0,30721676.0,0.0,0.0,0.444,0.4195,0.4465,-8.4375,141.655,236733.0,0.6054999999999999,0.0327,1.315e-05,0.1115,4qsVPnhbvEooD1bSNqvvh0
let it die,ellie goulding,46.0,,2022-10-19,78.0,13212719.0,0.0,0.0,0.577,0.869,0.696,-5.305,119.939,166890.0,0.44,0.205,2.99e-06,0.0721,3Mpz9tU5tLEkYKDMUOi067
let it go,james bay,70.0,,2015-03-20,67.0,4106573.0,0.0,0.0,,,,,,,,,,,13HVjjWUZFaWilh2QUJKsP
let it go - english version,idina menzel,39.0,,2013-11-25,68.0,570812.0,0.0,0.0,0.546,0.485,0.351,-6.876,136.912,224026.0,0.58,0.0306,0.0,0.124,78EQZFdiuoAfYddqBVQt74
"let it go - from ""frozen""/soundtrack version",idina menzel,76.0,,2013-01-01,68.0,570812.0,,,0.543,0.485,0.371,-6.85,136.961,223840.0,0.558,0.0305,0.0,0.12,0qcr5FMsEO85NAQjrlDRKo
let it ride,brantley gilbert,33.0,,2014-01-01,63.0,3029394.0,0.0,0.0,,,,,,,,,,,0nrkawiNXD8LEbRE37XPFa
let it snow,luis fonsi,0.0,,2020-11-26,73.0,10981084.0,0.0,0.0,0.552,0.676,0.452,-6.475,147.769,191333.0,0.247,0.0627,0.0,0.177,2nELh4kYlu0CD8l8aI6P0B
"let it snow, let it snow, let it snow",idina menzel,0.0,,2021-10-29,68.0,570812.0,0.0,0.0,0.441,0.404,0.204,-8.944,130.146,161400.0,0.44,0.0561,0.0,0.279,703PSL0tH5fzevHniDecef
let me,zayn,68.0,,2018-04-12,,,0.0,0.0,0.46,0.566,0.189,-5.637,168.408,185373.0,0.239,0.0502,5.96e-06,0.0967,2cEmWBBlCfR9wWrY9JmTyt
let me be myself,3 doors down,47.0,,2008-05-16,71.0,4908790.0,0.0,0.0,0.495,0.699,0.492,-6.107,153.955,228626.0,0.00384,0.0297,1.7e-05,0.113,4jiauDAzN0YVic8gwDuxLF
"let me be there - live at mid-south coliseum, memphis, tn - march 1974",elvis presley,24.0,,1987,,,0.0,0.0,0.544,0.906,0.857,-7.679,138.192,214640.0,0.368,0.0784,0.0,0.718,380DWVuwaV5cEdg3EykEHb
let me down easy,billy currington,65.0,,2010-01-01,65.0,2758888.0,0.0,0.0,,,,,,,,,,,4iYQUKxKwOOm6X2R7ALPix
let me go,avril lavigne,55.0,,2013-11-01,76.0,12008159.0,0.0,0.0,,,,,,,,,,,2o0V0AATmWmCmMOAFWDuEV
"let me go (with alesso, florida georgia line & watt)",hailee steinfeld,70.0,,2017-09-08,66.0,8862787.0,0.0,0.0,0.664,0.708,0.742,-4.154,103.07,174800.0,0.0337,0.0474,0.0,0.0841,5Gu0PDLN4YJeW75PpBSg9p
let me love you,ariana grande,73.0,,2016-04-01,90.0,107401919.0,0.0,0.0,,,,,,,,,,,59NC8SuXPiSaiYL69XQ4dt
let me love you,dj snake,86.0,,2016-08-05,77.0,9277034.0,0.0,0.0,0.649,0.716,0.163,-5.371,99.988,205946.0,0.0863,0.0349,2.63e-05,0.135,0lYBSQXN6rCTvUZvg9S0lU
let me love you,mario,75.0,,2004-03-15,68.0,3993013.0,0.0,0.0,,,,,,,,,,,7GaFYUqP2WdR4KTPk7cXoP
let me love you (until you learn to love yourself),ne-yo,69.0,,2012-01-01,80.0,10217787.0,0.0,0.0,0.669,0.723,0.269,-5.2,124.925,252226.0,0.213,0.0346,0.0,0.523,18XA6zBzc8shI011scLk5k
let me ride,dr. dre,61.0,,1992-12-15,78.0,15085473.0,0.0,1.0,,,,,,,,,,,36yUCSB9OaMz0RMUQDOSpT
let the light in,lana del rey,77.0,,2023-03-24,88.0,51798111.0,0.0,0.0,,,,,,,,,,,4qG7hWhljsqqENL5PaLA2z
let there be rock,ac/dc,64.0,,1978-10-06,,,0.0,0.0,0.332,0.725,0.422,-5.809,182.364,366346.0,0.000209,0.116,0.607,0.0767,753KutoAy00apPsplMRetG
let you down,nf,77.0,,2017-10-06,76.0,11162039.0,0.0,0.0,,,,,,,,,,,52okn5MNA47tk87PeZJLEL
let you love me,rita ora,56.0,,2018-09-21,68.0,8411391.0,0.0,0.0,0.521,0.861,0.473,-3.138,191.618,190013.0,0.261,0.319,0.0,0.0682,0Hijswm0F2WNL0vN5e4CyE
let's build a fire,cody johnson,1.0,,2022-12-02,73.0,1943383.0,0.0,0.0,0.417,0.968,0.879,-3.827,187.979,176666.0,0.00144,0.0452,2.56e-05,0.0827,5XuozI1077Tdy8EUabPWuE
let's dance,miley cyrus,39.0,,2007-06-26,81.0,26561582.0,0.0,0.0,,,,,,,,,,,5eDPpYSyy8ag1V9sPMThEB
let's hurt tonight,onerepublic,63.0,,2016-10-07,,,0.0,0.0,0.359,0.713,0.272,-4.526,61.519,194520.0,0.33,0.0366,0.0,0.324,05sCp83gcMm1iecYydKJS3
let's ride,the game,57.0,,2006-01-01,70.0,5199185.0,0.0,0.0,,,,,,,,,,,4JKwW0A2OQeAUpYZd99Lfo
let's see what the night can do,jason mraz,53.0,,2018-08-10,71.0,7312594.0,0.0,0.0,0.392,0.423,0.288,-7.813,113.537,245186.0,0.27,0.0348,0.0,0.117,3dglCYsVMjPbDlU2CC9Vq7
level of concern,twenty one pilots,62.0,,2020-04-09,83.0,25761380.0,0.0,0.0,,,,,,,,,,,6xZ4Q2k2ompmDppyeESIY8
levels - radio edit,avicii,74.0,,2011-11-25,79.0,23434999.0,0.0,0.0,0.584,0.889,0.464,-5.941,126.04,199906.0,0.0462,0.0343,0.828,0.309,5UqCQaDshqbIk3pkhy4Pjg
levitating,dua lipa,81.0,,2020-03-27,85.0,46891061.0,0.0,0.0,0.69675,0.86925,0.91425,-2.65525,103.00475,203621.25,0.044282499999999995,0.07150000000000001,0.0,0.1766,1dI77VhaLcQSgQLSnIs03D
liability,lorde,70.0,,2017-06-16,80.0,10539134.0,0.0,0.0,,,,,,,,,,,6Kkt27YmFyIFrcX3QXFi2o
liar,camila cabello,63.0,,2019-12-06,78.0,35579266.0,0.0,0.0,,,,,,,,,,,073ILU1C3APNRGF66VhtyA
liberian girl - 2012 remastered version,michael jackson,60.0,,1987-08-31,84.0,37417943.0,0.0,0.0,,,,,,,,,,,2WzQbiXKpmRNLWXbqo8Z7b
liberty walk,miley cyrus,39.0,,2010-01-01,81.0,26564677.0,0.0,0.0,,,,,,,,,,,3icywpqJ6o39VY61BXcGQS
lie,bts,70.0,,2016-10-10,,,0.0,0.0,0.541,0.779,0.501,-5.581,94.069,215752.0,0.00338,0.033,0.0,0.177,1nWB8isqs2tviWk20G5pow
lie to girls,sabrina carpenter,67.0,,2024-08-23,91.0,26538275.0,0.0,0.0,,,,,,,,,,,5il0jwWUlvgtIzWvzJi12z
lies greed misery,linkin park,52.0,,2012-05-24,88.0,31785695.0,0.0,0.0,0.545,0.962,0.539,-4.552,160.017,146493.0,0.0133,0.14,0.0,0.059,3aZQQWGNShP6IzzaprPlFX
life,elvis presley,23.0,,2016-03-18,,,0.0,0.0,0.288,0.491,0.719,-11.841,87.435,190280.0,0.615,0.0384,0.000192,0.567,3whENzWXwXqgClynkEdj7C
life,florida georgia line,61.0,,2022-10-28,70.0,5588772.0,0.0,0.0,0.485,0.663,0.38,-5.759,142.921,232464.0,0.0686,0.0338,0.0,0.129,5ta8NyQiixodcCinI6jjS6
life after you,daughtry,57.0,,2009-07-14,65.0,2382165.0,0.0,0.0,0.41500000000000004,0.78,0.3355,-3.3515,102.6765,206813.0,0.05655,0.0328,0.0,0.422,4gWTBq5Jftq5CEKYpLXD8R
life goes on,bts,79.0,,2020-11-20,,,0.0,0.0,0.571,0.707,0.456,-6.1385,81.048,207784.5,0.0076950000000000005,0.039650000000000005,0.0,0.3685,1VjqXwHU3isibdXLEtXc4q
life goes on,lil baby,74.0,,2018-05-18,84.0,21656185.0,0.0,0.0,,,,,,,,,,,2bSk87AVkCIIC3Bcligq1z
life in the fast lane - 2013 remaster,eagles,72.0,,1994-11-07,75.0,12152190.0,0.0,0.0,0.667,0.755,0.883,-7.246,109.535,286219.0,0.0966,0.069,6.94e-05,0.0523,6gXrEUzibufX9xYPk3HD5p
life is a highway,rascal flatts,73.0,,2011-11-08,68.0,3672166.0,0.0,0.0,0.582,0.952,0.655,-3.848,103.027,276320.0,0.00324,0.0731,0.0,0.223,2Fs18NaCDuluPG1DHGw1XG
life is good,future,72.0,,2020-01-10,88.0,22675640.0,0.0,0.0,,,,,,,,,,,5yY9lUy8nbvjM1Uyo1Uqoc
life of the party,the weeknd,51.0,,2012-11-13,93.0,112918137.0,0.0,1.0,,,,,,,,,,,3DBumrwaikaisVDQdcM7jU
lifetimes,katy perry,58.0,,2024-08-08,83.0,38400585.0,0.0,0.0,,,,,,,,,,,0K8sKuo6xLHZgySZmmw2rV
lift me up,onerepublic,51.0,,2016-10-07,,,0.0,0.0,0.69,0.84,0.701,-6.104,115.0,226186.0,0.0107,0.0307,0.0,0.0785,0x7oCog91UWqiYJQEee3uK
lift me up - from black panther: wakanda forever - music from and inspired by,rihanna,69.0,,2022-10-28,90.0,68997177.0,0.0,1.0,,,,,,,,,,,35ovElsgyAtQwYPYnZJECg
light beams,tove lo,50.0,,2017-11-17,72.0,3676957.0,0.0,0.0,0.529,0.728,0.593,-9.578,108.056,66762.0,0.64,0.0378,0.0197,0.345,2YKI5E7oHg1VOmrMiTzfl1
light it up,luke bryan,60.0,,2017-12-08,74.0,9406293.0,0.0,0.0,,,,,,,,,,,5w3NgfV8v1nNZFLUBlGHIL
light it up,major lazer,9.0,,2015-11-27,73.0,6301808.0,0.0,0.0,,,,,,,,,,,6lDo13SSgTv0WbyUQKgnjk
light it up - remix,major lazer,2.0,,2022-09-23,73.0,6301808.0,0.0,0.0,0.747,0.877,0.752,-3.782,107.991,166138.0,0.0375,0.0664,0.000833,0.233,500mvzh7TRZ0YdnVeHhj8b
light switch,charlie puth,71.0,,2022,80.0,25306511.0,0.0,0.0,0.6898,0.6262000000000001,0.9106,-5.6928,184.0088,186286.9,0.10500000000000001,0.3064,0.00033220000000000005,0.08857999999999999,0CGkdIKWvQsgr3zM25jNa8
light switch - acoustic,charlie puth,1.0,,2022-01-20,79.0,25301942.0,0.0,0.0,0.748,0.407,0.947,-6.26,91.974,186295.0,0.745,0.0656,0.0,0.163,62HtXdPVSIAy4V87eEmZqi
lighters,bad meets evil,68.0,,2011-01-01,58.0,1858826.0,0.0,0.0,,,,,,,,,,,5zpDHEU12zATwLGvozxPw2
lights,bts,63.0,,2021-06-16,,,0.0,0.0,0.6074999999999999,0.64,0.426,-5.596500000000001,99.001,291906.5,0.16749999999999998,0.0319,0.0,0.15,3TDUktzfYXMWjkWqwoT5F1
lights,ellie goulding,66.0,,2011-11-17,78.0,13212719.0,0.0,0.0,0.699,0.732,0.676,-6.307,120.028,245853.0,0.0771,0.0304,0.00198,0.131,4QCnMOWxfDkTsGt82HULFb
lights - single version,ellie goulding,67.0,,2010-01-01,78.0,13212719.0,0.0,0.0,0.6815,0.7985,0.7855000000000001,-6.003,120.03049999999999,211779.5,0.0284,0.0357,0.04435,0.129,0yciGxyHYjntJNmAj0ObzK
lights come on,jason aldean,62.0,,2016-09-09,75.0,7054208.0,0.0,0.0,,,,,,,,,,,6JLiWJptfEdsz3TW4dnQGy
lights up,harry styles,67.0,,2019-12-13,80.0,34130771.0,0.0,0.0,,,,,,,,,,,4jAIqgrPjKLTY9Gbez25Qb
like,bts,72.0,,2026-03-20,,,0.0,0.0,0.737,0.723,0.783,-4.165,100.939,231893.0,0.303,0.0705,0.0,0.26,55Ctj6nVfobn9AcPe6sLG2
like a g6,far east movement,71.0,,2010-01-01,64.0,1105453.0,0.0,0.0,,,,,,,,,,,4DvhkX2ic4zWkQeWMwQ2qf
like a wrecking ball,eric church,66.0,,2014-01-01,71.0,4140524.0,0.0,0.0,,,,,,,,,,,6hr4weuSidHy2LNMw8UVJ2
like crazy,jimin,74.0,,2023-03-24,79.0,10844512.0,0.0,0.0,,,,,,,,,,,3Ua0m0YmEjrMi9XErKcNiR
like glue,sean paul,63.0,,2003,81.0,5279150.0,0.0,0.0,0.757,0.78,0.59,-5.038,97.917,232506.0,0.0811,0.319,0.0,0.113,6pbCkvCENw0suVGr4Ckkae
like him,"tyler, the creator",85.0,,2024-10-28,86.0,24420596.0,0.0,0.0,,,,,,,,,,,6jbYpRPTEFl1HFKHk1IC0m
like i can,sam smith,72.0,,2014-05-23,81.0,26278854.0,0.0,0.0,0.628,0.683,0.462,-5.565,99.8,166346.0,0.246,0.0467,0.0,0.176,2TeLIzFBe3hxkPR5FIQZut
like i do,david guetta,47.0,,2018-09-14,87.0,27139342.0,0.0,0.0,,,,,,,,,,,4aBYzs8RxZMuqyOanNlf8I
like i do,tate mcrae,66.0,,2025-02-21,88.0,9249502.0,0.0,0.0,,,,,,,,,,,5KVot2VLi0sFVv7zyOCn0q
like i'm gonna lose you,meghan trainor,72.0,,2015-01-12,73.0,15744271.0,0.0,0.0,,,,,,,,,,,2YlZnw2ikdb837oKMKjBkW
like my mother does - american idol performance,lauren alaina,0.0,,2011-05-25,,,0.0,0.0,0.473,0.654,0.174,-5.417,139.956,252053.0,0.0118,0.0291,0.0,0.121,6scecOoBpMr3jV08gbSW3O
like real people do,hozier,68.0,,2014-05-30,82.0,9114093.0,0.0,0.0,0.569,0.183,0.13,-14.371,70.06,198029.0,0.914,0.0298,0.404,0.106,4LGJ2pLDvTRnul3EcZoYkX
like that,future,82.0,,2024-03-22,88.0,22682234.0,0.0,0.0,,,,,,,,,,,2tudvzsrR56uom6smgOcSf
lil boo thang,paul russell,75.0,,2023-08-18,58.0,253726.0,0.0,0.0,,,,,,,,,,,0cVyQfDyRnMJ0V3rjjdlU3
lil demon,future,74.0,,2024-09-20,88.0,22675640.0,0.0,0.0,,,,,,,,,,,3aCPResPDNae3pXTocGpYe
lil' homies,2pac,64.0,,2001-03-27,78.0,22549768.0,0.0,0.0,0.897,0.815,0.804,-4.227,97.6,223973.0,0.159,0.212,0.0,0.0637,6vBMMa2erexusV4XrgXea9
limbo,daddy yankee,75.0,,2012-07-09,85.0,37817461.0,0.0,0.0,0.8051999999999999,0.8774000000000001,0.921,-3.8242000000000003,125.0078,224778.6,0.07708,0.08671999999999999,0.003016,0.06548000000000001,0S6JhgDleukTFLOMlIuiZI
lips are movin,meghan trainor,64.0,,2015-01-12,73.0,15744271.0,0.0,0.0,,,,,,,,,,,6gj08XDlv9Duc2fPOxUmVD
lips of an angel,hinder,75.0,,2005-01-01,61.0,2078962.0,0.0,0.0,0.476,0.736,0.251,-5.38,129.084,261853.0,0.0217,0.0343,1.08e-06,0.203,40LQiUUUKXVGyNs09lHVjW
listen before i go,billie eilish,75.0,,2019-03-29,90.0,118692183.0,0.0,0.0,,,,,,,,,,,0tMSssfxAL2oV8Vri0mFHE
lithium,evanescence,67.0,,2006-01-01,75.0,6158071.0,0.0,0.0,,,,,,,,,,,5YaLFRpqpUzgLLDcukNn0H
lithium,nirvana,73.0,,1991-09-26,81.0,23384088.0,0.0,0.0,0.678,0.656,0.485,-6.41,123.207,257053.0,0.00174,0.0381,0.0,0.0631,2sPUMVRLMSHWdqJHzmZaLC
lithium - 1992/live at reading,nirvana,42.0,,2009-01-01,81.0,23398010.0,0.0,0.0,,,,,,,,,,,3tSlBGMPBJinIGolr8KOv9
lithium - devonshire mix,nirvana,28.0,,1991-09-26,81.0,23384088.0,0.0,0.0,,,,,,,,,,,3BB5hLbsyYGg1k9G6wRyhu
lithium - live at the paramount,nirvana,26.0,,1991-09-26,81.0,23384088.0,0.0,0.0,,,,,,,,,,,2Eim9dmcVdtSHQe0UV50pV
lithium - smart sessions,nirvana,22.0,,1991-09-26,81.0,23398010.0,0.0,0.0,,,,,,,,,,,0PFyckkSXACXWJQaIqn16f
little bit,drake,71.0,,2009-06-30,95.0,103039388.0,0.0,0.0,,,,,,,,,,,524wvipGqxPKYWxkjf9y46
little christmas tree,michael jackson,1.0,,2009,85.0,37446069.0,0.0,0.0,0.468,0.457,0.372,-6.386,84.557,216946.0,0.698,0.0241,0.0,0.142,3u2jm2FZ4x5p8k3XypzKzv
little deuce coupe,the beach boys,29.0,,1990,,,0.0,0.0,0.663,0.564,0.978,-10.568,133.866,100480.0,0.225,0.0338,0.00129,0.235,161Q4l6VXpUwAg1TAp8T7t
little drummer boy,mary j. blige,0.0,,2023-11-07,,,0.0,1.0,0.511,0.417,0.199,-9.166,96.138,249133.0,0.732,0.067,0.000401,0.125,3AtWbLOivGkx6Ob1cikuGN
little freak,harry styles,71.0,,2022-05-20,80.0,34133561.0,0.0,0.0,,,,,,,,,,,3i058E8uxTsYqJ5NWZzqSj
little lies,fleetwood mac,67.0,,1988-11-21,83.0,13966197.0,0.0,0.0,,,,,,,,,,,08o75xMKmGrKny6GsXrNJW
little lies - 2018 remaster,fleetwood mac,3.0,,1991,83.0,13966197.0,0.0,0.0,0.643,0.655,0.878,-10.249,124.731,219800.0,0.217,0.0256,0.000272,0.0462,3ZxYrinBAicqq9aKHj89UP
little lion man,mumford & sons,68.0,,2010-01-01,73.0,6613930.0,0.0,0.0,0.517,0.492,0.455,-8.05,138.585,245173.0,0.0275,0.0272,3.19e-05,0.0873,2KrN3MCNztKcSleZgHEj83
little saint nick,the beach boys,0.0,,2000-10-31,,,0.0,0.0,0.551,0.424,0.925,-10.73,131.746,120226.0,0.637,0.0353,0.0,0.165,2ool4lj9DOLJpvdHMFMj4x
little saint nick - 1991 remix,the beach boys,1.0,,1964-11-09,,,0.0,0.0,0.602,0.553,0.971,-9.336,130.594,118840.0,0.108,0.0328,0.0,0.0512,00toEUNl6yPNBZdnIivdFk
little saint nick - spotify singles holiday,surfaces,0.0,,2021-11-17,61.0,983406.0,0.0,0.0,0.592,0.664,0.711,-5.709,144.076,117749.0,0.0126,0.0403,1.06e-05,0.321,01x0v6Dn1SYMNCskYWGuAa
little talks,of monsters and men,81.0,,2012-01-01,69.0,3615053.0,0.0,0.0,0.4515,0.7585,0.38149999999999995,-4.951,103.128,266466.5,0.018250000000000002,0.032049999999999995,0.0,0.23249999999999998,2ihCaVdNZmnHZWt0fvAM7B
little things,one direction,71.0,,2012-11-12,83.0,40270893.0,0.0,0.0,,,,,,,,,,,0TAmnCzOtqRfvA38DDLTjj
live and let die,guns n' roses,72.0,,1993-09,80.0,35196831.0,0.0,0.0,0.262,0.777,0.264,-8.671,152.5,182733.0,0.0109,0.0632,0.113,0.12,0rFWuqFgHAfuzE8uSB9TWR
live like we're dying,kris allen,49.0,,2009-10-15,37.0,161597.0,0.0,0.0,0.589,0.893,0.94,-2.948,92.011,212506.0,0.0273,0.0397,0.0,0.343,1HfxPaJggVwFsvOtHbVzMz
live like you were dying,tim mcgraw,66.0,,2004-08-17,69.0,5042529.0,0.0,0.0,,,,,,,,,,,7B1QliUMZv7gSTUGAfMRRD
live while we're young,one direction,73.0,,2012-09-28,83.0,40273571.0,0.0,0.0,,,,,,,,,,,3A0NjZwttWVJ2iBBL2jgy2
live your life - feat. rihanna,t.i.,2.0,,2008-09-08,75.0,5129280.0,0.0,0.0,,,,,,,,,,,16GHcGtW9Io7AuVdNmTjv3
livin' on a prayer,bon jovi,80.0,,1997,78.0,15810313.0,0.0,0.0,0.52825,0.88925,0.8122499999999999,-3.4405,122.49825,250292.75,0.0703,0.033725,0.000175,0.24,1tsk7uFjknRB3crWOHdfZQ
living in a dream,finger eleven,59.0,,2010-07-28,,,0.0,0.0,0.534,0.922,0.71,-2.305,98.022,184773.0,0.00216,0.0568,6.34e-05,0.257,2HaUEu0wAO5AOT0UB3i0LO
living in the moment,jason mraz,48.0,,2012-04-13,71.0,7312594.0,0.0,0.0,0.65,0.628,0.7,-7.16,84.141,235080.0,0.0483,0.0232,0.0,0.119,395XDt5vt8DKguJDjGtYLU
living legend,lana del rey,68.0,,2021-10-22,88.0,51821190.0,0.0,0.0,,,,,,,,,,,6pZ9Nj3vzj1RW4ZkR9GcQ9
lo vas a olvidar (with rosalía),billie eilish,61.0,,2021-01-21,90.0,118728633.0,0.0,0.0,,,,,,,,,,,0psS4i5YooJrXfDnGvWRLi
loba,shakira,69.0,,2009-09-02,85.0,39777995.0,0.0,1.0,,,,,,,,,,,30XvfCUPHSK2rzxmPlJGFf
loca por ti,shakira,22.0,,2014-03-21,85.0,39777995.0,0.0,1.0,,,,,,,,,,,4RTNfpgco68betLqDcEAyE
local god,panic! at the disco,0.0,,2022-08-05,76.0,12721192.0,0.0,0.0,0.379,0.849,0.584,-5.747,146.841,180797.0,3.44e-05,0.0747,0.00224,0.298,76LN6cEeRkx4UmrqyrEybS
location,khalid,77.0,,2017-04-27,82.0,16946293.0,0.0,0.0,,,,,,,,,,,152lZdxL1OR0ZMW6KquMif
locked away,r. city,80.0,,2015-10-09,63.0,226501.0,0.0,0.0,0.5085,0.674,0.5625,-5.7025,120.1705,227380.0,0.316,0.06670000000000001,0.0,0.04715,0sQLhT32E9ZG2zn5iYR6nN
locked out of heaven,bruno mars,88.0,,2012-12-05,90.0,75474551.0,0.0,0.0,0.726,0.698,0.867,-4.165,143.994,233478.0,0.049,0.0431,0.0,0.309,3w3y8KPTfNeOKPiqUTakBh
locked up,akon,63.0,,2006-01-01,82.0,6007512.0,0.0,0.0,,,,,,,,,,,0YUrjFy4qFKOO5NhM9tYdV
loft music,the weeknd,50.0,,2012-11-13,94.0,112995439.0,0.0,1.0,,,,,,,,,,,78aURwMzynDMan7DfSWwsI
logical,olivia rodrigo,70.0,,2023-09-08,85.0,49083617.0,0.0,0.0,,,,,,,,,,,53dtP2iUMvaF28JZcHnFuU
lolita,lana del rey,58.0,,2012-01-01,88.0,51773650.0,0.0,0.0,,,,,,,,,,,4MDpkzAyG2X0dmtOU0ZESX
loml,taylor swift,74.0,,2024-04-18,100.0,145396321.0,0.0,0.0,,,,,,,,,,,3YkNIrAvbKNrrwwEd7NVLl
london,james newton howard,49.0,,2006-12-19,62.0,412983.0,,,,,,,,,,,,,7hS3i9y9gi81OOFT1rCfSU
london boy,taylor swift,71.0,,2019-08-23,100.0,145396321.0,0.0,0.0,,,,,,,,,,,1LLXZFeAHK9R4xUramtUKw
london bridge,fergie,55.0,,2006-01-01,68.0,6156460.0,0.0,0.0,,,,,,,,,,,1GH5tpvz5g1ZGKNBPBWkTm
lonely,akon,81.0,,2005,81.0,6002343.0,0.0,0.0,0.62875,0.60175,0.5720000000000001,-6.366,90.06750000000001,235399.5,0.36,0.0339,0.0,0.28475,2NtlwRykLnclk7IGodmjmt
lonely (with benny blanco),justin bieber,70.0,,2020-10-16,91.0,85050158.0,0.0,0.0,,,,,,,,,,,3S8jK1mGzQi24ilFb45DAZ
lonely eyes,lauv,58.0,,2020-03-06,73.0,6816695.0,0.0,0.0,0.586,0.499,0.369,-7.005,95.012,196493.0,0.0418,0.0267,0.0,0.0994,5qhHm4dN4L2dhRb2TfzGPw
lonely st.,stray kids,66.0,,2022-03-26,,,0.0,0.0,0.686,0.825,0.603,-3.192,90.053,164853.0,0.248,0.0582,0.0,0.0761,2xo84jGkxFPrZmmBtS3Pkd
lonely star,the weeknd,51.0,,2012-11-13,93.0,112918137.0,0.0,1.0,,,,,,,,,,,4coENUbKuiuFb0C38uqFTi
lonely this christmas,kt tunstall,0.0,,2007-10-14,,,0.0,0.0,0.409,0.153,0.18,-10.74,85.262,257493.0,0.939,0.0306,2.56e-05,0.108,0adVktNVJXPZfhQe6B1NO5
lonely together,avicii,46.0,,2017-03-11,79.0,23434221.0,0.0,0.0,0.655,0.666,0.272,-5.309,102.977,181812.0,0.134,0.0612,2.12e-05,0.0683,2OALaHcDdKkjYEpAr0Qzab
long,jennifer lopez,20.0,1000.0,2020-04-07,74.0,13710072.0,0.0,1.0,0.53,0.39,,-2.35,106.61,304620.0,,,0.24,,TRK-037B75AC58DF
long drive,jason mraz,43.0,,2014-07-11,71.0,7312594.0,0.0,0.0,0.527,0.578,0.405,-8.65,148.134,230746.0,0.197,0.0327,3.34e-05,0.102,28WClWvliFajAplluwtX2J
long story short,taylor swift,62.0,,2020-12-11,100.0,145489371.0,0.0,0.0,,,,,,,,,,,2o2sgVJIgFXk8GQjWTgI6U
"long tall sally / whole lotta shakin' goin' on - live at the honolulu international center, hawaii january 14, 1973",elvis presley,23.0,,2012,,,0.0,0.0,0.561,0.793,0.891,-11.654,97.986,124653.0,0.63,0.0405,2.67e-05,0.745,6FlMYrisBkSY2PfFTajWvB
long time - intro,playboi carti,75.0,,2018-05-11,86.0,15026799.0,0.0,0.0,,,,,,,,,,,4IO2X2YoXoUMv0M2rwomLC
long way 2 go,cassie,80.0,,2006-08-07,66.0,1897453.0,0.0,0.0,,,,,,,,,,,4v5kAh2wWyCSuKuhMJK8u6
look add popular,michael jackson,44.0,1000.0,2020-06-17,85.0,37446069.0,0.0,0.0,0.06,0.48,,-41.59,72.61,109094.0,,,0.366,,TRK-043CFE26049D
look after you,the fray,82.0,,2005-09-13,73.0,4290197.0,0.0,0.0,0.447,0.592,0.283,-3.015,78.039,266773.0,0.0575,0.0319,4.47e-06,0.13,5l6hpyTGBK0LAAxgPnqTQL
look alive,blocboy jb,57.0,,2018-02-09,53.0,1434846.0,0.0,0.0,,,,,,,,,,,4qKcDkK6siZ7Jp1Jb4m0aL
look at me now,chris brown,72.0,,2011-03-22,87.0,28338976.0,0.0,0.0,,,,,,,,,,,3hsmbFKT5Cujb5GQjqEU39
look at me!,xxxtentacion,76.0,,2015-12-30,83.0,51719064.0,0.0,0.0,0.7536666666666667,0.6773333333333333,0.317,-6.429333333333333,139.061,130667.0,0.18506666666666668,0.3016666666666667,0.0,0.11606666666666667,1m5HcIPX2T3wSoiHWhgwpA
look back at it,a boogie wit da hoodie,76.0,,2018-12-21,77.0,8987309.0,0.0,0.0,,,,,,,,,,,3Ol2xnObFdKV9pmRD2t9x8
look for the good (single version),jason mraz,21.0,,2020-06-19,71.0,7312594.0,0.0,0.0,0.71,0.615,0.746,-8.23,90.263,239697.0,0.0384,0.133,0.0,0.283,3IORLAm07yxo4T7B8cRET3
look here,bts,63.0,,2014-08-20,,,0.0,0.0,0.863,0.854,0.784,-4.564,119.996,218887.0,0.0418,0.0893,0.00152,0.0551,0x4cMbCLC6L7aJQs3EiPaZ
look what you made me do,taylor swift,78.0,,2017-11-10,100.0,145443567.0,0.0,0.0,,,,,,,,,,,1P17dC1amhFzptugyAO7Il
look what you've done,zara larsson,53.0,,2021-02-22,77.0,10911229.0,0.0,0.0,0.747,0.79,0.615,-2.233,117.97,181354.0,0.172,0.0474,0.0,0.357,2Y9oTMNY5CPT4m9l6CgbgM
looking at me,sabrina carpenter,73.0,,2019-07-19,91.0,26559943.0,0.0,0.0,0.681,0.798,0.516,-4.367,105.99,181120.0,0.00398,0.0375,5.11e-06,0.0542,59tskctgqUmjCWAwhzYAFm
looking for a star,xxxtentacion,62.0,,2017-05-16,,,0.0,0.0,0.915,0.692,0.713,-7.544,118.981,137173.0,0.15,0.0857,0.00012,0.0964,1B3TX5FbmcVROMv2riOwyE
los pits,bad bunny,69.0,,2023-10-13,95.0,102536542.0,0.0,1.0,,,,,,,,,,,7ucEkWU0SVy0XFdfXESgfY
lose control,teddy swims,89.0,,2023-09-15,83.0,5670437.0,0.0,0.0,,,,,,,,,,,17phhZDn6oGtzMe56NuWvj
lose my mind,don toliver,83.0,,2025-04-30,85.0,7465428.0,0.0,0.0,,,,,,,,,,,02BcXEH1zJYbXSabPtNlKf
lose somebody,kygo,63.0,,2020-05-15,76.0,8669911.0,0.0,0.0,0.58,0.586,0.507,-6.883,147.988,199549.0,0.344,0.0357,0.0,0.0755,1sgDyuLooyvEML4oHspNza
lose you,sam smith,30.0,,2023-04-12,81.0,26278854.0,0.0,0.0,,,,,,,,,,,0nj10HgZ07ALWmo7NFbUrQ
lose you - live from the royal albert hall,sam smith,27.0,,2023-04-12,81.0,26275803.0,0.0,0.0,,,,,,,,,,,2Y3QGTKn5Nlxw5pYIYqKos
lose you to love me,selena gomez,77.0,,2019-10-23,81.0,53267200.0,0.0,0.0,0.516,0.342,0.0993,-8.985,102.819,206458.0,0.55,0.0425,0.0,0.21,1HfMVBKM75vxSfsQ5VefZ5
lose yourself,eminem,77.0,,2005-12-06,88.0,104539036.0,0.0,1.0,,,,,,,,,,,5Z01UMMf7V1o0MzF86s6WJ
loser,3 doors down,60.0,,2001,71.0,4908790.0,0.0,0.0,0.493,0.88,0.389,-6.424,147.913,264800.0,0.0108,0.0693,2.66e-05,0.226,1aC1IBAETh2XYGOE8kCC6t
loser,charlie puth,75.0,,2022-10-07,79.0,25301942.0,0.0,0.0,0.698,0.623,0.625,-7.845,102.002,204376.0,0.623,0.037,0.0856,0.179,1BCXUbnU0486n4eeTyyVIj
losers,post malone,70.0,,2024-08-15,85.0,47716988.0,0.0,0.0,,,,,,,,,,,0gucUyFMFRMlUiVn9US4YX
losers,the weeknd,58.0,,2015-08-28,93.0,112918137.0,0.0,1.0,,,,,,,,,,,1bAvtmTl0F9loyz9AwPwp7
lost,frank ocean,85.0,,2012-07-10,84.0,20293960.0,0.0,0.0,0.913,0.603,0.497,-4.892,123.061,234093.0,0.0272,0.226,0.000503,0.167,3GZD6HmiNUhxXYf8Gch723
lost,kris allen,45.0,,2014-08-12,37.0,161597.0,0.0,0.0,0.47,0.292,0.168,-9.899,66.109,198386.0,0.904,0.0284,0.000104,0.0889,3nBmy2hAqIDmMOD0VZGB7I
lost,linkin park,69.0,,2023-02-10,88.0,31785695.0,0.0,0.0,,,,,,,,,,,373gDROnujxNTFa1FojYIl
lost cause,billie eilish,73.0,,2021-06-17,90.0,118692183.0,0.0,0.0,0.5985,0.335,0.52,-8.4925,75.0085,212496.0,0.7035,0.246,0.007665,0.05815,4191RXFPa7Ge9XkA4cWlna
lost in japan,shawn mendes,70.0,,2018-05-25,81.0,45700057.0,0.0,0.0,,,,,,,,,,,6WBTeFDEfAJbaSUUc1V1xQ
lost in the echo,linkin park,67.0,,2012-06-20,88.0,31785695.0,0.0,0.0,0.546,0.98,0.478,-3.02,120.037,205120.0,0.0154,0.0619,0.0,0.31,2oNYsdCasRRlz1shXFAz7D
lost in the wild,walk the moon,67.0,,2017-11-10,,,0.0,0.0,0.483,0.77,0.386,-4.829,132.992,235960.0,0.007,0.0512,0.0,0.182,0M1A9wInEHilyWkh4I8tWo
lost in your light,dua lipa,55.0,,2017-06-02,85.0,46891061.0,0.0,0.0,,,,,,,,,,,2OWKDTonST8HNko3dBlPPp
lost stars,adam levine,56.0,,2015-05-18,71.0,1063656.0,0.0,0.0,,,,,,,,,,,1ejtHfSXQwvaAU7F82FXww
louder than bombs,bts,71.0,,2023-06-20,,,0.0,0.0,0.643,0.667,0.478,-6.947,145.999,217404.0,0.0432,0.151,0.0,0.0904,4Aw8n6r2vuU0KUo1a2nftp
lounge act,nirvana,59.0,,1991-09-26,81.0,23384088.0,0.0,0.0,0.341,0.964,0.459,-5.327,152.192,156426.0,1.26e-05,0.107,0.000103,0.151,1o5jmMhhk2UZ9YP1X5fXfj
lounge act - boombox rehearsals,nirvana,19.0,,1991-09-26,81.0,23398010.0,0.0,0.0,,,,,,,,,,,2WlcuHhc2XMNbYHItEDsO8
lounge act - devonshire mix,nirvana,28.0,,1991-09-26,81.0,23398010.0,0.0,0.0,,,,,,,,,,,1E6DYXSxV2mleC4nh4XnKT
love,keyshia cole,76.0,,2006,,,0.0,0.0,0.688,0.519,0.318,-4.285,116.714,255333.0,0.064,0.0283,0.0,0.1,0W4NhJhcqKCqEP2GIpDCDq
love,lana del rey,67.0,,2017-07-21,88.0,51847587.0,0.0,0.0,,,,,,,,,,,2Kerz9H9IejzeIpjhDJoYG
love & war,kodak black,3.0,,2021-12-14,79.0,12474509.0,0.0,0.0,0.762,0.649,0.501,-5.624,145.09,239146.0,0.58,0.0527,1.7e-05,0.0971,2z718tUE8RwkPlJ3Oc2RcW
love again,dua lipa,57.0,,2020-03-27,85.0,46886554.0,0.0,0.0,,,,,,,,,,,1imMjt1YGNebtrtTAprKV7
love again,the kid laroi,63.0,,2023-01-27,79.0,6596750.0,0.0,0.0,,,,,,,,,,,4sx6NRwL6Ol3V6m9exwGlQ
love buzz,nirvana,65.0,,1993,81.0,23384088.0,0.0,0.0,0.479,0.865,0.77,-8.281,137.902,215203.0,3.1e-05,0.0339,0.228,0.182,5muVpPu8Fj9fXfDbbqDdrZ
love buzz - live at the paramount,nirvana,24.0,,1991-09-26,81.0,23384088.0,0.0,0.0,,,,,,,,,,,0t33Xoj1h7UBmr3GvrcMQb
love don't cost a thing,jennifer lopez,66.0,,2001-01-23,74.0,13708054.0,0.0,1.0,,,,,,,,,,,1fgvJXlcZ7uIddMpqsqw0L
love don't die,the fray,56.0,,2014,73.0,4290585.0,0.0,0.0,0.632,0.805,0.275,-4.488,115.489,183093.0,0.0095,0.0303,0.0,0.197,6IDDwI0YOCAUDhMZltQekS
love drought,beyoncé,66.0,,2016-04-23,84.0,41176723.0,0.0,0.0,,,,,,,,,,,2RQAG0wQt35UzAPEyVJFWN
love drunk,boys like girls,65.0,,2009-09-07,,,0.0,0.0,0.44,0.976,0.412,-3.17,150.005,226706.0,0.00177,0.141,3.39e-06,0.16,20X9OeC606XNwEtDBOym5u
love game,eminem,34.0,,2013-11-05,88.0,104517308.0,0.0,1.0,,,,,,,,,,,2d4XbSU0hLH8Fn5v3OLCD7
love hurts,playboi carti,65.0,,2018-05-11,86.0,15026799.0,0.0,0.0,,,,,,,,,,,3K6U7TamNyVSWcFH8pCQHX
love in the dark,adele,80.0,,2015-11-20,83.0,66734917.0,0.0,0.0,0.331,0.341,0.152,-6.057,109.821,285935.0,0.528,0.0309,0.0,0.109,0DuWDLjriRPjDRoPgaCslY
love is a game,adele,61.0,,2023-10-12,83.0,66705650.0,0.0,0.0,0.269,0.591,0.228,-5.79,183.793,403044.0,0.453,0.0416,0.000695,0.0702,2j3GxEsbNYNeEzz86wDY4J
love is a long road,tom petty,66.0,,1989-01-01,68.0,2969744.0,0.0,0.0,,,,,,,,,,,4PJEK76V3A1S0XzZJuTWh7
love is a losing game,amy winehouse,68.0,,2007-06-26,75.0,9747371.0,0.0,0.0,0.484,0.293,0.562,-16.544,165.008,155413.0,0.337,0.0311,0.00627,0.146,3uliGwmB52ZA7brgpZMzyH
love is embarrassing,olivia rodrigo,73.0,,2023-09-08,85.0,49083617.0,0.0,0.0,,,,,,,,,,,26QLJMK8G0M06sk7h7Fkse
love language,ariana grande,59.0,,2020-10-30,90.0,107374593.0,0.0,0.0,,,,,,,,,,,6NYtLvyThMT0oALFdJFdzq
love lies,khalid,73.0,,2018-02-14,82.0,16943442.0,0.0,0.0,,,,,,,,,,,45Egmo7icyopuzJN0oMEdk
love life,stephen sanchez,53.0,,2021-10-15,71.0,1873452.0,0.0,0.0,0.557,0.483,0.387,-6.46,135.064,218533.0,0.658,0.0265,0.0,0.165,3E3SMSm6FMRA9gkpaFRFrC
love like that,lauv,65.0,,2019-12-20,73.0,6816695.0,0.0,0.0,0.679,0.481,0.486,-9.045,80.011,184556.0,0.208,0.0593,1.02e-05,0.284,23tJmuwvUOa2kTsOlNMWCS
love lockdown,kanye west,64.0,,2008-11-24,89.0,31038851.0,0.0,0.0,,,,,,,,,,,1kxeWHF9PrCVZHvVskv8lg
love maze,bts,71.0,,2018-05-18,,,0.0,0.0,0.637,0.876,0.759,-4.652,149.93,221529.0,0.0483,0.0618,0.0,0.0728,4ROdFnoZNn2RTmwct0cVpx
love me,elvis presley,55.0,,1994,,,0.0,0.0,0.505,0.11,0.167,-12.936,72.115,163786.0,0.952,0.0317,0.0,0.125,2DQ5r0crvortwaNRYcninK
love me,katy perry,45.0,,2013-10-18,83.0,38400585.0,0.0,0.0,,,,,,,,,,,2BSFAQuiYKu4VcMjovRgRQ
love me,lil wayne,85.0,,2013-01-01,86.0,17938214.0,0.0,0.0,,,,,,,,,,,2XHzzp1j4IfTNp1FTn7YFg
love me do,the beatles,68.0,,2017,82.0,30721676.0,0.0,0.0,0.52,0.829,0.744,-6.228,147.997,141693.0,0.386,0.0806,6.2e-05,0.227,3VbGCXWRiouAq8VyMYN2MI
love me do - mono / remastered,the beatles,56.0,,2017,82.0,30721676.0,0.0,0.0,0.524,0.88,0.758,-3.865,148.058,140173.0,0.404,0.0987,0.000191,0.154,4aX3n1Pn6jiCbvqBL8eqyP
love me harder,ariana grande,83.0,,2014-08-22,90.0,107389514.0,0.0,0.0,0.472,0.714,0.24,-4.389,98.992,236133.0,0.00937,0.0334,0.0,0.0764,37NfmgIw3hLatdtt7c8PNm
love me land,zara larsson,56.0,,2020-07-10,77.0,10911229.0,0.0,0.0,0.4465,0.469,0.2525,-7.214,162.107,160063.0,0.09085,0.0497,1.7515e-05,0.147,3J6bLodhUHgNyzEZLgcieN
love me like you do,ellie goulding,39.0,,2018-02-09,78.0,13212719.0,0.0,0.0,0.287,0.597,0.31,-6.641,189.788,253520.0,0.273,0.0419,0.0,0.105,2hXmeIZ385rV0HZk4Pnwzs
"love me like you do - from ""fifty shades of grey""",ellie goulding,77.0,,2018-02-09,78.0,13212719.0,0.0,0.0,0.268,0.634,0.26566666666666666,-5.991333333333333,189.431,253030.66666666666,0.24766666666666667,0.05013333333333333,0.0,0.12233333333333334,3zHq9ouUJQFQRf3cm1rRLu
"love me like you do - from fifty shades of grey""""",ellie goulding,58.0,,2015-01-07,78.0,13212719.0,0.0,0.0,,,,,,,,,,,1ip2IGDWMrUmlaepEbWlL8
love me more,sam smith,29.0,,2020-12-01,81.0,26278854.0,0.0,0.0,0.791,0.439,0.559,-5.62,85.004,190658.0,0.302,0.0645,1.85e-05,0.126,4drTfZwGTDNrbg3dQ17d0w
love me not,ravyn lenae,89.0,,2024-05-03,76.0,844558.0,0.0,0.0,,,,,,,,,,,1UNEuG9DYOWiikf00ayr52
love me now,john legend,65.0,,2018-03-16,73.0,8072466.0,0.0,0.0,0.495,0.762,0.708,-3.842,123.893,210293.0,0.591,0.0862,0.0,0.0763,6nxQdXa1uAL0rY72wPZu89
love me tender,elvis presley,59.0,,2004,,,0.0,0.0,0.4465,0.0529,0.3145,-16.253,110.7415,162066.0,0.88,0.039,0.0,0.106,1YPxUP9zcrvDQpX3ZCjKan
"love me tender - from the 20th century-fox cinemascope production, ""love me tender""",elvis presley,51.0,,2003,,,0.0,0.0,0.396,0.0373,0.302,-18.642,103.051,161360.0,0.907,0.0416,4.41e-05,0.111,4GAhAw0RCzNVP976NRMOqO
love money party,miley cyrus,42.0,,2013-10-04,81.0,26564677.0,0.0,0.0,,,,,,,,,,,1pzSeZfdQODtB9xmkH0Q91
love my baby,wizkid,40.0,,2011-07-01,79.0,9449714.0,0.0,0.0,0.757,0.833,0.7,-5.368,121.067,246828.0,0.314,0.173,0.0,0.413,7xdHQUxVj0aOAvUOGLCYj3
love myself,hailee steinfeld,68.0,,2016-02-26,66.0,8862787.0,0.0,0.0,,,,,,,,,,,36phXHOKx8rO7CMp2vNX4x
love never felt so good,michael jackson,75.0,,2014-05-02,85.0,37446069.0,0.0,0.0,0.634,0.87,0.514,-5.277,116.967,235400.0,0.083,0.0362,0.0,0.18,0S5EEpFAHcT7cm5XOASc29
love nwantiti (ah ah ah),ckay,75.0,,2019-08-30,66.0,1686077.0,0.0,0.0,,,,,,,,,,,2Xr1dTzJee307rmrkt8c0g
love of my life,harry styles,68.0,,2022-05-20,80.0,34133561.0,0.0,0.0,,,,,,,,,,,1mw0RgNXIpYRyyCdBQbLgA
love on the brain,rihanna,85.0,,2016-01-28,90.0,69030894.0,0.0,1.0,,,,,,,,,,,5oO3drDxtziYU2H1X23ZIp
love on the weekend,john mayer,66.0,,2019-07-30,,,0.0,0.0,0.7235,0.5645,0.41400000000000003,-8.5945,119.956,212473.0,0.585,0.028650000000000002,0.0017755000000000002,0.06315,0j2WBxWZnWti5TpSxjJvPb
love runs out,onerepublic,65.0,,2014-10-27,,,0.0,0.0,0.717,0.933,0.74,-3.7725,120.02350000000001,224539.5,0.169,0.0577,0.0,0.0865,3cOO5IQtOYs7huq4Z6lYfr
love somebody,lauv,66.0,,2020-06-24,73.0,6816695.0,0.0,0.0,0.465,0.468,0.373,-7.799,83.366,142773.0,0.262,0.134,0.0,0.0639,7LEMGMfmJDd1iLsGD9eV5l
love somebody,maroon 5,63.0,,2012-01-01,85.0,45771951.0,0.0,1.0,,,,,,,,,,,0HnaqUxvHP5LaWdmWwJpiS
love someone,jason mraz,59.0,,2014-11-04,71.0,7312594.0,0.0,0.0,0.582,0.347,0.0797,-14.769,97.957,257173.0,0.317,0.0305,0.00678,0.111,4Bo6FwC7Oe9zywSZc6q7hO
love someone,lukas graham,60.0,,2018-09-07,69.0,2948318.0,0.0,0.0,,,,,,,,,,,2JqnpexlO9dmvjUMCaLCLJ
love song,justin bieber,75.0,,2025-09-05,91.0,85008100.0,0.0,0.0,,,,,,,,,,,1mEQbSq0PCNjyL6oMgHKFQ
love song,sara bareilles,72.0,,2008,61.0,1987190.0,0.0,0.0,0.583,0.786,0.573,-3.142,123.055,258826.0,0.0208,0.0301,0.0,0.188,4E6cwWJWZw2zWf7VFbH7wf
love story,taylor swift,75.0,,2015-12-20,100.0,145489371.0,0.0,0.0,0.617,0.741,0.306,-3.97,118.984,236266.0,0.131,0.0311,0.0,0.0772,1D4PL9B8gOg78jiHg3FvBb
love story (taylor’s version),taylor swift,75.0,,2021-04-09,100.0,145396321.0,0.0,0.0,,,,,,,,,,,6YvqWjhGD8mB5QXcbcUKtx
love the haters,olivia rodrigo,26.0,,2016-10-07,84.0,49050008.0,0.0,0.0,,,,,,,,,,,1glFzU55j6ji6xYEMlvEUx
love the way you lie,eminem,85.0,,2010-06-18,88.0,104539036.0,0.0,1.0,0.749,0.925,0.641,-5.034,86.989,263373.0,0.241,0.227,0.0,0.52,15JINEqzVMv3SvJTAXAKED
love the way you lie (part ii) - pt. 2,rihanna,50.0,,2010-01-01,90.0,69030894.0,0.0,1.0,,,,,,,,,,,4p2newrzzjPdXIENDqlCCW
love the way you lie - part iii (original demo),skylar grey,48.0,,2013-10-15,65.0,672618.0,0.0,0.0,0.6014999999999999,0.2405,0.257,-11.719999999999999,82.9985,249646.5,0.906,0.033549999999999996,0.0,0.07120000000000001,1iBBkRHjW8zY4foZ42hOAa
love to dream,doja cat,58.0,,2021-06-25,86.0,34735147.0,0.0,0.0,,,,,,,,,,,6Q9IUoBTNLHgBib1FSFGbj
love to lay,the weeknd,58.0,,2016-11-25,94.0,112995439.0,0.0,1.0,,,,,,,,,,,27BgDmciSjoxTG0almHTpZ
love u,marshmello,41.0,,2017-08-04,80.0,34476607.0,0.0,0.0,0.532,0.954,0.77,0.605,141.963,207887.0,0.0953,0.0393,0.00828,0.294,4Y96sBPDQARk39recOzBo9
love under pressure,james blunt,0.0,,2023-08-11,70.0,3298298.0,0.0,0.0,0.613,0.754,0.703,-6.051,110.017,165033.0,0.00612,0.0348,0.0,0.129,3Tcp4rL3dml7pck2RnWsPf
love will keep us alive,eagles,66.0,,1994-11-08,75.0,12152190.0,0.0,0.0,0.658,0.374,0.367,-11.684,98.892,243453.0,0.721,0.026,1.28e-05,0.112,7bJSiwLFnhoO7g83bWkCtA
love you different,justin bieber,57.0,,2021-03-19,91.0,85034636.0,0.0,0.0,,,,,,,,,,,27UcQ6dAvQrgH9C880rCM3
love you like a love song,selena gomez & the scene,82.0,,2011-01-01,67.0,10381965.0,0.0,0.0,0.858,0.678,0.922,-3.87,117.009,188453.0,0.0761,0.0469,0.0,0.0741,0laYHRpNTS6i8FXdupHkJ4
love you to,the beatles,52.0,,2021-08-27,82.0,30721676.0,0.0,0.0,0.391,0.593,0.707,-8.999,123.986,179826.0,0.7,0.0413,0.000249,0.0829,4RdJFhfLQcezwN5LsXl4qP
love yourself,justin bieber,85.0,,2015-11-13,91.0,85034636.0,0.0,0.0,0.609,0.378,0.515,-9.828,100.418,233720.0,0.835,0.438,0.0,0.28,1f8zcJPvJKvxAOjEqM0pyc
love yourself (interlude),xxxtentacion,58.0,,2022,,,0.0,0.0,0.746,0.338,0.469,-13.472,120.053,48422.0,0.674,0.109,0.000375,0.529,1Znlc3UZAbSodFaMBjdpsX
love. feat. zacari.,kendrick lamar,82.0,,2017-04-14,89.0,44606446.0,0.0,1.0,,,,,,,,,,,6PGoSes0D9eUDeeAafB2As
love/hate letter to alcohol (with fleet foxes),post malone,52.0,,2022-06-03,86.0,47722935.0,0.0,0.0,,,,,,,,,,,6R9c642Hs3tOdLowjYaWt2
loved by you,justin bieber,64.0,,2021-03-19,91.0,85008100.0,0.0,0.0,,,,,,,,,,,2tB9OFgAHjAds3cqquLlvp
lovedrug,lady gaga,60.0,,2025-09-01,88.0,42237551.0,0.0,1.0,,,,,,,,,,,2Xunjp5lfCjPJKuiWEVA5O
loveeeeeee song,rihanna,77.0,,2012-12-11,90.0,69030894.0,0.0,1.0,,,,,,,,,,,5Mk1tgVrSuoWWwPVFNS0jB
lovegame,lady gaga,54.0,,2009-11-05,88.0,42237551.0,0.0,1.0,,,,,,,,,,,5iHDEI2GIsx3YEa9OXPtRJ
lovely (with khalid),billie eilish,87.0,,2026-05-01,90.0,118692183.0,0.0,0.0,0.351,0.296,0.12,-10.109,115.284,200185.0,0.934,0.0333,0.0,0.095,0u2P5u6lvoDfwTYjAADbn4
lover,taylor swift,84.0,,2020-05-18,100.0,145489371.0,0.0,0.0,0.359,0.543,0.453,-7.582,68.5195,221306.0,0.492,0.0917,1.575e-05,0.118,1dGr1c8CrMLDpV6mPbImSI
lovesong,adele,65.0,,2011-01-24,83.0,66720643.0,0.0,0.0,0.689,0.369,0.361,-9.407,116.885,316240.0,0.693,0.0278,0.00236,0.111,2PPN1HFpVotjq7oJIqQbnx
lovin on me,jack harlow,77.0,,2023-11-10,75.0,4349241.0,0.0,0.0,,,,,,,,,,,4xhsWYTOGcal8zt0J161CU
lovin' so hard,becky g,46.0,,2015-04-07,74.0,16646605.0,0.0,0.0,0.603,0.828,0.551,-5.664,77.5,221453.0,0.0616,0.0505,3.26e-05,0.138,5EnCFISDzoIMWMaicJxxX9
lovumba,daddy yankee,0.0,,2011-10-04,85.0,37817461.0,0.0,0.0,0.73,0.939,0.939,-4.665,121.001,218520.0,0.0347,0.0532,0.0,0.335,0tNLlw94DIrCECnp0dSUUz
low,flo rida,83.0,,2008-03-17,79.0,8971415.0,0.0,0.0,,,,,,,,,,,0CAfXk7DXMnon4gLudAp7J
low down,lil baby,70.0,,2020-05-01,84.0,21644763.0,0.0,0.0,,,,,,,,,,,5m0yZ33oOy0yYBtdTXuxQe
low life,future,82.0,,2016-04-13,88.0,22675640.0,0.0,0.0,,,,,,,,,,,7EiZI6JVHllARrX9PUvAdX
loyal,chris brown,79.0,,2014-09-16,87.0,28327351.0,0.0,0.0,,,,,,,,,,,5BrTUo0xP1wKXLJWUaGFtk
lubbock,koe wetzel,42.0,,2020-11-20,,,0.0,0.0,0.562,0.948,0.94,-3.89,106.021,179704.0,0.0323,0.0359,0.0,0.369,1YKTp5PVGuOSivCw5x3IQM
lucid dreams,juice wrld,82.0,,2018-12-10,85.0,42551578.0,0.0,0.0,,,,,,,,,,,285pBltuF7vW8TeWk8hdRR
lucky ones,lana del rey,53.0,,2012-01-01,88.0,51821190.0,0.0,0.0,,,,,,,,,,,24h1notzzKOcLZSdRYa7yn
lucy in the sky with diamonds,the beatles,68.0,,1994,82.0,30721676.0,0.0,0.0,0.311,0.325,0.668,-9.042,65.09,208466.0,0.0469,0.0283,0.0,0.139,25yQPHgC35WNnnOUqFhgVR
lullaby,nickelback,64.0,,2011-11-21,78.0,7846032.0,0.0,0.0,0.508,0.832,0.404,-4.395,136.004,228106.0,0.000372,0.032,0.0,0.0859,2vBiZ7nBe0OqTZKWGP0s4K
lunch,billie eilish,81.0,,2024-05-17,90.0,118692183.0,0.0,0.0,,,,,,,,,,,629DixmZGHc7ILtEntuiWE
lush life,zara larsson,82.0,,2015-06-09,78.0,10914235.0,0.0,0.0,0.694,0.712,0.799,-3.923,98.023,201122.0,0.132,0.046,0.0,0.211,0r4SsYcwvd8URat6AS2m6f
lush life - retro version,zara larsson,52.0,,2015-06-01,77.0,10911229.0,0.0,0.0,0.842,0.504,0.726,-7.028,98.05,193853.0,0.105,0.0603,0.0,0.114,4O5ygqTjiXLWo9HASGsk8E
lust for life (with the weeknd),lana del rey,71.0,,2017-07-21,88.0,51773650.0,0.0,0.0,,,,,,,,,,,0mt02gJ425Xjm7c3jYkOBn
luther (with sza),kendrick lamar,84.0,,2024-11-21,89.0,44606446.0,0.0,1.0,,,,,,,,,,,2CGNAOSuO1MEFCbBRgUzjd
lying from you,linkin park,66.0,,2003-03-25,88.0,31785695.0,0.0,0.0,0.535,0.951,0.723,-3.324,160.102,175373.0,0.00777,0.18,0.0,0.0669,4qVR3CF8FuFvHN4L6vXlB1
lying from you - live lp underground tour 2003,linkin park,48.0,,2003-11-18,88.0,31785695.0,0.0,0.0,0.396,0.974,0.65,-3.708,160.057,184493.0,0.00853,0.142,0.0,0.968,2iRSl0OHGu6dszXk7qTQnt
l’amour de ma vie,billie eilish,79.0,,2024-05-17,90.0,118692183.0,0.0,0.0,,,,,,,,,,,6fPan2saHdFaIHuTSatORv
m-e-x-i-c-o,post malone,57.0,,2024-08-15,85.0,47716988.0,0.0,0.0,,,,,,,,,,,3It5ZyIlvFxgrxAkiQLGBR
m3tamorphosis,playboi carti,59.0,,2020-12-25,86.0,15021860.0,0.0,0.0,,,,,,,,,,,7zLMYtNJcabv4h4wBnjNQI
machine,rob thomas,39.0,,2025-09-01,62.0,973349.0,0.0,0.0,,,,,,,,,,,0XXxTyNb3Q0DPxpf0kQi8P
machine gun funk - 2006 remaster,the notorious b.i.g.,62.0,,1994,75.0,12762931.0,0.0,0.0,0.841,0.738,0.305,-5.325,93.725,255893.0,0.102,0.3,0.0235,0.0901,2bXI4Rbw1D7aVeHWLjn1Lb
mad hatter,melanie martinez,69.0,,2015-08-14,75.0,22219090.0,0.0,0.0,,,,,,,,,,,5gWtkdgdyt5bZt9i6n3Kqd
mad woman,taylor swift,61.0,,2020-08-18,100.0,145443567.0,0.0,0.0,,,,,,,,,,,0RP1kqoSPkVXsKiQNhMKzV
made for me,muni long,69.0,,2023-09-15,65.0,972319.0,0.0,0.0,,,,,,,,,,,0WIv5qV41y6YjjB9V1biuC
made for you,jake owen,70.0,,2018-04-06,,,0.0,0.0,0.581,0.441,0.337,-6.829,82.125,238400.0,0.77,0.0268,2.75e-05,0.111,7vF3xkCMvZjAe2nTWY0uQZ
made you look,meghan trainor,73.0,,2022-10-21,74.0,15743681.0,0.0,0.0,,,,,,,,,,,0QHEIqNKsMoOY5urbzN48u
mafia,travis scott,72.0,,2021-11-04,89.0,41107596.0,0.0,1.0,0.855,0.492,0.385,-7.578,109.975,240000.0,0.0775,0.0483,6.71e-06,0.111,08F16baYbciTva9P4BvpiI
magazine trip,david cook,53.0,2000.0,2023-04-06,,,0.0,0.0,0.23,0.65,,-40.85,105.64,280863.0,,,0.291,,TRK-50E17E305375
magenta riddim,dj snake,63.0,,2018-03-08,,,0.0,0.0,0.602,0.892,0.57,-3.66,102.047,194490.0,0.000393,0.0672,0.813,0.304,3dsyqPDiWYYilRZNBxgxHE
maggie mae,the beatles,50.0,,1999,82.0,30721676.0,0.0,0.0,0.516,0.515,0.524,-12.035,169.039,40040.0,0.379,0.215,0.0,0.103,2VsX1BoWSGiuVXGiFSUr6h
magic,b.o.b,64.0,,2010-04-27,74.0,2266913.0,0.0,0.0,,,,,,,,,,,5uHYcK0nbEYgRaFTY5BqnP
magic,coldplay,70.0,,2014-05-16,88.0,60818952.0,0.0,0.0,,,,,,,,,,,23khhseCLQqVMCIT1WMAns
magic don juan (princess diana),future,58.0,,2024-03-22,88.0,22688560.0,0.0,0.0,,,,,,,,,,,7pBcryEKcUEaWHwAu1wUyP
magic shop,bts,72.0,,2018-05-18,85.0,81181104.0,0.0,0.0,0.531,0.661,0.278,-5.836,149.934,275695.0,0.103,0.0907,0.0,0.0779,37nOpaUof3d4Xsmr6moAiI
magnet,cardi b,71.0,,2025-09-19,81.0,25957976.0,0.0,0.0,,,,,,,,,,,7dHblXsJTRemgyIvFNJE7t
magnolia,playboi carti,77.0,,2017-04-14,86.0,15026799.0,0.0,0.0,,,,,,,,,,,1e1JKLEDKP7hEQzJfNAgPl
make it clap,busta rhymes,45.0,,2002-11-26,70.0,3165404.0,0.0,0.0,,,,,,,,,,,6NM525U7IB4Zhpn8d921uX
make it rain,fat joe,59.0,,2006-11-14,66.0,2133926.0,0.0,0.0,,,,,,,,,,,4JPCdSaqs9dJd7RatFSHww
make it right,bts,70.0,,2023-06-20,,,0.0,0.0,0.639,0.706,0.259,-7.874,105.782,226321.0,0.0104,0.448,0.0,0.132,30YLyzfEjMQsXj4ZFslAmT
make it to christmas,alessia cara,0.0,,2019-11-08,72.0,12274759.0,0.0,0.0,0.535,0.522,0.305,-7.87,77.054,211013.0,0.131,0.0363,0.0,0.438,0K0r2B73pzyGwKLUONLp11
make no sense,youngboy never broke again,80.0,,2019-10-11,84.0,14936207.0,0.0,0.0,,,,,,,,,,,6klLvorLoo1sxvZcjJIY8I
make up,ariana grande,61.0,,2019-02-08,90.0,107389514.0,0.0,0.0,,,,,,,,,,,27356GVuMPFWiJSZCragoM
make you feel good,fetty wap,44.0,,2016-08-26,70.0,5124204.0,0.0,0.0,0.658,0.626,0.738,-6.069,158.147,141173.0,0.602,0.328,2.46e-06,0.682,3eDk8vNTpDnoso8D2qmYFi
make you feel my love,adele,77.0,,2011-04-28,83.0,66734917.0,0.0,0.0,0.317,0.172,0.0963,-10.636,65.18,212040.0,0.907,0.0326,0.000383,0.105,273QnyCvJB65rScHJ1nPZb
make you miss me,sam hunt,38.0,,2014-10-27,65.0,2473717.0,0.0,0.0,,,,,,,,,,,6BTuZCNIdEE177PzcS9rOH
makes me want you,sombr,71.0,,2024-11-15,85.0,2795852.0,0.0,0.0,,,,,,,,,,,0CRvTAUyG3WOb3DIelsJ12
making the bed,olivia rodrigo,78.0,,2023-09-08,85.0,49067177.0,0.0,0.0,,,,,,,,,,,1rAyX7YPAd2VEo0DK9ou3y
mala mía,maluma,66.0,,2018-08-10,83.0,38568546.0,0.0,0.0,0.749,0.752,0.901,-4.883,180.049,183752.0,0.31,0.345,0.0,0.232,62o8KoI44JfN7aYxgTnPvh
mala santa,becky g,65.0,,2019-10-11,74.0,16646605.0,0.0,0.0,0.851,0.701,0.527,-3.649,98.039,173826.0,0.311,0.0396,0.000211,0.163,5e50NiIlOc2YJIftHzoehd
male fantasy,billie eilish,72.0,,2022-10-01,90.0,118692183.0,0.0,0.0,0.687,0.288,0.308,-10.415,110.927,194886.0,0.863,0.045,0.0,0.0986,4ak9GGe6afmi2HbxEjvhIC
malibu,miley cyrus,70.0,,2017-09-29,81.0,26561582.0,0.0,0.0,,,,,,,,,,,1UZOjK1BwmwWU14Erba9CZ
mama,my chemical romance,69.0,,2011-07-18,78.0,10298850.0,0.0,0.0,0.236,0.799,0.303,-5.167,208.951,279026.0,0.0136,0.0939,0.0,0.0948,0Zh3tKIphLOvQux4dA6PFZ
mama said,metallica,60.0,,1997,81.0,32161423.0,0.0,0.0,0.448,0.504,0.391,-7.749,135.254,319693.0,0.0171,0.0317,0.000849,0.38,3dWNUqrgkQakv9fj5epwPK
mamacita,black eyed peas,61.0,,2020-04-10,81.0,9559647.0,0.0,0.0,,,,,,,,,,,14wf185UxfNbSy8dwt4r4q
mamiii,becky g,69.0,,2022-11-30,74.0,16646605.0,0.0,0.0,0.843,0.7,0.899,-3.563,93.991,226088.0,0.0934,0.0803,0.0,0.14,1ri9ZUkBJVFUdgwzCnfcYs
mamushi,megan thee stallion,72.0,,2024-06-28,76.0,10892928.0,0.0,0.0,,,,,,,,,,,5b3XJ1pjrHO5JtY2PcTjnI
man down,rihanna,57.0,,2010-01-01,90.0,68997177.0,0.0,1.0,,,,,,,,,,,0GLfodYacy3BJE7AI3A8en
man i am,sam smith,45.0,,2023-07-21,81.0,26278854.0,0.0,0.0,,,,,,,,,,,28NzgzNmoHRsFKihGxpmmV
man in the mirror,michael jackson,69.0,,1995-06-16,84.0,37431031.0,0.0,0.0,,,,,,,,,,,2u2udGmop1z67EPpr91km7
man in the mirror - 2012 remaster,michael jackson,70.0,,1987-08-31,85.0,37446069.0,0.0,0.0,0.808,0.812,0.269,-5.012,100.331,318680.0,0.52,0.0381,7.91e-05,0.134,1kiNatIrwDusOZfR29W0LJ
man of the year,lorde,36.0,,2025-05-29,80.0,10539134.0,0.0,0.0,,,,,,,,,,,1hoeP1oPYlhcv6iRCtB7pT
manchild,sabrina carpenter,88.0,,2025-06-05,91.0,26559943.0,0.0,0.0,,,,,,,,,,,2BwO5K8Q7EPAJSGze3AAh9
maneater,nelly furtado,84.0,,2006-01-01,77.0,4727543.0,0.0,0.0,0.7985000000000001,0.7303333333333333,0.6811666666666666,-5.153333333333333,132.75616666666667,264337.1666666667,0.022183333333333333,0.048949999999999994,0.0003438333333333333,0.29933333333333334,0GvNXbidC6YKMSOdIWYImL
maneater - radio version,nelly furtado,54.0,,2006-01-01,77.0,4725236.0,0.0,0.0,,,,,,,,,,,1c3mgJu23QqajyOV7isUXc
maniac,stray kids,80.0,,2022-03-17,,,0.0,0.0,0.581,0.8,0.709,-2.613,119.872,182757.0,0.154,0.411,0.0,0.0697,63irPUP3xB74fHdw1Aw9zR
maps,maroon 5,84.0,,2014-09-02,85.0,45764832.0,0.0,1.0,,,,,,,,,,,4gbVRS8gloEluzf0GzDOFc
maradona - lofi remix,the chainsmokers,0.0,,2022-05-13,80.0,21360805.0,0.0,0.0,0.692,0.369,0.166,-9.061,77.512,128552.0,0.931,0.0988,0.000778,0.105,4S4k4hzFHBuTFDQ1NxcHM3
march 14,drake,52.0,,2018-06-29,95.0,103067383.0,0.0,0.0,,,,,,,,,,,09lmraDvzBT3pUQ2rUtJzK
marchin on,onerepublic,53.0,,2010-07,,,0.0,0.0,0.508,0.807,0.306,-8.581,123.034,251666.0,0.333,0.0686,0.00363,0.136,4BUtvtGTRvJB49Hx2F7lle
margaret,lana del rey,80.0,,2023-03-24,88.0,51773650.0,0.0,0.0,,,,,,,,,,,1o82DwNisONAd2mu1RcGE6
marguerita,elvis presley,29.0,,2010-10-19,,,0.0,0.0,0.475,0.403,0.555,-14.768,166.897,162026.0,0.66,0.0361,3.59e-05,0.177,5a3ZlfUdkef5uuXYcYNbUP
maria maria,santana,73.0,,1999-06-15,70.0,3797948.0,0.0,0.0,0.777,0.601,0.68,-5.931,97.911,261973.0,0.0406,0.126,0.00201,0.0348,3XKIUb7HzIF1Vu9usunMzc
marigold - b-side,nirvana,63.0,,2004-11-23,81.0,23384088.0,0.0,0.0,0.367,0.326,0.333,-13.025,175.109,154280.0,0.126,0.0395,0.000599,0.12,40VSbBSYbPN10vJYeZq4tm
marjorie,taylor swift,62.0,,2021-01-07,100.0,145396321.0,0.0,0.0,,,,,,,,,,,5uICWmZTLkpEVbK22PBP6e
mark the graves,linkin park,43.0,,2014-06-13,88.0,31785695.0,0.0,0.0,0.442,0.925,0.196,-3.781,134.94,305013.0,0.00195,0.0648,0.496,0.0851,16AFbRYIdpesOleGTKClHs
marks on my neck,charlie puth,66.0,,2022-10-07,79.0,25301942.0,0.0,0.0,0.855,0.607,0.943,-8.587,142.002,138159.0,0.2,0.0422,1.84e-05,0.0723,2RUMDEHxOEUoGbPEtRR4L1
marlboro rojo,fuerza regida,87.0,,2025-05-02,89.0,19735177.0,0.0,0.0,,,,,,,,,,,3hpm0fTeSqlhJbnqAgaLZs
maroon,taylor swift,75.0,,2022-10-21,100.0,145489371.0,0.0,0.0,,,,,,,,,,,199E1RRrVmVTQqBXih5qRC
marry me,thomas rhett,70.0,,2016,73.0,4983771.0,0.0,0.0,0.333,0.412,0.474,-8.633,85.028,205453.0,0.0977,0.029,0.0,0.113,0OWZFobGSIW9GrSlQ9C5pc
marry you,bruno mars,80.0,,2010-05-11,90.0,75492598.0,0.0,0.0,,,,,,,,,,,22PMfvdz35fFKYnJyMn077
martha my dear,the beatles,54.0,,2003,82.0,30721676.0,0.0,0.0,0.472,0.292,0.824,-11.591,177.624,148573.0,0.872,0.0321,0.0007,0.128,1swmf4hFMJYRNA8Rq9PVaW
mask off,future,80.0,,2017-06-30,88.0,22675640.0,0.0,0.0,0.833,0.434,0.281,-8.795,150.062,204600.0,0.0102,0.431,0.0219,0.165,0VgkVdmE4gld66l8iyGjgx
massacre,kim petras,3.0,,2019-10-01,69.0,1192832.0,0.0,0.0,0.503,0.506,0.11,-7.554,89.888,206815.0,0.0989,0.0332,0.0,0.352,1QuEakfDCo0mHPBN02KYQ7
master of puppets,metallica,81.0,,2014-07-01,81.0,32161423.0,0.0,0.0,0.543,0.836,0.56,-9.11,105.173,515386.0,0.000647,0.0353,0.431,0.153,2MuWTIM3b0YEAskbeeFE1i
mastermind,taylor swift,69.0,,2022-10-21,100.0,145489371.0,0.0,0.0,,,,,,,,,,,7FmYn9e7KHMXcxqGSj9LjH
mateo,tove lo,47.0,,2019-09-20,72.0,3676957.0,0.0,0.0,0.649,0.603,0.15,-6.185,148.976,169345.0,0.0268,0.0664,0.0,0.111,6n2geOyYHOGZtpITVmrWoo
matilda,harry styles,77.0,,2022-05-20,80.0,34130771.0,0.0,0.0,,,,,,,,,,,6uvh0In7u1Xn4HgxOfAn8O
maui wowie,kid cudi,82.0,,2022-07-15,79.0,7688970.0,0.0,0.0,,,,,,,,,,,0Hnm7mnmqOLCIgvbMpM4Ev
maxwell's silver hammer,the beatles,58.0,,1969-09-26,82.0,30714318.0,0.0,0.0,0.764,0.426,0.726,-11.045,131.12,207920.0,0.629,0.0405,0.000119,0.132,2S8xyNRJX1XQdo3qnTuovI
may we all,florida georgia line,41.0,,2020-11-20,70.0,5588772.0,0.0,0.0,,,,,,,,,,,71bVLWfQwDmvr1IhkvnsgK
maybe you're right,miley cyrus,43.0,,2013-10-04,81.0,26561582.0,0.0,0.0,,,,,,,,,,,4nBHndk4Hru2sgGH30GCgu
maybe you're the problem,ava max,6.0,,2022-04-11,77.0,7750481.0,0.0,0.0,0.53,0.835,0.4709999999999999,-3.69,166.02,190318.0,0.0453,0.11,0.0,0.0637,0VmcSr1nhFldapVD7A7atA
maybe you’re the problem,ava max,3.0,,2022-04-28,77.0,7750481.0,0.0,0.0,,,,,,,,,,,0sb8ClU3CLoNblxkpmOKzA
mañana,ozuna,73.0,,2022-10-07,,,0.0,0.0,0.865,0.532,0.6859999999999999,-4.2375,91.01050000000001,192320.5,0.11149999999999999,0.0755,0.0144,0.06695000000000001,2CGhzWArXQZG86V1Ztv4Q2
me & mr jones,amy winehouse,66.0,,2007-11-05,75.0,9747371.0,0.0,0.0,0.583,0.486,0.513,-13.165,87.837,153173.0,0.518,0.0759,0.0,0.0665,0RfzQhbvtn5lOaKdhpAni7
me & u,cassie,78.0,,2006-08-07,66.0,1898249.0,0.0,0.0,,,,,,,,,,,7k6IzwMGpxnRghE7YosnXT
me & u,flo rida,0.0,,2008-03-17,79.0,8971415.0,0.0,0.0,0.624,0.682,0.399,-6.535,153.113,270920.0,0.0988,0.113,0.0,0.0818,3oiFFrv1DQ6zpTS8Yw9iJD
me & ur ghost,blackbear,58.0,,2020-01-16,71.0,5067774.0,0.0,0.0,0.742,0.679,0.856,-4.594,100.041,201398.0,0.0488,0.0259,0.0,0.0754,5tiZBnx5IvETA0Pj3gELjn
me against the music,britney spears,60.0,,2003-11-13,81.0,17766757.0,0.0,0.0,,,,,,,,,,,2xV1M8wBD75UTsvTnE7pV3
me and my broken heart,rixton,79.0,,2015,,,0.0,0.0,0.545,0.783,0.551,-4.261,174.084,193733.0,0.00489,0.0345,0.0,0.132,1oew3nFNY3vMacJAsvry0S
me and your mama,childish gambino,1.0,,2016-12-02,78.0,14559779.0,0.0,0.0,,,,,,,,,,,31tf1qEai5o5f4r66Kd0pU
me enamoré,shakira,71.0,,2017-05-26,85.0,39798156.0,0.0,1.0,,,,,,,,,,,4qknM1pQz53QOyfDVTjcM9
me fui de vacaciones,bad bunny,74.0,,2022-05-06,95.0,102500980.0,0.0,1.0,0.714,0.645,0.434,-5.493,85.046,180929.0,0.229,0.0514,0.00083,0.0942,28GCbKgjlVD9eDmasGbe0T
me gusta,shakira,65.0,,2020-01-13,85.0,39777995.0,0.0,1.0,,,,,,,,,,,5Xhqh4lwJPtMUTsdBztN1a
me porto bonito,bad bunny,82.0,,2022-05-06,95.0,102500980.0,0.0,1.0,0.911,0.712,0.425,-5.105,92.005,178567.0,0.0901,0.0817,2.68e-05,0.0933,6Sq7ltF9Qa7SNFBsV5Cogx
me!,taylor swift,72.0,,2019-08-23,100.0,145396321.0,0.0,0.0,,,,,,,,,,,2Rk4JlNc2TPmZe2af99d45
"me, myself & i",g-eazy,79.0,,2015-12-04,74.0,6295376.0,0.0,0.0,0.756,0.674,0.389,-6.518,111.995,251466.0,0.0184,0.0959,0.0,0.158,40YcuQysJ0KlGQTeGUosTC
mean,taylor swift,31.0,,2017-11-09,100.0,145396321.0,0.0,0.0,,,,,,,,,,,5rcHBt2aNcGFWW0jaAUe1L
mean girls,charli xcx,65.0,,2024-06-07,82.0,6315216.0,0.0,0.0,,,,,,,,,,,1qKCO2Tocwg8CbepJ9uDtd
mean it,lauv,0.0,,2019-11-14,73.0,6815446.0,0.0,0.0,,,,,,,,,,,3GRSqlALWISqLeNncZMbpX
mean mr mustard,the beatles,54.0,,2003,82.0,30718195.0,0.0,0.0,0.676,0.596,0.97,-9.107,100.687,66533.0,0.0699,0.0272,1.96e-05,0.351,4JOyMhad5dD81uGYLGgKrS
means i care,tate mcrae,64.0,,2025-02-24,88.0,9241516.0,0.0,0.0,,,,,,,,,,,6vyiGZsNWMMc3WTNaMeJ9F
meant to be,bebe rexha,70.0,,2017-08-11,76.0,9838934.0,0.0,0.0,,,,,,,,,,,4e4fqjx0Izh4svvTef1z7e
medal,popcaan,22.0,,2021-02-09,,,0.0,0.0,0.547,0.456,0.305,-10.774,88.819,176901.0,0.0623,0.182,0.0,0.276,0Gn1ajpcWjCgMruDRmZZef
medicine,james arthur,52.0,,2021-03-05,79.0,20852039.0,0.0,0.0,,,,,,,,,,,7CHNIK6EGjnwpWkSpx6JZe
medicine,shakira,22.0,,2014-03-21,85.0,39777995.0,0.0,1.0,,,,,,,,,,,2RtAelBaTWKHOCVmoDQUfT
meet me halfway,black eyed peas,80.0,,2009-01-01,81.0,9553224.0,0.0,0.0,,,,,,,,,,,3F9ByoUqu31xU0I3G5xfVg
meet me in the hallway,harry styles,64.0,,2017-05-12,80.0,34136120.0,0.0,0.0,,,,,,,,,,,4u9Y4Z9i9VaAbBK7rW1Rha
meh,playboi carti,63.0,,2020-12-25,86.0,15026799.0,0.0,0.0,,,,,,,,,,,15JRvf02KKGHKgC31jrpuh
melt my heart to stone,adele,52.0,,2008-01-28,83.0,66734917.0,0.0,0.0,0.353,0.388,0.19,-7.091,80.67,203906.0,0.346,0.0366,0.0,0.215,1Ty11iX5DIhZRRD9zCHP3l
meltdown,travis scott,73.0,,2023-07-28,89.0,41107596.0,0.0,1.0,,,,,,,,,,,67nepsnrcZkowTxMWigSbb
melting,kali uchis,78.0,,2015-02-04,83.0,9469943.0,0.0,0.0,,,,,,,,,,,2kSb3wYSOV996xA2NSmpck
memories,david guetta,81.0,,2010-07-19,87.0,27143729.0,0.0,0.0,0.546,0.916,0.375,-3.932,129.983,210853.0,0.00144,0.255,4.34e-06,0.251,5xYC48nOppVemY6U5GRGTb
memories,dean lewis,57.0,,2024-02-01,75.0,4156314.0,0.0,0.0,,,,,,,,,,,2VDTqhsSzrRxsbjvv4KLPl
memories,maroon 5,82.0,,2019-09-20,85.0,45777722.0,0.0,1.0,0.775,0.327,0.595,-7.241,91.05,189486.0,0.841,0.0557,0.0,0.0821,2b8fOow8UzyDFAE27YhOZM
memory,popcaan,23.0,,2021-02-26,,,0.0,0.0,0.65,0.77,0.324,-4.718,93.624,181276.0,0.408,0.305,0.0,0.515,48mfVy7ePH3uP2iasU2nQI
memory lane,wiz khalifa,0.0,,2022-07-29,81.0,12078615.0,0.0,0.0,0.789,0.71,0.826,-4.574,95.178,166773.0,0.36999999999999994,0.353,0.0,0.155,3n2lUfmtaYuqMSR8tDo8F0
men in this town,shakira,0.0,,2009-06-30,85.0,39777995.0,0.0,1.0,,,,,,,,,,,5z2BEa0LHhiOlqEWitESMn
mercedes carota,bad bunny,71.0,,2023-10-13,95.0,102500980.0,0.0,1.0,,,,,,,,,,,3TYOH7ta0101NYssoH5GlU
mercy,brett young,2.0,,2019-01-30,,,0.0,0.0,0.638,0.367,0.219,-7.906,71.957,217120.0,0.84,0.0266,0.0,0.0999,63jfUirW2IkypzR5BYiV8Q
mercy,kanye west,69.0,,2012-01-01,89.0,31052119.0,0.0,0.0,,,,,,,,,,,4qikXelSRKvoCqFcHLB2H2
mercy,shawn mendes,80.0,,2016-12-23,81.0,45706269.0,0.0,0.0,0.555,0.662,0.356,-4.952,148.128,208733.0,0.125,0.0827,0.0,0.111,0AS63m1wHv9n4VVRizK6Hc
mercy - acoustic,shawn mendes,58.0,,2017-04-20,81.0,45700057.0,0.0,0.0,,,,,,,,,,,0uZnF1sn2IcNCvnyAIKNMQ
merry christmas baby,ne-yo,1.0,,2019-10-11,80.0,10217787.0,0.0,0.0,0.682,0.551,0.251,-7.822,77.993,167950.0,0.411,0.0441,0.00043,0.137,7CRMMeGw6ZCvnio00NmiZu
merry christmas darling,christina perri,0.0,,2012-10-16,71.0,4308239.0,0.0,0.0,0.544,0.291,0.168,-13.898,75.945,200240.0,0.714,0.0274,0.000288,0.0963,0sosYeHBP6O8C13IVW8YbG
"merry christmas, baby - 1991 remix",the beach boys,0.0,,1988,,,0.0,0.0,0.695,0.494,0.816,-11.419000000000002,127.382,146093.0,0.31,0.058,0.0,0.0888,50vHd5RWEP0FTHdWEXDDTK
merry xmas everybody - for nest audio sessions,bastille,0.0,,2020-12-11,72.0,5647181.0,0.0,0.0,0.56,0.394,0.382,-9.129,122.878,193826.0,0.365,0.0307,0.0,0.213,09DBu6VDEuHlHii5zeDLEY
mess is mine,vance joy,64.0,,2014-11-21,74.0,3482109.0,0.0,0.0,0.595,0.723,0.272,-8.256,108.043,223640.0,0.047,0.0349,0.0286,0.0995,7BVwi9cIzSc6tpyxsp47vJ
mess it up,gracie abrams,66.0,,2021-05-07,82.0,7403257.0,0.0,0.0,0.765,0.582,0.36,-4.528,132.992,171280.0,0.245,0.12,8.21e-05,0.154,0PLhwCmQ7cC3ThRGPn3HxF
message in a bottle (taylor's version) (from the vault),taylor swift,71.0,,2021-11-12,100.0,145489371.0,0.0,0.0,,,,,,,,,,,3z6XUommYDWPHeFhmhhT6j
message man,twenty one pilots,64.0,,2015-05-15,83.0,25762646.0,0.0,0.0,,,,,,,,,,,4Oyl6oYSNeeZZP0OAxPVaU
messy,lola young,83.0,,2024-05-30,77.0,1461346.0,0.0,0.0,,,,,,,,,,,2YuUy4hBCVm4L5IRHu0iVl
met him last night,demi lovato,54.0,,2021-04-01,77.0,27288825.0,0.0,0.0,,,,,,,,,,,4yyX2Iu4xJjW9xMvBZKSBi
mi gente,j balvin,76.0,,2017-09-28,86.0,39108338.0,0.0,1.0,0.548,0.704,0.288,-4.838,104.666,185040.0,0.0168,0.0777,2.25e-05,0.143,0GzmMQizDeA2NVMUaZksv0
mia,bad bunny,6.0,,2018-10-11,95.0,102536542.0,0.0,1.0,0.817,0.539,0.158,-6.349,97.062,210367.0,0.0141,0.0621,0.000496,0.099,116H0KvKr2Zl4RPuVBruDO
miami blue,megan thee stallion,46.0,,2024-06-28,76.0,10888670.0,0.0,0.0,,,,,,,,,,,0fhv3bPzS3hbRdv6WNgs21
mic drop,bts,67.0,,2014-04-13,85.0,81189603.0,0.0,0.0,0.667,0.889,0.541,-4.851,169.961,238193.0,0.00912,0.0917,0.0,0.0816,0nUftNWYvNCWnjiyeujCR8
mic drop (steve aoki remix) - full length edition,bts,69.0,,2017-09-18,85.0,81189603.0,0.0,0.0,0.606,0.85,0.542,-3.952,170.01,307675.0,0.0114,0.183,1.01e-06,0.206,01380RE6UfsPSdiUIwrCoH
michelle,the beatles,66.0,,1965-12-03,82.0,30721676.0,0.0,0.0,0.578,0.29,0.666,-12.501,117.403,162373.0,0.652,0.0341,0.0,0.105,5By7Pzgl6TMuVJG168VWzS
middle,dj snake,77.0,,2015-10-16,77.0,9277034.0,0.0,0.0,0.583,0.695,0.224,-5.336,104.879,220573.0,0.0141,0.0423,0.0,0.0527,0g5EKLgdKvNlln7TNqBByK
middle child,j. cole,76.0,,2019-01-23,82.0,27069939.0,0.0,0.0,,,,,,,,,,,2JvzF1RMd7lE3KmFlsyZD8
middle of a breakup,panic! at the disco,1.0,,2022-10-21,76.0,12721192.0,0.0,0.0,0.437,0.803,0.735,-4.791,147.507,200037.0,4.46e-05,0.04,0.0164,0.107,3XgsnYnxB1pTbcfhkFq55A
middle of a memory,cole swindell,62.0,,2016-05-06,64.0,2565642.0,0.0,0.0,,,,,,,,,,,38gZVjeaeR3gcnCzziAxBm
middle of the summer,playboi carti,62.0,,2018-05-11,86.0,15031490.0,0.0,0.0,,,,,,,,,,,7AtBtwrKhz94hYXgGYyG58
midnight rain,taylor swift,73.0,,2022-10-21,100.0,145489371.0,0.0,0.0,,,,,,,,,,,3rWDp9tBPQR9z6U5YyRSK4
midnight rambler - mono,the rolling stones,29.0,,1991,77.0,15714574.0,0.0,0.0,0.497,0.649,0.52,-10.09,128.248,412640.0,0.701,0.0741,1.33e-05,0.138,7Kz6rjH1WcXbmWSMCVHMqv
midnight sky,miley cyrus,69.0,,2020-08-14,81.0,26564677.0,0.0,0.0,,,,,,,,,,,27ycaQnQAxaPiyeg3nr2aB
mikrokosmos,bts,73.0,,2019-04-12,,,0.0,0.0,0.579,0.858,0.475,-5.212,174.043,224225.0,0.125,0.114,0.0,0.0502,0jSccBRnhNU4KtACMQPvco
mileage,playboi carti,63.0,,2018-05-11,86.0,15021860.0,0.0,0.0,,,,,,,,,,,1oNcc2isuz7d3hc1fMoHqj
military all right,david cook,19.0,1000.0,2019-03-01,,,0.0,0.0,0.65,0.71,,-31.25,123.59,133918.0,,,0.286,,TRK-6BD372E143D1
milk it,nirvana,52.0,,1994,81.0,23384088.0,0.0,0.0,0.468,0.524,0.537,-12.38,136.293,234746.0,0.00064,0.0474,0.0221,0.131,4rtZtLpriBscg7zta3TZxp
million dollar baby,ava max,4.0,,2023-01-27,77.0,7750481.0,0.0,0.0,0.6670000000000001,0.858,0.641,-2.268,133.039,184294.0,0.0367,0.0926,1.47e-05,0.325,2smULsKvmpUMnp8nDibi6S
million dollar baby,tommy richman,82.0,,2024-04-26,68.0,938008.0,0.0,0.0,,,,,,,,,,,5AJ9hqTS2wcFQCELCFRO7A
million dollar man,lana del rey,62.0,,2012-01-01,88.0,51773650.0,0.0,0.0,,,,,,,,,,,0P11XLoH1nch5dDuYjYbnP
million reasons,lady gaga,75.0,,2016-10-21,89.0,42275793.0,0.0,1.0,0.666,0.423,0.154,-8.012,129.893,205280.0,0.494,0.0429,0.0,0.106,3YL8jLIarQdM1y2oRClov9
million years ago,adele,64.0,,2015-11-20,83.0,66705650.0,0.0,0.0,0.72,0.274,0.179,-7.623,105.929,227065.0,0.742,0.0276,0.0,0.11,2qBmtZnPSQouvADmqaHKxk
mine,bazzi,71.0,,2018-04-01,66.0,5506705.0,0.0,0.0,0.7095,0.789,0.7164999999999999,-3.874,142.926,131063.5,0.0161,0.07225000000000001,2.81e-06,0.451,6lybJ6LZWL59eY4Hma5z0B
mine,taylor swift,56.0,,2010-10-25,100.0,145396321.0,0.0,0.0,,,,,,,,,,,0dBW6ZsW8skfvoRfgeerBF
mine would be you,blake shelton,59.0,,2013-03-26,69.0,7506632.0,0.0,0.0,,,,,,,,,,,1zvQt99d5oTkEQLmSoO1yu
miracle (with ellie goulding),calvin harris,71.0,,2023-03-10,84.0,23078931.0,0.0,0.0,,,,,,,,,,,5eTaQYBE1yrActixMAeLcZ
miroh,stray kids,66.0,,2021-04-01,,,0.0,0.0,0.564,0.979,0.505,-3.102,126.059,207617.0,0.0091,0.104,0.0,0.249,2sFWzfV3kqAwXEWM9BjzwH
mirrorball,taylor swift,64.0,,2020-08-18,100.0,145542136.0,0.0,0.0,,,,,,,,,,,2I8YAEA1VmCuP1wkJHMpTw
mirrors,justin timberlake,83.0,,2013-03-15,82.0,15826961.0,0.0,0.0,,,,,,,,,,,4rHZZAmHpZrA3iH5zx8frV
mirrors - radio edit,justin timberlake,63.0,,2013-02-11,81.0,15823760.0,0.0,0.0,,,,,,,,,,,6ToFxXRBtl5TJFEyIoYK3f
miserable man,david kushner,71.0,,2022-01-07,70.0,2768544.0,0.0,0.0,0.632,0.349,0.307,-10.289,109.981,232991.0,0.926,0.0346,7.5e-05,0.294,6gPPoRYJwCsoB2VVdPJfmo
misery,maroon 5,53.0,,2010-06-30,85.0,45771951.0,0.0,1.0,,,,,,,,,,,3XojqFisTYTQm2p7HK5p4P
misery business,paramore,75.0,,2007-06-04,79.0,9795296.0,0.0,0.0,0.5138,0.906,0.7302,-3.6738,172.9954,211520.0,0.00272,0.07366,8.588000000000001e-06,0.11300000000000002,1IIsopNiGi2Vq0seNmZbLt
miss america,bazzi,1.0,,2022-07-01,66.0,5506553.0,0.0,0.0,0.659,0.733,0.727,-6.026,147.932,172702.0,0.00318,0.0671,0.0,0.287,4pOV2fwhycAawv7aC7I6Cd
miss americana & the heartbreak prince,taylor swift,77.0,,2019-08-23,100.0,145396321.0,0.0,0.0,,,,,,,,,,,214nt20w5wOxJnY462klLw
miss independent,ne-yo,51.0,,2008-01-01,80.0,10214903.0,0.0,0.0,,,,,,,,,,,2aisU44JcXkfSRJ7dLa02c
miss possessive,tate mcrae,76.0,,2025-02-21,88.0,9249502.0,0.0,0.0,,,,,,,,,,,0UD2KrDv5s5iPYNaQyRAan
miss you,the rolling stones,69.0,,2003,77.0,15714574.0,0.0,0.0,0.795,0.71,0.845,-4.746,109.689,288666.0,0.443,0.0392,0.0215,0.344,3hJLKtTpgct9Y9wKww0BiR
missing piece,vance joy,70.0,,2021-05-21,74.0,3482109.0,0.0,0.0,0.63,0.87,0.726,-4.7075,101.98400000000001,216624.0,0.0302,0.0453,3.4899999999999996e-06,0.1215,2vB9ME0oZwfTGAUMC71CaT
missin’ you like this,post malone,62.0,,2024-08-15,86.0,47720209.0,0.0,0.0,,,,,,,,,,,1IzCS4zuowRsXu4YS8caOB
mistletoe,justin bieber,4.0,,2011-11-01,91.0,85008100.0,0.0,0.0,0.623,0.668,0.823,-7.282,161.948,183066.0,0.475,0.0531,0.0,0.0862,0DmPtzVhTUfxRP9zXtA6uO
mixed emotions,lil tjay,59.0,,2019-10-11,74.0,10192579.0,0.0,0.0,0.644,0.502,0.431,-9.57,113.93,181746.0,0.394,0.42,0.0,0.142,375PG35fYzLTG6jkrJbegL
mixtape : time out,stray kids,70.0,,2022-08-01,,,0.0,0.0,0.555,0.945,0.389,-1.934,160.006,175293.0,0.0453,0.127,0.0,0.244,0OCDOcvQvozjsivREMojzx
mmmh,kai,71.0,,2020-11-30,,,0.0,0.0,0.659,0.718,0.297,-5.607,136.96,192346.0,0.202,0.0507,1.01e-06,0.2,5dntGTbUtmUO239wQ0k3yM
mo bamba,sheck wes,73.0,,2018-10-05,63.0,1781959.0,0.0,0.0,,,,,,,,,,,1xzBco0xcoJEDXktl7Jxrr
mob ties,drake,66.0,,2018-06-29,95.0,103067383.0,0.0,0.0,,,,,,,,,,,7rC5Pl8rQSX4myONQHYPBK
mockingbird,eminem,85.0,,2004-11-12,88.0,104539036.0,0.0,1.0,,,,,,,,,,,561jH07mF1jHuk7KlaeF0s
modern loneliness,lauv,63.0,,2020-04-01,73.0,6816695.0,0.0,0.0,0.702,0.508,0.143,-7.105,82.009,252337.0,0.144,0.035,0.0,0.108,1eyek0KJEh2v5HQ9uQSybb
modern tragedy,cheat codes,34.0,,2024-09-13,62.0,2101848.0,0.0,0.0,,,,,,,,,,,2Jzlk2D053PRFg8pMYAhyV
moist vagina - 2013 mix,nirvana,53.0,,1993,81.0,23384088.0,0.0,0.0,0.344,0.567,0.613,-11.437,110.306,213453.0,0.000127,0.0384,0.205,0.225,3fP8KXXUoBenEM46UZZgSG
molly's lips - bbc john peel session 1990,nirvana,58.0,,1992-12-14,81.0,23384088.0,0.0,0.0,0.311,0.895,0.681,-9.401,167.107,114133.0,1.91e-05,0.0476,0.195,0.0584,0brL7VMo7onJJTGMSdajic
moment 4 life,nicki minaj,0.0,,2010-01-01,84.0,34295707.0,0.0,0.0,,,,,,,,,,,0ConttVd0Ebk3dLNquOmh0
moments,one direction,60.0,,2012-05-25,83.0,40270893.0,0.0,0.0,,,,,,,,,,,3MxJGBnYaP4yQYUv90HLqZ
moments,tove lo,45.0,,2014-09-24,72.0,3676957.0,0.0,0.0,0.706,0.88,0.739,-4.981,125.994,202346.0,0.131,0.0481,0.00426,0.319,6ubXleMWwmzwmKTBer20PX
monaco,bad bunny,80.0,,2023-10-13,95.0,102536542.0,0.0,1.0,,,,,,,,,,,4MjDJD8cW7iVeWInc2Bdyj
money,cardi b,70.0,,2018-10-23,81.0,25953771.0,0.0,0.0,,,,,,,,,,,2GGMabyHXnJmjY6CXhhB2e
money bag,cardi b,53.0,,2018-04-06,81.0,25953771.0,0.0,0.0,,,,,,,,,,,1vBeIXlzbAieGoDqInav5j
money honey,lady gaga,47.0,,2009-11-05,89.0,42275793.0,0.0,1.0,,,,,,,,,,,7DjZ8ZJWEVsMGJI4L4CdCB
money in the grave (drake ft. rick ross),drake,73.0,,2019-06-15,95.0,103039388.0,0.0,0.0,,,,,,,,,,,5ry2OE6R2zPQFDO85XkgRb
money made me do it,post malone,55.0,,2016-12-09,85.0,47716988.0,0.0,0.0,,,,,,,,,,,1ysAvOdJgUjc6CqOQxepaz
money power glory,lana del rey,64.0,,2014-01-01,88.0,51821190.0,0.0,0.0,,,,,,,,,,,7Ms58r8G6Y0r1XLtpwoGxN
moneytalks,ac/dc,67.0,,2005-03-29,,,0.0,0.0,0.649,0.903,0.412,-3.677,121.841,225946.0,0.000841,0.0318,0.000351,0.122,5u5F7qLDvZjBSktaDp4HxB
monkey banana,pinkfong,49.0,,2018-11-30,,,0.0,0.0,0.819,0.654,0.639,-8.454,115.028,93175.0,0.217,0.407,0.000198,0.0468,2wq5eMV2Wbu9oEsOxJj2IO
monotonía,shakira,67.0,,2022-10-19,85.0,39777995.0,0.0,1.0,0.873,0.695,0.823,-4.207,131.963,158804.0,0.419,0.0459,1.23e-06,0.211,6G12ZafqofSq7YtrMqUm76
monster,lady gaga,70.0,,2009-11-05,89.0,42275793.0,0.0,1.0,0.6966666666666667,0.8033333333333333,0.652,-4.509333333333333,119.99266666666666,249271.0,0.0012966666666666667,0.04426666666666667,0.0,0.523,0RqQLF5N7q1dVW9hb0Dezb
monster (shawn mendes & justin bieber),shawn mendes,69.0,,2020-11-17,81.0,45706269.0,0.0,0.0,0.652,0.383,0.549,-7.076,145.765,178994.0,0.0676,0.0516,0.0,0.0828,1HbA4N1MiOsPthALesGFR1
monsters,shinedown,67.0,,2018-05-04,,,0.0,0.0,0.487,0.9,0.377,-4.54,149.959,248373.0,0.00204,0.0529,6.42e-06,0.11,1qAuIPMALdFtGv2Ymjy5l0
montero (call me by your name),lil nas x,74.0,,2022-01-06,71.0,12310527.0,0.0,0.0,0.6014999999999999,0.5055000000000001,0.734,-6.7035,178.79950000000002,137789.5,0.295,0.186,0.0,0.3945,1SC5rEoYDGUK4NfG82494W
montreal,the weeknd,49.0,,2012-11-13,93.0,112957721.0,0.0,1.0,,,,,,,,,,,2cA9RA2kuwsR7OBQ2LIEIe
mood,24kgoldn,77.0,,2020,65.0,2285613.0,0.0,0.0,0.701,0.716,0.732,-3.671,91.007,140533.0,0.174,0.0361,0.0,0.324,3tjFYV6RSFtuktYl3ZtYcq
moody blue,elvis presley,62.0,,1999,,,0.0,0.0,0.643,0.729,0.963,-10.231,135.29,169320.0,0.674,0.0297,7.99e-06,0.173,5nP6bZZpeT9hbtvePmy9ko
moody girl,megan thee stallion,43.0,,2024-06-28,76.0,10888670.0,0.0,0.0,,,,,,,,,,,0GahO8wCb34TPeUKbtBJku
moon,bts,70.0,,2020-02-21,,,0.0,0.0,0.704,0.646,0.64,-6.658,141.87,208395.0,0.0104,0.0596,0.0,0.20500000000000002,6KhAXXgDtEEahVzATvFNcn
moon and back,jvke,61.0,,2022-09-23,,,0.0,0.0,0.594,0.494,0.486,-4.262,180.132,148298.0,0.571,0.0722,2.48e-05,0.206,4228YpK0ZZuY4CZzBDVi3q
moonlight,ariana grande,62.0,,2016-04-01,90.0,107401919.0,0.0,0.0,,,,,,,,,,,5A7CwBNDUhvLWuSU5oJEh3
moonlight,kali uchis,79.0,,2023-02-24,83.0,9469943.0,0.0,0.0,,,,,,,,,,,0JmnkIqdlnUzPaf8sqBRs3
moonlight,xxxtentacion,82.0,,2022,83.0,51719064.0,0.0,0.0,0.921,0.537,0.711,-5.723,128.009,135090.0,0.556,0.0804,0.00404,0.102,0JP9xo3adEtGSdUEISiszL
moonshine,bruno mars,4.0,,2011-11-19,89.0,75455093.0,0.0,0.0,0.706,0.782,0.418,-4.353,104.983,228573.0,0.21,0.0278,4.86e-06,0.0813,1PGGQx8BSuyd0fdPK3z05l
morado,j balvin,2.0,,2020-01-09,86.0,39113380.0,0.0,1.0,0.881,0.696,0.781,-3.838,97.002,200666.0,0.136,0.0797,4.06e-05,0.0927,0tQkPXwYjxpC3FWSAuFPqg
more than this,one direction,63.0,,2012-05-25,83.0,40270893.0,0.0,0.0,,,,,,,,,,,0UAB340gAcSMk3r0a8PTag
moscow mule,bad bunny,83.0,,2022-06-10,95.0,102536542.0,0.0,1.0,0.804,0.674,0.292,-5.453,99.968,245939.0,0.294,0.0333,1.18e-06,0.115,6Xom58OOXk2SoU711L2IXO
mosh pit,lil pump,63.0,,2022-09-28,61.0,7569701.0,0.0,0.0,0.81,0.639,0.286,-3.959,83.49,116499.0,0.0745,0.0672,0.0,0.278,3hnXy5sKMpt0qmk3EJTfrh
mosquito,pinkpantheress,63.0,,2023-11-10,78.0,4761364.0,0.0,0.0,,,,,,,,,,,3DrkYwyu8QqZQ05r2gGqHi
moth to a flame (with the weeknd),swedish house mafia,5.0,,2021-10-22,75.0,3949244.0,0.0,0.0,,,,,,,,,,,2gpWyfu7eZ01zzncHpxOtA
mother's daughter,miley cyrus,62.0,,2019-05-31,81.0,26564677.0,0.0,0.0,,,,,,,,,,,4tc97Wa8SP5f9gaaOar8Kq
motivation,kelly rowland,62.0,,2011-01-01,68.0,3726318.0,0.0,0.0,,,,,,,,,,,4Cv5dkUBqepa0siwGREihD
motive (with doja cat),ariana grande,73.0,,2021-12-04,90.0,107374593.0,0.0,0.0,0.789,0.742,0.661,-5.664,116.965,167989.0,0.0681,0.0652,0.0,0.166,5GkQIP5mWPi4KZLLXeuFTT
motley crew,post malone,67.0,,2021-07-09,86.0,47720209.0,0.0,0.0,,,,,,,,,,,40uMIn2zJLAQhNXghRjBed
motorsport,migos,66.0,,2018-01-26,74.0,14636928.0,0.0,0.0,,,,,,,,,,,4wFjTWCunQFKtukqrNijEt
mountain peaks,stephen sanchez,54.0,,2022-08-19,71.0,1873452.0,0.0,0.0,0.473,0.424,0.297,-8.144,118.073,208400.0,0.671,0.0355,8.13e-06,0.336,3eNSC9m8CukWPWdef8znPg
mourning,post malone,56.0,,2023-07-28,86.0,47722935.0,0.0,0.0,,,,,,,,,,,3pI3nzi2Y0Iyj1nATDOeQV
move,beyoncé,60.0,,2022-07-29,84.0,41172203.0,0.0,0.0,,,,,,,,,,,5YLGlPYkZBDXieMwzVve7g
move along,the all-american rejects,61.0,,2007,67.0,3134091.0,0.0,0.0,0.526,0.92,0.615,-3.866,109.86,238880.0,0.000124,0.0472,0.0,0.371,58HpsDKeYoLtNhXFQyQmz5
move like the dinosaurs,pinkfong,49.0,,2018-05-28,,,0.0,0.0,0.818,0.847,0.712,-3.213,124.959,56764.0,0.107,0.0951,0.0,0.0834,1NbtFH2EqLOhSxk5M3cQhQ
movement,hozier,62.0,,2023-07,82.0,9114093.0,0.0,0.0,0.381,0.502,0.147,-5.505,144.3,237800.0,0.16,0.0368,6.98e-05,0.0842,0SFq19lgG4qbQAZaNZ3xhO
"moves like jagger - studio recording from the voice"" performance""",maroon 5,74.0,,2010-06-30,85.0,45764832.0,0.0,1.0,,,,,,,,,,,7LcfRTgAVTs5pQGEQgUEzN
movin' out (anthony's song),billy joel,67.0,,1977,78.0,7402824.0,0.0,0.0,0.664,0.88,0.895,-5.009,133.898,210760.0,0.465,0.0326,1.63e-05,0.0591,16GUMo6u3D2qo9a19AkYct
moving on,marshmello,56.0,,2017-05-05,80.0,34476607.0,0.0,0.0,0.687,0.799,0.67,-1.498,142.0,179154.0,0.00286,0.0354,0.0565,0.21,6Ehy8wRUYjAZcMMRCxMZVM
mr. forgettable,david kushner,73.0,,2022-03-04,70.0,2768544.0,0.0,0.0,0.56,0.41,0.28,-9.227,144.727,187293.0,0.544,0.0276,0.0,0.151,39ZVkOVxjG8ypNdUSVNkxU
mr. know it all,kelly clarkson,45.0,,2011-10-24,72.0,10960422.0,0.0,0.0,,,,,,,,,,,7uRznL3LcuazKpwCTpDltz
mr. moustache,nirvana,55.0,,2004-11-23,81.0,23384088.0,0.0,0.0,0.194,0.898,0.482,-6.12,177.191,203929.0,5.58e-06,0.0608,0.141,0.108,5TZbtpZcTWKEn81Du4hiTb
mr. october,bad bunny,72.0,,2023-10-13,95.0,102536542.0,0.0,1.0,,,,,,,,,,,1ODFVLQszq0hCOdZtqV5wq
mr. perfectly fine (taylor’s version) (from the vault),taylor swift,67.0,,2021-04-09,100.0,145396321.0,0.0,0.0,,,,,,,,,,,2CYVETnhM9aytqrazYYwrK
mr. right now,pitbull,47.0,,2011-06-17,84.0,11936949.0,0.0,0.0,,,,,,,,,,,1d5dIwX0QGabBASb3gI3VA
mr. worldwide (intro),pitbull,44.0,,2011-06-17,84.0,11939612.0,0.0,0.0,,,,,,,,,,,2HPmy1uA2SSJVVTduU9g2q
mrs. potato head,melanie martinez,71.0,,2015-08-14,75.0,22220366.0,0.0,0.0,,,,,,,,,,,3K1tdhoeE6koNnWgAxEK9Y
muddy feet,miley cyrus,49.0,,2023-08-18,81.0,26558356.0,0.0,0.0,,,,,,,,,,,6QSR2OrZOICOXfFB5Wswt1
murder on my mind,ynw melly,76.0,,2018-08-03,71.0,12752220.0,0.0,0.0,,,,,,,,,,,7eBqSVxrzQZtK2mmgRG6lC
music and me,michael jackson,1.0,,1974-05-31,85.0,37446069.0,0.0,0.0,0.31,0.363,0.277,-8.043,149.63,155733.0,0.607,0.0269,1.63e-05,0.125,6mdq6EMwl7g8rBkqIZWKEx
music for a sushi restaurant,harry styles,69.0,,2022-05-20,80.0,34133561.0,0.0,0.0,,,,,,,,,,,5LYMamLv12UPbemOaTPyeV
music to watch boys to,lana del rey,74.0,,2015-09-18,88.0,51821190.0,0.0,0.0,,,,,,,,,,,34rRFl0bz9PocxWuO2ca5J
mutt,leon thomas,72.0,,2024-08-09,74.0,734468.0,0.0,0.0,,,,,,,,,,,1mh9eHVRdNhzryG43PXdW1
muñeco de lego,karol g,0.0,,2016-08-26,,,0.0,0.0,0.784,0.637,0.544,-7.386,143.977,162066.0,0.283,0.147,0.0,0.153,2VRR3vc9jMYcCEBM2A3ZV9
my best friend,tim mcgraw,47.0,,2014-02-04,69.0,5042529.0,0.0,0.0,,,,,,,,,,,3JEPfsHlaIfPsB6I8BY4Sl
my boy,billie eilish,71.0,,2017-07-28,90.0,118692183.0,0.0,0.0,0.692,0.394,0.324,-8.745,89.936,170852.0,0.472,0.207,0.000191,0.117,1RGasjWLZ4qMN7wbtkLa3u
my boy,elvis presley,55.0,,1985,,,0.0,0.0,0.387,0.534,0.372,-11.809,92.475,198853.0,0.586,0.0331,0.00084,0.607,4baNC6PNq37xOVRqoZcNY5
my boy only breaks his favorite toys,taylor swift,71.0,,2024-04-19,100.0,145396321.0,0.0,0.0,,,,,,,,,,,7uGYWMwRy24dm7RUDDhUlD
my church,maren morris,69.0,,2017-01-13,67.0,888857.0,0.0,0.0,0.517,0.743,0.664,-4.336,76.979,197930.0,0.243,0.0363,3.36e-06,0.107,1LM5zQv5pBKPyO7rm7Uz6U
my cigarette,red hot chili peppers,63.0,,2022-10-14,82.0,23218829.0,0.0,0.0,0.732,0.653,0.848,-7.804,178.058,264207.0,0.0158,0.0427,0.295,0.0851,05bNuygSyh9WlJTRepNiDp
my dad's gone crazy,eminem,62.0,,2002-05-26,88.0,104539036.0,0.0,1.0,,,,,,,,,,,3F14hbIqy1JKKLTb1mzdYV
my darlin',miley cyrus,44.0,,2013-10-04,81.0,26558356.0,0.0,0.0,,,,,,,,,,,7hJ1fEr1nf2e4qsE4bfmcc
my december,linkin park,59.0,,2002-07-29,88.0,31785695.0,0.0,0.0,0.73,0.585,0.721,-9.274,100.021,260560.0,0.375,0.0238,0.0101,0.147,0fxGA5lxrdYNYoE7yJxTNZ
my friends,red hot chili peppers,5.0,,1995,82.0,23218829.0,0.0,0.0,0.303,0.71,0.327,-3.545,162.657,248640.0,0.00575,0.0292,0.00152,0.131,5Cgxae0bSnra1V8laWLcCq
my future,billie eilish,69.0,,2020-07-30,90.0,118728633.0,0.0,0.0,0.444,0.309,0.0875,-10.956,104.745,208155.0,0.795,0.062,0.132,0.352,2ygvZOXrIeVL4xZmAWJT2C
my hair,ariana grande,62.0,,2020-10-30,90.0,107374593.0,0.0,0.0,,,,,,,,,,,6u7gmPOz7pzzaeR9xSBpsR
my happy ending,avril lavigne,72.0,,2004-06-30,76.0,12004691.0,0.0,0.0,,,,,,,,,,,6sqNctd7MlJoKDOxPVCAvU
my head & my heart,ava max,73.0,,2020-11-19,77.0,7755194.0,0.0,0.0,0.614,0.934,0.436,-3.709,116.00100000000002,174760.0,0.0697,0.07,0.0,0.121,1KixkQVDUHggZMU9dUobgm
my house,flo rida,76.0,,2015-04-07,79.0,8971415.0,0.0,0.0,,,,,,,,,,,6Knv6wdA0luoMUuuoYi2i1
my humps,black eyed peas,77.0,,2005-01-01,81.0,9559647.0,0.0,0.0,0.802,0.682,0.586,-5.919,123.94,326960.0,0.112,0.225,1.63e-05,0.109,1rQ6RruR3K2lcAMmN0Kuyb
my immortal,evanescence,76.0,,2003-03-04,75.0,6165678.0,0.0,0.0,,,,,,,,,,,46SOM5rxqJ6YWAQUAX93xa
my jeans (lil baby & gunna feat. young thug),lil baby,48.0,,2018-10-05,84.0,21656185.0,0.0,0.0,,,,,,,,,,,4T7cJdrTRqOBESPYfvfj2x
my kinda girl,pitbull,29.0,,2011-06-17,84.0,11933906.0,0.0,0.0,,,,,,,,,,,4faHjDxqvO9clYe4grJeeD
my kink is karma,chappell roan,69.0,,2023-09-22,82.0,7305071.0,0.0,0.0,,,,,,,,,,,32fSZSbxeVoiZShMQKLc6Z
my life,billy joel,72.0,,2011-03-08,78.0,7402824.0,0.0,0.0,0.741,0.647,0.804,-12.878,131.097,284000.0,0.108,0.0427,0.00139,0.0555,4ZoBC5MhSEzuknIgAkBaoT
my life would suck without you,kelly clarkson,66.0,,2009-03-06,72.0,10961941.0,0.0,0.0,,,,,,,,,,,4Dm32oO01YpIubCHaAtKkN
my little love,adele,63.0,,2021-11-19,83.0,66734917.0,0.0,0.0,0.339,0.492,0.102,-10.661,151.865,389107.0,0.829,0.0559,0.00377,0.147,2DuPBbS5mIldXnh7Wum8Cy
my man on willpower,sabrina carpenter,85.0,,2025-08-29,91.0,26559943.0,0.0,0.0,,,,,,,,,,,3EMfeKtNK4q4k3sVjwg5Yy
my mom,eminem,56.0,,2009-05-15,88.0,104539036.0,0.0,1.0,,,,,,,,,,,2ruw2Kq8lgyqwemZik9bUg
my muse,leon thomas,67.0,,2025-10-24,74.0,735818.0,0.0,0.0,,,,,,,,,,,22c6Yop5YVEAhw8UG6O1W1
my name (wearing me out),shinedown,52.0,,2012-03-23,,,0.0,0.0,0.454,0.989,0.169,-2.644,139.964,216186.0,0.000197,0.0991,0.0,0.328,7GcE7k2IlpRZXzMcfwttj9
my name is,eminem,72.0,,1999-02-23,88.0,104539036.0,0.0,1.0,,,,,,,,,,,75IN3CtuZwTHTnZvYM4qnJ
my name is robert neville,james newton howard,37.0,,2008-06-30,62.0,412759.0,,,,,,,,,,,,,2JY6Af30DaD5gW8BPLZSha
my nigga,yg,0.0,,2014-01-01,71.0,3477960.0,0.0,0.0,,,,,,,,,,,02pf9lLM8Nb8l4u4ts1GWb
my oh my,camila cabello,75.0,,2020-08-08,78.0,35582423.0,0.0,0.0,0.724,0.491,0.383,-6.024,105.046,170746.0,0.018,0.0296,1.29e-05,0.0887,3yOlyBJuViE2YSGn3nVE1K
my own prison,creed,65.0,,2000-03-10,73.0,4303697.0,0.0,0.0,0.505,0.778,0.284,-4.778,140.493,298800.0,0.0277,0.0398,0.00275,0.115,5vRPXm59z8ewWO6WiJHg3m
my sacrifice,creed,76.0,,2001-01-01,73.0,4303697.0,0.0,0.0,0.32,0.88,0.257,-6.035,146.349,294600.0,0.000101,0.0504,4.31e-06,0.076,2VSbEXqs6NbNiZSTcHlIDR
my songs know what you did in the dark (light em up),fall out boy,76.0,,2005,77.0,11416476.0,0.0,0.0,0.5573333333333333,0.924,0.5663333333333332,-4.341,151.98866666666666,186826.0,0.0271,0.064,3.32e-06,0.537,0xGnsciJBQYbMQUSUAFZkt
my squad,fetty wap,30.0,,2015-10-26,70.0,5124204.0,0.0,0.0,0.89,0.613,0.524,-8.236,135.533,113423.0,0.192,0.396,0.0,0.319,2nnvHSz7v4kQzsdXvfQ699
my strange addiction,billie eilish,74.0,,2019-03-29,90.0,118692183.0,0.0,0.0,,,,,,,,,,,3Tc57t9l2O8FwQZtQOvPXK
my tears ricochet,taylor swift,80.0,,2020-07-24,100.0,145489371.0,0.0,0.0,,,,,,,,,,,1MgV7FIyNxIG7WzMRJV5HC
my time,bts,72.0,,2023-06-20,,,0.0,0.0,0.674,0.641,0.664,-5.139,99.91,234457.0,0.149,0.0339,0.0,0.0925,0YJFlxeHMUr9MxSDQVuQJA
my type,the chainsmokers,54.0,,2017-04-07,80.0,21359561.0,0.0,0.0,,,,,,,,,,,6V9kwssTrwkKT72imgowj9
my universe,coldplay,75.0,,2021-10-15,88.0,60804949.0,0.0,0.0,,,,,,,,,,,46HNZY1i7O6jwTA7Slo2PI
my way,calvin harris,73.0,,2016-09-15,84.0,23078931.0,0.0,0.0,0.818,0.913,0.536,-3.06,119.986,219159.0,0.093,0.0426,3.69e-05,0.161,1vvNmPOiUuyCbgWmtc6yfm
my way,elvis presley,53.0,,1995,,,0.0,0.0,0.516,0.271,0.207,-12.138,102.036,273893.0,0.864,0.0267,0.037,0.171,4tlaJa7CjOTsLSwqYkk2cV
my way,fetty wap,68.0,,2015-09-25,70.0,5124577.0,0.0,0.0,0.748,0.741,0.537,-3.103,128.077,213053.0,0.00419,0.0531,0.0,0.147,1WoOzgvz6CgH4pX6a1RKGp
my way - live at the honolulu international center,elvis presley,56.0,,1995,,,0.0,0.0,0.284,0.253,0.292,-14.6,81.575,241880.0,0.712,0.0347,0.353,0.69,2VGkf2IJXOSWouDhatlH3i
my wish,rascal flatts,39.0,,2020-09-04,68.0,3672166.0,0.0,0.0,,,,,,,,,,,5hKlxxRX96eR2Oi0auituc
myself,bazzi,68.0,,2018-04-12,66.0,5506553.0,0.0,0.0,0.745,0.561,0.902,-5.513,195.918,167552.0,0.465,0.072,1.12e-06,0.0338,5YLHLxoZsodDWjqSgjhBf3
myself,post malone,58.0,,2019-09-06,85.0,47716988.0,0.0,0.0,,,,,,,,,,,2cvOfKHOHgwQlLiuLKP2xR
mystical magical,benson boone,82.0,,2025-04-24,83.0,7045466.0,0.0,0.0,,,,,,,,,,,221eHga9f9Ne4f8D7WVgPT
n.o,bts,62.0,,2014-04-23,,,0.0,0.0,0.597,0.909,0.564,-4.5,146.87,209751.0,0.0443,0.16,0.0,0.374,2GEnvQgSJhedm2sqZlOP8o
n95,kendrick lamar,72.0,,2022-05-13,89.0,44592005.0,0.0,1.0,0.79,0.67,0.408,-5.527,139.956,195950.0,0.377,0.105,2.32e-06,0.119,0fX4oNGBWO3dSGUZcVdVV2
na na,trey songz,64.0,,2014-07-01,69.0,7745199.0,0.0,0.0,,,,,,,,,,,5maiP9UMnTSgoxPX8X3bdz
na na na,one direction,57.0,,2012-05-25,83.0,40270893.0,0.0,0.0,,,,,,,,,,,5fEql5cR2hjR6wPGUPiEEb
na na na (na na na na na na na na na),my chemical romance,46.0,,2010-11-05,78.0,10298850.0,0.0,0.0,0.385,0.98,0.61,-2.764,165.932,206226.0,0.00021,0.0683,0.0034,0.369,7vb1HJXTK7hR3ug25xtiuY
nada,shakira,49.0,,2017-05-26,85.0,39788275.0,0.0,1.0,,,,,,,,,,,1D8bmUIhLHEO4KMS2SHwUx
nadie sabe,bad bunny,71.0,,2023-10-13,95.0,102571645.0,0.0,1.0,,,,,,,,,,,23d8v6tU6lR77pFKsApMtF
nail tech,jack harlow,74.0,,2022-05-05,75.0,4349241.0,0.0,0.0,0.657,0.573,0.10866666666666668,-7.921666666666667,150.14166666666668,206385.0,0.003626666666666667,0.08206666666666668,7.96e-06,0.11213333333333332,62Yo3FDddWY8ydu6PW2wyz
naked,doja cat,60.0,,2021-06-25,86.0,34742256.0,0.0,0.0,,,,,,,,,,,0CsR9Y9SnC6ZWmekmVqSHz
naked,james arthur,71.0,,2019-10-18,79.0,20854863.0,0.0,0.0,,,,,,,,,,,2fmyrECK6bdfoGven0UMZx
naked in manhattan,chappell roan,72.0,,2023-09-22,82.0,7299563.0,0.0,0.0,,,,,,,,,,,4LKYOetuIF5c9XjeLBL9av
nancy mulligan,ed sheeran,65.0,,2017-03-03,88.0,122789460.0,0.0,0.0,,,,,,,,,,,35QZaWQRkmnAVqBF1TLCxQ
narcissist,avery anna,64.0,,2021-11-12,,,0.0,0.0,0.322,0.48,0.304,-5.989,73.476,154026.0,0.7459999999999999,0.0492,0.0,0.113,167w1B4J7ntKYx7OlZNsI4
nasa,ariana grande,64.0,,2019-02-08,90.0,107374593.0,0.0,0.0,,,,,,,,,,,4uTvPEr01pjTbZgl7jcKBD
nasty,ariana grande,67.0,,2020-10-30,90.0,107374593.0,0.0,0.0,,,,,,,,,,,0sci7ppTZFm4mjcH3nu8yO
nasty,tinashe,67.0,,2024-04-12,76.0,3084389.0,0.0,0.0,,,,,,,,,,,6NjWCIYu1W8xa3HIvcIhd4
national anthem,lana del rey,67.0,,2011-01-01,88.0,51798111.0,0.0,0.0,,,,,,,,,,,3vJ7kCW4ROYpWFqlvFBkWb
natural,imagine dragons,80.0,,2018,85.0,58375520.0,0.0,0.0,0.704,0.611,0.22,-6.112,100.0,189466.0,0.217,0.0409,0.0,0.0812,2FY7b99s15jUprqC0M5NCT
nature boy,nat king cole,0.0,,2003,,,0.0,0.0,0.266,0.181,0.106,-15.143,138.908,174800.0,0.888,0.0375,0.000499,0.124,6n2e59aQDqxrIaF2qqvhlY
nc-17,travis scott,62.0,,2018-08-03,89.0,41119579.0,0.0,1.0,,,,,,,,,,,6BJbOXDlgVAXSaq6wYFYT2
nda,billie eilish,75.0,,2021-07-02,90.0,118692183.0,0.0,0.0,0.765,0.373,0.554,-9.921,85.016,195776.0,0.341,0.0713,0.525,0.112,38GBNKZUhfBkk3oNlWzRYd
need to know,doja cat,79.0,,2021-12-10,86.0,34735147.0,0.0,0.0,0.664,0.609,0.194,-6.509,130.041,210560.0,0.304,0.0707,0.0,0.0926,3Vi5XqYrmQgOYBajMWSvCi
needed me,rihanna,81.0,,2016-01-28,90.0,69030894.0,0.0,1.0,,,,,,,,,,,4pAl7FkDMNBsjykPXo91B3
needy,ariana grande,77.0,,2019-02-08,90.0,107418606.0,0.0,0.0,,,,,,,,,,,1TEL6MlSSVLSdhOSddidlJ
negative creep,nirvana,58.0,,1991,81.0,23384088.0,0.0,0.0,0.37,0.947,0.418,-7.213,81.744,175744.0,7.97e-06,0.0901,0.000175,0.0762,5IeTFRymTDiza7DciBD1Gk
negative creep - live at the paramount,nirvana,21.0,,1991-09-26,81.0,23391272.0,0.0,0.0,,,,,,,,,,,1ZBNlE3mpuSOyRQmOfPiFN
negro,j balvin,3.0,,2020-03-19,86.0,39113380.0,0.0,1.0,0.791,0.907,0.828,-2.223,164.107,182506.0,0.0132,0.0884,0.211,0.245,3JTIbs8AwBIeyxB6fCzcZ6
neon,john mayer,59.0,,2008-07-01,,,0.0,0.0,0.699,0.77,0.589,-7.658,101.984,262106.0,0.0181,0.036,0.000138,0.0644,7Kohy4v3KLWfUXlv9N3feB
nerve flip,red hot chili peppers,0.0,,2022-04-01,82.0,23218829.0,0.0,0.0,0.386,0.936,0.418,-4.005,176.366,186148.0,0.0121,0.0701,1.6e-05,0.266,4xnB2yGAeXOuR3kJ9KTD3b
nervous,john legend,67.0,,2022-09-09,73.0,8072466.0,0.0,0.0,0.545,0.587,0.359,-4.842,123.107,188046.0,0.414,0.0634,0.0,0.224,1XNAH3h63O1hWFcgyHGbjf
never,xxxtentacion,63.0,,2014-11-21,,,0.0,0.0,0.343,0.12,0.0373,-19.247,105.109,220173.0,0.412,0.0361,0.0252,0.109,5J4tp32gF3lWNk4RqvsjsO
never again,kelly clarkson,44.0,,2007-06-30,72.0,10961237.0,0.0,0.0,,,,,,,,,,,24y3tSyLdRbpVsKhQrR2oj
never be like you,flume,66.0,,2016-05-27,68.0,2508551.0,0.0,0.0,,,,,,,,,,,476j7IDRIDRvv1Xu71EVc8
never be me,miley cyrus,56.0,,2020-11-27,81.0,26558356.0,0.0,0.0,,,,,,,,,,,1M7qLcfozANPcMKfgMEHOt
never be the same,camila cabello,77.0,,2017-12-17,78.0,35579266.0,0.0,0.0,0.637,0.713,0.243,-4.333,129.923,226973.0,0.181,0.0747,0.000637,0.137,4eWQlBRaTjPPUlzacqEeoQ
never be the same - radio edit,camila cabello,44.0,,2018-01-12,78.0,35576126.0,0.0,0.0,,,,,,,,,,,0sVgOxAOOAj0K8PdFEGhrR
never comin' home,bailey zimmerman,43.0,,2021-10-08,,,0.0,0.0,0.556,0.59,0.573,-6.846,143.972,194270.0,0.25,0.029,0.0,0.109,5j41TsRGWaY3k9WLMTaDQu
never comin' home - live acoustic,bailey zimmerman,43.0,,2021-10-08,,,0.0,0.0,0.585,0.51,0.436,-6.028,135.24,198958.0,0.427,0.0322,0.0,0.0997,2NJOi0ZgOrYLoVKlkqjgsN
never forget you,zara larsson,77.0,,2015-09-10,78.0,10915923.0,0.0,0.0,0.583,0.732,0.276,-5.728,145.992,213427.0,0.00312,0.0457,9.86e-06,0.269,6WLS56xiRrXjSm9RSdL3zD
never getting laid,sabrina carpenter,83.0,,2025-08-29,91.0,26516295.0,0.0,0.0,,,,,,,,,,,1PdUyYYw9sGU0yhLrpeHKt
never gonna be alone,nickelback,62.0,,2009-09-29,78.0,7846032.0,0.0,0.0,0.544,0.802,0.59,-4.152,130.022,227026.0,0.00155,0.0282,7.34e-05,0.122,7aySoZnwt7c6lA54qVVUOk
never grow up,taylor swift,29.0,,2017-11-09,100.0,145443567.0,0.0,0.0,,,,,,,,,,,1UPDfqsVIZLEiZeMuUsni2
never leave,bailey zimmerman,3.0,,2022-09-15,,,0.0,0.0,0.503,0.643,0.345,-6.586,148.11,207567.0,0.523,0.0304,1.23e-06,0.0661,2Lmzw98tabQcaOmjOJF1Eg
never let me down again,depeche mode,62.0,,1998-09-28,73.0,7379623.0,0.0,0.0,,,,,,,,,,,3QqONU0GW4byIClquChyf0
never lose me,flo milli,71.0,,2023-11-30,67.0,1567636.0,0.0,0.0,,,,,,,,,,,2x2olWuWXpqjoeE4bO1NFS
never love you again,post malone,56.0,,2024-08-15,86.0,47722935.0,0.0,0.0,,,,,,,,,,,4rhSYWoLaBbkQccjme9UOJ
never loved you at all,parker mccollum,43.0,,2021-07-30,,,0.0,0.0,0.552,0.891,0.851,-4.008,107.969,181066.0,0.0908,0.0344,0.0,0.391,3sLWLYFIRgbbvKYhYCyK1D
never not,lauv,74.0,,2018-02-14,73.0,6816695.0,0.0,0.0,0.47,0.221,0.264,-9.243,133.714,208000.0,0.693,0.0371,0.0,0.104,4fFfyouye6vrX9o9z4PVMu
never on the day you leave,john mayer,56.0,,2017-04-14,,,0.0,0.0,0.536,0.355,0.22,-8.61,139.888,220866.0,0.733,0.0259,1.22e-05,0.138,3TQbr3G3U5wlwEJejmqC1F
never really over,katy perry,62.0,,2020-08-28,83.0,38400585.0,0.0,0.0,,,,,,,,,,,1IIV8jglA0klVZy17q665k
"never recover (lil baby & gunna, drake)",lil baby,72.0,,2018-10-05,84.0,21656185.0,0.0,0.0,,,,,,,,,,,6wWaVoUOzLQJHd3bWAUpdZ
never say goodbye,bon jovi,66.0,,1995,78.0,15810313.0,0.0,0.0,0.326,0.797,0.271,-2.359,135.937,288933.0,0.0522,0.0334,0.0,0.081,4AfsbRvvuN7nEHAhONdeEp
never say never,justin bieber,76.0,,2011-01-01,91.0,85022258.0,0.0,0.0,,,,,,,,,,,5GYbkDveRD2I8M5ZJ14hWn
never say never,the fray,67.0,,2009-02-03,73.0,4290585.0,0.0,0.0,0.23,0.492,0.262,-5.767,160.139,256613.0,0.568,0.0317,8.18e-06,0.176,57uX2vR9j9DNiANDYfXw1i
never too late,elton john,34.0,,2019-07-11,80.0,15542286.0,0.0,0.0,0.663,0.972,0.645,-4.93,123.978,249213.0,0.0116,0.0467,1.71e-05,0.849,5mThnGZIhQleSySO6QsM7f
neverita,bad bunny,78.0,,2022-05-06,95.0,102500980.0,0.0,1.0,0.876,0.498,0.428,-7.511,122.016,173119.0,0.0706,0.0478,0.0,0.143,31i56LZnwE6uSu3exoHjtB
new,daya,65.0,,2017-10-11,69.0,1846218.0,0.0,0.0,0.715,0.742,0.322,-4.331,106.971,230879.0,0.052,0.0347,2.47e-05,0.364,4tERsdVCLtLtrGdFBf9DGC
new americana,halsey,65.0,,2020-08-28,80.0,22396044.0,0.0,0.0,0.339,0.707,0.359,-5.121,173.993,183808.0,0.0113,0.0428,0.0,0.337,6Xs7OKt6i0Ddq8B4M5Dgvr
new divide,linkin park,71.0,,2009-06-12,88.0,31806929.0,0.0,0.0,0.49300000000000005,0.8080000000000002,0.38000000000000006,-3.365,117.971,268613.0,0.000235,0.0362,0.0,0.0983,5wmkQbOUTLjnDsdLeNgtO3
new drop,don toliver,81.0,,2024-06-14,85.0,7473754.0,0.0,0.0,,,,,,,,,,,2c7z5oRcPBbqRaBY2mLWcf
new found love,popcaan,30.0,,2019-07-05,,,0.0,0.0,0.748,0.647,0.418,-6.475,84.027,217838.0,0.0552,0.0682,7.14e-06,0.248,1PH1U3ZfSoKP0hB5OuVR6H
new freezer,rich the kid,58.0,,2018-03-30,63.0,3479471.0,0.0,0.0,,,,,,,,,,,2EgB4n6XyBsuNUbuarr4eG
new kid in town - 2013 remaster,eagles,67.0,,1976-12-02,75.0,12152190.0,0.0,0.0,0.649,0.425,0.651,-9.811,107.383,304925.0,0.378,0.0267,0.0013,0.108,6Zyz8lsnMFpIrCTuvGurCB
new love,dua lipa,46.0,,2017-06-02,85.0,46895665.0,0.0,0.0,,,,,,,,,,,2qES7NEo0DCDvi707VS3HC
new magic wand,"tyler, the creator",77.0,,2019-05-17,86.0,24440038.0,0.0,0.0,,,,,,,,,,,0fv2KH6hac06J86hBUTcSf
new man,ed sheeran,60.0,,2017-03-03,88.0,122802777.0,0.0,0.0,,,,,,,,,,,5HDPtsnyb3maFmPL8LLUTG
new n3on,playboi carti,64.0,,2020-12-25,86.0,15031490.0,0.0,0.0,,,,,,,,,,,7ejepEh5DJ79YI6owGRfkk
new romantics,taylor swift,64.0,,2014-01-01,100.0,145443567.0,0.0,0.0,,,,,,,,,,,0qAIiGFKLdV1xpNlEhjpq8
new rules,dua lipa,80.0,,2018-10-19,85.0,46895665.0,0.0,0.0,0.762,0.7,0.608,-6.021,116.073,209320.0,0.00261,0.0694,1.56e-05,0.153,2ekn2ttSfGqwhhate0LSR0
new rules - acoustic,dua lipa,4.0,,2021,85.0,46886554.0,0.0,0.0,0.825,0.345,0.506,-6.018,116.072,213436.0,0.601,0.0372,0.0,0.121,5AhQvKYthnzVx3d0EGyc0c
new tank,playboi carti,67.0,,2020-12-25,86.0,15031490.0,0.0,0.0,,,,,,,,,,,4txKMpsSfZRV6durPuHVq0
new year’s day,taylor swift,69.0,,2017-11-10,100.0,145396321.0,0.0,0.0,,,,,,,,,,,7F5oktn5YOsR9eR5YsFtqb
new york state of mind,billy joel,63.0,,2011,78.0,7402824.0,0.0,0.0,0.506,0.373,0.194,-9.473,121.289,362400.0,0.499,0.0347,4.05e-05,0.323,6yjKlmm7vOszkXEUku1EM1
next,the weeknd,47.0,,2012-11-13,93.0,112918137.0,0.0,1.0,,,,,,,,,,,2wRVEpcB2lgsyWbejp8vMt
next thing (loverboy),surfaces,0.0,,2021-06-25,61.0,983406.0,0.0,0.0,0.719,0.415,0.463,-8.983,160.02,183109.0,0.558,0.0902,0.0,0.293,1u4nCGUB46wMtUBIlM04BZ
next thing you know,jordan davis,75.0,,2022-08-12,71.0,1615711.0,0.0,0.0,0.557,0.597,0.414,-8.296,78.526,175237.0,0.646,0.048,0.0,0.0974,2lNTHWu2I5Tcz9ukWsV5Jj
nfwmb,hozier,53.0,,2018-09-06,82.0,9114093.0,0.0,0.0,0.379,0.373,0.352,-12.176,176.002,259253.0,0.895,0.0309,0.0718,0.115,30SxaBvjxjuIzl6nnDJObx
ni**as in paris,jay-z,81.0,,2011-08-08,82.0,10376731.0,0.0,0.0,,,,,,,,,,,1auxYwYrFRqZP7t3s7w4um
niagara falls,the weeknd,71.0,,2025-01-31,93.0,112957721.0,0.0,1.0,,,,,,,,,,,2v0AG62ZHtD3I4YmTb3WYM
niagara falls (foot or 2),metro boomin,72.0,,2022-12-02,84.0,11687489.0,0.0,0.0,,,,,,,,,,,4WuOWVnAqvEQxgSRrspBgt
nice for what,drake,77.0,,2018-06-29,95.0,103094105.0,0.0,0.0,,,,,,,,,,,3CA9pLiwRIGtUBiMjbZmRw
nice to meet ya,niall horan,59.0,,2020-03-13,70.0,10238134.0,0.0,0.0,,,,,,,,,,,0DrFTaAX2srXPkuag35djb
nice to meet you,myles smith,75.0,,2024-11-08,74.0,1317349.0,0.0,0.0,,,,,,,,,,,726SEjbF3ToEbYbn43gnxl
night changes,one direction,86.0,,2014-02-16,83.0,40270893.0,0.0,0.0,0.672,0.52,0.37,-7.747,120.001,226600.0,0.859,0.0353,0.0,0.115,5O2P9iiztwhomNh8xkR9lJ
night crawling,miley cyrus,55.0,,2020-11-27,81.0,26564677.0,0.0,0.0,,,,,,,,,,,4U34WsyOvppOMnRfq7DuOy
night riders,major lazer,41.0,,2015-11-27,73.0,6301986.0,0.0,0.0,,,,,,,,,,,2xzqIuW15EVWvLB3yP6jkI
night train,jason aldean,67.0,,2012-10-16,75.0,7053393.0,0.0,0.0,,,,,,,,,,,5jYWHIVImvYbQS1wf38wDP
nightcrawler,travis scott,76.0,,2015-09-04,89.0,41119579.0,0.0,1.0,,,,,,,,,,,3xby7fOyqmeON8jsnom0AT
nightingale,clean bandit,0.0,,2014-05-29,74.0,5975530.0,0.0,0.0,0.653,0.507,0.263,-9.125,150.198,164882.0,0.104,0.175,0.0,0.0949,1Z4Abuc0cgkfoB7591S8gv
nightmare,halsey,2.0,,2022-01-03,80.0,22396044.0,0.0,0.0,0.611,0.622,0.538,-5.075,146.11,231998.0,0.0188,0.0734,0.0,0.359,340UVheS8z3ncW9TTUhAbc
nightrain,guns n' roses,64.0,,1992,80.0,35196831.0,0.0,0.0,0.4,0.992,0.243,-6.995,149.412,266173.0,0.107,0.0725,0.0117,0.179,2vNw57KPaYDzkyPxXYUORX
nights,frank ocean,80.0,,2020-07-03,83.0,20280852.0,0.0,0.0,0.457,0.551,0.428,-9.36,89.87,307151.0,0.427,0.167,1.15e-06,0.113,7eqoqGkKwgOaWNNHx90uEZ
nights like this,kehlani,75.0,,2019-02-22,78.0,8661889.0,0.0,0.0,,,,,,,,,,,6ZRuF2n1CQxyxxAAWsKJOy
nights like this,the kid laroi,86.0,,2023-11-10,79.0,6595164.0,0.0,0.0,,,,,,,,,,,1XBYiRV30ykHw5f4wm6qEn
nikes,frank ocean,72.0,,2016-08-20,83.0,20280852.0,0.0,0.0,0.633,0.395,0.123,-9.638,138.023,314075.0,0.692,0.0857,0.000222,0.108,19YKaevk2bce4odJkP5L22
nikita,elton john,68.0,,1987,80.0,15542286.0,0.0,0.0,0.632,0.656,0.752,-9.29,86.605,343240.0,0.123,0.0277,0.000264,0.0735,3G0ENKW9vzV0SuYKaWFflI
nina,ed sheeran,53.0,,2014-06-21,88.0,122802777.0,0.0,0.0,,,,,,,,,,,3GKSfF6c3Rv3a1knSjxnXa
no,meghan trainor,78.0,,2017-05-12,74.0,15743681.0,0.0,0.0,,,,,,,,,,,0l0CvurVUrr2w3Jj1hOVFc
no body,blake shelton,3.0,,2022-08-19,69.0,7507062.0,0.0,0.0,0.739,0.72,0.892,-6.695,102.997,187640.0,0.0379,0.026,0.00267,0.23,0KSbUqkc7zW39e4jF5au2F
"no body, no crime",taylor swift,63.0,,2020-12-10,100.0,145489371.0,0.0,0.0,,,,,,,,,,,6NriykdkRrjQMZo1sfVYUo
no brainer,dj khaled,60.0,,2018-07-27,73.0,12341870.0,0.0,0.0,,,,,,,,,,,5WvAo7DNuPRmk4APhdPzi8
no bystanders,travis scott,70.0,,2018-08-03,89.0,41119579.0,0.0,1.0,0.731,0.811,0.426,-3.225,147.045,218283.0,0.0204,0.0712,0.0,0.411,6OaVWaGfhXn70ZJfdVcabn
no church in the wild,jay-z,75.0,,2011-08-08,82.0,10371098.0,0.0,0.0,,,,,,,,,,,7r6PigmGzlB3YPB7wvBBbi
no god,sam smith,27.0,,2023-04-12,81.0,26272346.0,0.0,0.0,,,,,,,,,,,6uHyUNwt9h4Q1Um222MDai
no good deed,idina menzel,26.0,,2003,68.0,570812.0,0.0,0.0,0.352,0.546,0.274,-6.768,114.814,211573.0,0.71,0.0384,0.0,0.105,6wpa7wxXfnzuzh21DdEGXC
no goodbyes,dua lipa,55.0,,2017-06-02,85.0,46895665.0,0.0,0.0,,,,,,,,,,,0mDGNetRxywxqgiXFbagZh
no guidance,chris brown,80.0,,2019-06-28,87.0,28327351.0,0.0,0.0,0.696,0.454,0.136,-6.756,92.928,260640.0,0.123,0.153,0.0,0.155,6XHVuErjQ4XNm6nDPVCxVX
no hands,waka flocka flame,81.0,,2010-10-01,69.0,2857175.0,0.0,0.0,,,,,,,,,,,03tqyYWC9Um2ZqU0ZN849H
no heart,21 savage,67.0,,2016-07-15,84.0,23822155.0,0.0,0.0,,,,,,,,,,,4gmmRb6bZJffOOiww1JGTO
no i'm not in love,tate mcrae,64.0,,2025-02-21,88.0,9256589.0,0.0,0.0,,,,,,,,,,,6hQ9Z0D5IEvL5rVb4c2Oov
no idea,don toliver,0.0,,2019-05-29,85.0,7473754.0,0.0,0.0,,,,,,,,,,,3VyjsVV24RmBIbWJAeUJNu
no lie,sean paul,83.0,,2017,81.0,5276981.0,0.0,0.0,0.742,0.882,0.463,-2.862,102.04,221176.0,0.0466,0.117,0.0,0.206,1Vb4HQnN2kZ5Y2KgYF5TDV
no limit,g-eazy,67.0,,2017-09-08,74.0,6295376.0,0.0,0.0,0.838,0.771,0.405,-3.791,175.957,245386.0,0.0117,0.244,0.0,0.0853,2DQ1ITjI0YoLFzuADN1ZBW
no love,eminem,69.0,,2010-06-18,88.0,104517308.0,0.0,1.0,,,,,,,,,,,7bHT9osSq1rwT2yaImzqCi
no love (with sza),summer walker,72.0,,2021-11-05,76.0,8011254.0,0.0,0.0,,,,,,,,,,,08SB2OtZkaliju77WYEKxk
no me quiero casar,bad bunny,79.0,,2023-10-13,95.0,102500980.0,0.0,1.0,,,,,,,,,,,39L3LdlHS3gqB62HPWaJRg
no mienten,becky g,63.0,,2022-04-20,74.0,16646605.0,0.0,0.0,0.957,0.766,0.515,-4.567,128.019,147395.0,0.108,0.223,0.00186,0.116,3zUtuSPwyqKElkqfnJj3X2
no more drama,charlie puth,69.0,,2022-10-08,79.0,25301942.0,0.0,0.0,0.555,0.648,0.641,-6.539,195.887,140041.0,0.693,0.296,0.000644,0.128,2MRfEJTfX12xPY0vx4STNe
no more dream,bts,66.0,,2013-06-12,,,0.0,0.0,0.438,0.864,0.594,-5.185,167.898,222066.0,0.0118,0.47,1.66e-06,0.431,089PFeXotzDLNQz9NCk6pF
no more sorrow,linkin park,48.0,,2012-06-12,88.0,31785695.0,0.0,0.0,0.5645,0.9335,0.435,-4.5485,132.5895,221742.0,0.0038050000000000002,0.05005,5.545e-06,0.21100000000000002,5ZIcLKQxzyI3nPnivwuylV
no one,alicia keys,71.0,,2023-05-20,78.0,12898539.0,0.0,1.0,0.644,0.549,0.167,-5.415,90.04,253813.0,0.0209,0.0285,8.85e-06,0.134,6IwKcFdiRQZOWeYNhUiWIv
no one dies from love,tove lo,72.0,,2022-10-14,72.0,3676957.0,0.0,0.0,0.6555,0.802,0.3425,-6.632,121.092,186018.0,0.0731,0.0567,1.19e-06,0.2575,1cx7kDfiHlvQWwPRNxQrfQ
no one noticed,the marías,89.0,,2024-05-31,83.0,3777019.0,0.0,0.0,,,,,,,,,,,3siwsiaEoU4Kuuc9WKMUy5
no option,post malone,63.0,,2016-12-09,86.0,47722935.0,0.0,0.0,,,,,,,,,,,6M0IsaUX4GNyto4niSegfI
no plans,jason mraz,46.0,,2018-08-10,71.0,7312594.0,0.0,0.0,0.491,0.304,0.459,-9.379,149.288,148000.0,0.5,0.0291,0.0,0.0975,4Akic5cb5RHJrTdQZY7AfX
no promises,cheat codes,65.0,,2017-11-03,63.0,2101684.0,0.0,0.0,0.741,0.667,0.595,-5.445,112.956,223503.0,0.0575,0.134,0.0,0.106,1louJpMmzEicAn7lzDalPW
no reply,the beatles,54.0,,1985,82.0,30721676.0,0.0,0.0,0.718,0.593,0.869,-9.976,124.251,136066.0,0.67,0.0377,0.0,0.172,4ltC6PrqkTtpcRNi5lvS4z
no roads left,linkin park,44.0,,2012,88.0,31785695.0,0.0,0.0,0.242,0.561,0.224,-4.833,120.019,228725.0,0.000338,0.0374,0.0,0.405,62pPrpXsLR3Hbdw6kkA99L
no role modelz,j. cole,85.0,,2014-12-09,82.0,27077429.0,0.0,0.0,0.69,0.521,0.494,-8.492,100.028,292799.0,0.324,0.339,0.0,0.0534,62vpWI1CHwFy7tMIcSStl8
no shade at pitti,the chainsmokers,47.0,,2024-05-10,80.0,21360805.0,0.0,0.0,,,,,,,,,,,0Wz5dUk7mkYv57W81E5T7u
no sl33p,playboi carti,56.0,,2020-12-25,86.0,15031490.0,0.0,0.0,,,,,,,,,,,6i6whmV36EJmxs5zFahMrb
no sleep leak,lil uzi vert,46.0,,2017-11-17,82.0,19255400.0,0.0,0.0,,,,,,,,,,,7284Lm1fMEABEFBrtMgUWR
no stopping us,jason mraz,19.0,,2002-11-02,71.0,7312594.0,0.0,0.0,0.646,0.836,0.727,-6.203,105.991,198855.0,0.301,0.0327,3.23e-05,0.29,6twvFrIoIINH8UW8EB8OnU
no stress,wizkid,57.0,,2020-10-29,79.0,9449714.0,0.0,0.0,0.511,0.663,0.547,-4.819,199.687,202640.0,0.00519,0.485,0.0,0.0973,5C3vZiMOn2KHMbNQOhL6oQ
no stress (mixed),wizkid,4.0,,2020-10-29,79.0,9449714.0,0.0,0.0,0.52,0.638,0.566,-8.914,202.943,116000.0,0.00871,0.372,0.0,0.604,5vz3pqOuNBG4hXFZzrkkMx
no surprise,daughtry,53.0,,2009,65.0,2382165.0,0.0,0.0,0.4945,0.8009999999999999,0.147,-3.7605,96.00450000000001,270166.5,0.00797,0.031,0.0,0.10164999999999999,6JnqbWl6N8g4Ikw5uZiJY4
no tears left to cry,ariana grande,79.0,,2018-08-17,90.0,107401919.0,0.0,0.0,0.699,0.713,0.354,-5.507,121.993,205920.0,0.04,0.0594,3.11e-06,0.294,2qT1uLXPVPzGgFOx4jtEuo
no time,playboi carti,64.0,,2018-05-11,86.0,15037198.0,0.0,0.0,,,,,,,,,,,5pHJv0bgNsT9nPoK2BjNBn
no time to die,billie eilish,76.0,,2020-02-13,90.0,118692183.0,0.0,0.0,,,,,,,,,,,73SpzrcaHk0RQPFP73vqVR
no type,rae sremmurd,69.0,,2015-01-06,69.0,7767429.0,0.0,0.0,,,,,,,,,,,4scpF6J5uMBvoh6sFB7EL1
no vacancy,onerepublic,56.0,,2017,,,0.0,0.0,0.72,0.727,0.481,-3.882,99.994,223189.0,0.0556,0.0489,0.0,0.138,4QeoDcR16IHpmmgFGQDrCp
no way!,bazzi,0.0,,2019-08-07,66.0,5506553.0,0.0,0.0,0.665,0.709,0.358,-4.117,76.058,112105.0,0.174,0.0407,0.0,0.142,4MlI2hVQcZ1B25TZyOqu2W
no woman no cry,bob marley & the wailers,59.0,,1984-05-08,,,0.0,0.0,0.898,0.365,0.563,-10.452,98.53,226240.0,0.159,0.0462,9.28e-06,0.132,3PQLYVskjUeRmRIfECsL0X
nobody can save me,linkin park,61.0,,2017-12-14,88.0,31785695.0,0.0,0.0,0.645,0.688,0.433,-4.749,139.957,225546.0,0.0107,0.0341,0.0,0.186,3dJj6o9o1fRgrojWjailuz
nobody gets me,sza,83.0,,2022-12-09,87.0,33029522.0,0.0,0.0,,,,,,,,,,,5Y35SjAfXjjG0sFQ3KOxmm
nobody's business,rihanna,69.0,,2012-12-11,90.0,69014420.0,0.0,1.0,,,,,,,,,,,6EAxaAk1eZx0aqqH4ff4rP
nobody's listening,linkin park,57.0,,2003-03-24,88.0,31785695.0,0.0,0.0,0.502,0.831,0.451,-3.723,199.972,178866.0,0.105,0.295,1.3e-06,0.174,1EU3VuKGZOvd1HTkxLPUXK
nobody's love,maroon 5,10.0,,2020-07-24,85.0,45777722.0,0.0,1.0,,,,,,,,,,,3kwgqoBqTwoAH4nT29TYrq
nobody’s son,sabrina carpenter,88.0,,2025-08-29,91.0,26538275.0,0.0,0.0,,,,,,,,,,,4SRShYMtFIGgnOU7iBicMH
nokia,drake,85.0,,2025-02-14,95.0,103039388.0,0.0,0.0,,,,,,,,,,,2u9S9JJ6hTZS3Vf22HOZKg
none of my business,cher lloyd,64.0,,2018-10-19,,,0.0,0.0,0.793,0.488,0.5,-5.807,133.957,184004.0,0.428,0.0462,0.0,0.0823,2SPEg45ZaUFJCg9GwNmRvw
none of your love - bonus,lil tjay,63.0,,2021-04-02,74.0,10192579.0,0.0,0.0,0.702,0.722,0.51,-5.921,137.963,153168.0,0.0199,0.161,0.0,0.299,3pGRj6u9DCE9PQips45eJ1
nonsense,sabrina carpenter,83.0,,2022-07-15,91.0,26516295.0,0.0,0.0,,,,,,,,,,,6dgUya35uo964z7GZXM07g
nonstop,drake,76.0,,2018-06-29,95.0,103039388.0,0.0,0.0,,,,,,,,,,,0TlLq3lA83rQOYtrqBqSct
north on 21,riley green,44.0,,2018-06,75.0,1372158.0,0.0,0.0,0.614,0.589,0.351,-8.38,148.076,207360.0,0.472,0.0351,0.0,0.109,0wQCiHAgUJdlBdRtdrnLFK
norwegian wood (this bird has flown),the beatles,70.0,,1965-12-03,82.0,30721676.0,0.0,0.0,0.425,0.369,0.65,-11.876,176.625,124693.0,0.183,0.0379,0.00126,0.112,1H7gMYGykdtwZOV6s1N0by
nosedive,post malone,65.0,,2024-08-15,85.0,47716988.0,0.0,0.0,,,,,,,,,,,25uMKq5kygC2woAfeetEfE
nostalgia,tate mcrae,63.0,,2025-02-24,88.0,9241516.0,0.0,0.0,,,,,,,,,,,3Mk7IafwNuQdFQda1XI5PE
not a bad thing,justin timberlake,56.0,,2013-09-27,82.0,15826961.0,0.0,0.0,,,,,,,,,,,3nB82yGjtbQFSU0JLAwLRH
not afraid,eminem,79.0,,2010-06-21,88.0,104517308.0,0.0,1.0,0.855,0.954,0.668,-1.19,114.635,248133.0,0.529,0.264,0.0,0.205,7Ie9W94M7OjPoZVV216Xus
not alone,linkin park,56.0,,2010-01-19,88.0,31785695.0,0.0,0.0,0.682,0.766,0.545,-5.546,120.04,252840.0,0.149,0.0313,3.38e-06,0.144,737yse38y2hsWQeNRrLaMY
not enough,avril lavigne,40.0,,2011-03-08,76.0,12004691.0,0.0,0.0,,,,,,,,,,,1W69mAdmUCjE53jpGNcHY6
not like that anymore,lola young,64.0,,2025-06-20,77.0,1461346.0,0.0,0.0,,,,,,,,,,,6ugu9WpCEHXmns0PiqYTU1
not like the movies,katy perry,35.0,,2010-08-24,83.0,38385499.0,0.0,0.0,,,,,,,,,,,02Z1u6mX0puSryZFJpqV0G
not like us,kendrick lamar,86.0,,2024-05-04,89.0,44592005.0,0.0,1.0,,,,,,,,,,,6AI3ezQ4o3HUoP6Dhudph3
not on drugs,tove lo,47.0,,2014-03-03,72.0,3676957.0,0.0,0.0,0.7,0.635,0.594,-6.019,124.953,182346.0,0.00629,0.0374,0.0,0.135,3zK3kzz1U8KEa8v9Kj8hu8
not over you,gavin degraw,63.0,,2011-09-19,58.0,1257429.0,0.0,0.0,,,,,,,,,,,6j7hih15xG2cdYwIJnQXsq
not playing,playboi carti,60.0,,2020-12-25,86.0,15021860.0,0.0,0.0,,,,,,,,,,,03rcC8SVxCa9UdY5qgkITe
not today,bts,71.0,,2017-02-13,,,0.0,0.0,0.593,0.945,0.674,-3.408,110.023,231859.0,0.00174,0.126,0.0,0.923,3wyrhwPpV8uhMMEms4vG3X
not you too,drake,83.0,,2020-05-01,95.0,103094105.0,0.0,0.0,,,,,,,,,,,3Q4gttWQ6hxqWOa3tHoTNi
not your barbie girl,ava max,68.0,,2018-08-13,77.0,7750481.0,0.0,0.0,0.745,0.642,0.35,-4.138,120.063,186520.0,0.103,0.0506,0.0,0.0335,4fkM7M4Uo5AUASnnsRC7EZ
nothin' like you,dan + shay,0.0,,2014-04-01,66.0,3203185.0,0.0,0.0,0.586,0.704,0.442,-4.772,84.982,186253.0,0.15,0.0307,0.0,0.067,4rhIB4nVYTvB7wi6SrLp6z
nothin' on you,b.o.b,82.0,,2010-04-27,74.0,2266238.0,0.0,0.0,,,,,,,,,,,4X5xWMINgGA6l0GoyYkMcr
nothing breaks like a heart,mark ronson,74.0,,2019,74.0,1294030.0,0.0,0.0,0.601,0.794,0.244,-5.844,114.066,217466.0,0.00987,0.0671,1.36e-06,0.388,02dRkCEc8Q5ch4TTcnLxOn
nothing changed,quavo,50.0,,2022-09-30,76.0,8083202.0,0.0,0.0,,,,,,,,,,,48qgXl0CQUVYJVn6xv0rsP
nothing else matters,metallica,17.0,,2018-10-18,81.0,32161423.0,0.0,0.0,0.553,0.362,0.158,-11.218,142.352,388266.0,0.0458,0.0263,6.01e-06,0.075,0nLiqZ6A27jJri2VCalIUs
nothing else matters - jungle cruise version part 1,james newton howard,51.0,,2021-07-30,62.0,412886.0,,,,,,,,,,,,,4PGBgDZAcUpAapDtfdX5Np
nothing lasts forever,sam hunt,0.0,,2020-04-03,65.0,2473426.0,0.0,0.0,0.467,0.444,0.187,-7.181,173.823,184320.0,0.365,0.0602,0.0,0.158,2KaWUXuvdE28pRmfybj4Gy
nothing without you,the weeknd,58.0,,2016-11-25,93.0,112957721.0,0.0,1.0,,,,,,,,,,,57qiTKh8bVX0VtfUNTQqhw
notice cultural,matthew santos,36.0,1000.0,2019-05-03,,,0.0,0.0,0.14,0.49,,-39.48,163.3,113792.0,,,0.384,,TRK-B93425ED971E
notorious thugs - 2014 remaster,the notorious b.i.g.,68.0,,1997-11-18,75.0,12762931.0,0.0,0.0,0.704,0.873,0.742,-4.057,154.914,366880.0,0.121,0.144,5.12e-06,0.24,19FsxX4RthRMZGfXkImdCb
novacandy,post malone,54.0,,2023-07-28,85.0,47716988.0,0.0,0.0,,,,,,,,,,,6V1TqJxtw3P0ouCKICvl9l
novacane,frank ocean,81.0,,2011-01-01,83.0,20280852.0,0.0,0.0,0.762,0.508,0.37,-9.112,93.51,302346.0,0.0584,0.0919,0.00126,0.16,4osgfFTICMkcGbbigdsa53
november air,zach bryan,2.0,,2022-12-25,84.0,7325625.0,0.0,0.0,0.429,0.197,0.197,-9.798,128.49,243709.0,0.774,0.032,3.02e-06,0.146,66ERrn57fmkbOq9zhELGPv
november rain,guns n' roses,82.0,,1991-09-17,80.0,35196831.0,0.0,0.0,0.294,0.641,0.226,-9.316,79.759,536066.0,0.0163,0.0291,0.22,0.112,3YRCqOhFifThpSRFJ1VWFM
now or never,halsey,1.0,,2017,80.0,22392682.0,0.0,0.0,0.67,0.585,0.447,-4.861,110.03,214801.0,0.107,0.0354,1.11e-06,0.131,7i2DJ88J7jQ8K7zqFX2fW8
nowhere man,the beatles,63.0,,2000,82.0,30721676.0,0.0,0.0,0.534,0.624,0.687,-9.589,121.402,163693.0,0.00797,0.0462,0.0,0.128,5SUlhldQJtOhUr2GzH5RI7
nuevayol,bad bunny,89.0,,2025-01-05,95.0,102571645.0,0.0,1.0,,,,,,,,,,,5TFD2bmFKGhoCRbX61nXY5
numb,linkin park,87.0,,2003-03-25,88.0,31785695.0,0.0,0.0,0.496,0.863,0.243,-4.153,110.018,185586.0,0.0046,0.0381,0.0,0.639,1y1sChqjzdNWzwdHQADMrR
numb,marshmello,70.0,,2022-11-11,80.0,34476607.0,0.0,0.0,0.912,0.774,0.632,-4.673,119.966,155588.0,0.121,0.0455,0.0127,0.101,10xV5l9nhLvFpR8mqzs0bL
numb,xxxtentacion,75.0,,2018-03-16,,,0.0,0.0,0.414,0.416,0.196,-8.024,159.91,186267.0,0.1,0.0251,0.179,0.131,01TnVDiet1DFTsyWKUKovl
numb little bug,em beihold,69.0,,2022-01-14,67.0,676095.0,0.0,0.0,0.742,0.527,0.638,-6.892,84.974,169237.0,0.327,0.0769,0.0,0.25,02gH8djuf4t1V0aCaPBfNM
numb little bug - piano version,em beihold,57.0,,2022-01-14,67.0,676095.0,0.0,0.0,0.583,0.268,0.846,-8.417,84.697,165320.0,0.757,0.0617,0.0,0.0805,7zQs5RxMWQBVDTW9zl9CHu
numb the pain,xxxtentacion,60.0,,2019-12-06,,,0.0,0.0,0.683,0.0759,0.74,-10.567,93.186,82470.0,0.902,0.032,0.0,0.089,4rhr8LgQoPtWkQaXVPSNOO
numbers,melanie martinez,52.0,,2020-09-25,75.0,22219717.0,0.0,0.0,,,,,,,,,,,7D0VClhoNONSsdPYWwcTej
nunca me acuerdo de olvidarte,shakira,25.0,,2014-03-21,85.0,39798156.0,0.0,1.0,,,,,,,,,,,6YzJIzT0FMxrEpRlUeLpAT
nuthin but a g'thang,snoop dogg,72.0,,2019-07-24,80.0,15695279.0,0.0,1.0,0.813,0.676,0.705,-9.159,94.629,235892.0,0.00842,0.296,0.0,0.171,1Mt7JLzBMXjTVKcdeD437t
"nuthin' but a g"" thang""",dr. dre,76.0,,1992-12-15,78.0,15089626.0,0.0,1.0,,,,,,,,,,,5Tbpp3OLLClPJF8t1DmrFD
o come all ye faithful,carrie underwood,2.0,,2020-09-25,68.0,6125781.0,0.0,0.0,0.248,0.308,0.34800000000000003,-6.7459999999999996,91.29,194454.0,0.797,0.03,0.0,0.118,2j9EhXt9y02th8iPkQUFsL
o come all ye faithful,nat king cole,0.0,,2000,,,0.0,0.0,0.268,0.204,0.20666666666666667,-12.486666666666666,105.01566666666668,140932.66666666666,0.7186666666666667,0.028399999999999998,3.9466666666666664e-06,0.22866666666666668,0wUDgZ2hZAJkqDhanHqsUx
o holy night,lauren alaina,0.0,,2016-11-18,,,0.0,0.0,0.287,0.498,0.141,-5.75,170.774,268373.0,0.717,0.029,2.29e-06,0.072,0d6VlFG2bn8yL0wiGgJRPx
o holy night,nat king cole,0.0,,2010-09-08,,,0.0,0.0,0.123,0.261,0.136,-11.245,82.062,176226.0,0.718,0.0288,0.0,0.14,4ChVFOiAIPwnKLgWGUcErS
o little town of bethlehem,nat king cole,0.0,,2006,,,0.0,0.0,0.274,0.22799999999999998,0.188,-13.2425,121.392,138359.5,0.8885000000000001,0.029650000000000003,3.0550000000000004e-06,0.10305,1fBUmT2qNGdTgaS4XXwGnA
o tannenbaum,nat king cole,0.0,,2011,,,0.0,0.0,0.25,0.228,0.198,-14.185999999999998,90.001,180200.0,0.811,0.0364,0.000166,0.199,1xhcTzaagUhTciiOwbCoYR
"ob-la-di, ob-la-da",the beatles,71.0,,1988,82.0,30721676.0,0.0,0.0,0.818,0.728,0.975,-8.331,113.059,188960.0,0.232,0.0314,0.0642,0.251,1gFNm7cXfG1vSMcxPpSxec
oblivion,bastille,41.0,,2013-01-01,72.0,5647181.0,0.0,0.0,,,,,,,,,,,6ZeQp2XTOiPCePWRfCHSo5
obsessed,mariah carey,81.0,,2009-09-29,79.0,11913071.0,0.0,0.0,,,,,,,,,,,5EGPf0nqO7vEIwsOX6Er98
obsessed,olivia rodrigo,74.0,,2024-03-22,85.0,49083617.0,0.0,0.0,,,,,,,,,,,6tNgRQ0K2NYZ0Rb9l9DzL8
obsolete,of mice & men,57.0,,2021-02-26,,,0.0,0.0,0.407,0.95,0.246,-6.998,191.741,265750.0,0.000103,0.193,0.191,0.516,0FCY8j3JRrZ2ynRUdMK9pS
obvious,ariana grande,61.0,,2020-10-30,90.0,107374593.0,0.0,0.0,,,,,,,,,,,0q85C1JiECyYIQthz1posA
occur,michael jackson,58.0,30000.0,2016-09-22,85.0,37446069.0,0.0,0.0,0.49,0.78,,-30.75,152.56,306240.0,,,0.238,,TRK-55C5AB188988
ocean,martin garrix,65.0,,2019-01,74.0,15121577.0,0.0,0.0,0.506,0.693,0.221,-7.265,139.912,216419.0,0.584,0.0412,9.58e-05,0.0891,3nc420PXjTdBV5TN0gCFkS
ocean eyes,billie eilish,83.0,,2016-11-18,90.0,118692183.0,0.0,0.0,0.511,0.363,0.169,-7.65,144.892,200379.0,0.816,0.041,0.0317,0.084,2uIX8YMNjGMD7441kqyyNU
octopus's garden,the beatles,65.0,,1969-09-26,82.0,30718195.0,0.0,0.0,0.626,0.512,0.73,-9.15,92.225,170720.0,0.155,0.0247,4.65e-05,0.215,0suLngfo7rJoetk7Ub6N8l
ode to sleep,twenty one pilots,39.0,,2013-01-08,83.0,25759662.0,0.0,0.0,,,,,,,,,,,7wwsdetDpqdnajrqnhU50M
off my face,justin bieber,71.0,,2021-03-19,91.0,85022258.0,0.0,0.0,,,,,,,,,,,3T03rPwlL8NVk1yIaxeD8U
off the table (with the weeknd),ariana grande,65.0,,2020-10-30,90.0,107374593.0,0.0,0.0,,,,,,,,,,,7E1jVNoWuemqUryI4FxsVD
off to the races,lana del rey,61.0,,2012-01-01,88.0,51847587.0,0.0,0.0,,,,,,,,,,,3uUCgL0cbSd0isnqhHCm1f
off white vlone (lil baby & gunna feat. lil durk & nav),lil baby,57.0,,2018-10-05,84.0,21644763.0,0.0,0.0,,,,,,,,,,,6PoKfDY78ih5OveWirggRX
officially christmas,dan + shay,0.0,,2021-11-09,66.0,3203185.0,0.0,0.0,0.655,0.677,0.62,-4.278,127.041,178386.0,0.146,0.0326,0.0,0.131,3QXRiVwxn7MHstHs11mwkX
often,the weeknd,80.0,,2015-08-28,94.0,112995439.0,0.0,1.0,,,,,,,,,,,4PhsKqMdgMEUSstTDAmMpg
oh love,green day,56.0,,2012,80.0,17327094.0,0.0,0.0,0.427,0.773,0.695,-4.222,171.806,303293.0,0.00605,0.115,4.02e-06,0.0396,1qIgyDoc2rwtq8w49jeWL8
oh me,nirvana,61.0,,1994-11-01,81.0,23384088.0,0.0,0.0,0.538,0.51,0.262,-13.192,72.471,206160.0,0.726,0.102,0.0187,0.205,2vfCSwToh0Am0O4zgHXfn7
oh my god,adele,72.0,,2023-10-12,83.0,66720643.0,0.0,0.0,0.534,0.725,0.55,-3.906,88.098,225148.0,0.091,0.046,0.0,0.0264,3Kkjo3cT83cw09VJyrLNwX
oh yeah!,green day,0.0,,2020-02-07,80.0,17327094.0,0.0,0.0,0.623,0.792,0.584,-6.37,127.043,171160.0,7e-05,0.0665,0.00467,0.159,7EU1RzKt7PJO9KyXzYcG23
oh! darling,the beatles,68.0,,1969-09-26,82.0,30721676.0,0.0,0.0,0.422,0.656,0.549,-8.412,173.93,207240.0,0.0126,0.0397,0.0279,0.268,2mxByJWOajjiVsLWjNXvDJ
oh! darling - 2019 mix,the beatles,52.0,,1996-10-28,82.0,30721676.0,0.0,0.0,0.437,0.669,0.514,-6.524,173.67,207146.0,0.0344,0.0395,0.00395,0.347,3UHv8SSIkNUDRBUHJx3Cg6
ojitos lindos,bad bunny,82.0,,2022-05-06,95.0,102536542.0,0.0,1.0,0.647,0.686,0.268,-5.745,79.928,258298.0,0.08,0.0413,1.34e-06,0.528,3k3NWokhRRkEPhCzPmV8TW
ojuelegba,wizkid,59.0,,2014-09-17,79.0,9449714.0,0.0,0.0,0.645,0.748,0.903,-5.888,100.056,216242.0,0.154,0.0351,0.000283,0.239,1AtBzcUzKLh4BGwXhFA9K6
ok not to be ok,marshmello,60.0,,2020-09-10,80.0,34478237.0,0.0,0.0,0.743,0.837,0.263,-5.025,103.072,159862.0,0.0172,0.0649,0.0,0.0743,0zzVTGyRrWpQu8Fr28NRAv
oklahoma smokeshow,zach bryan,5.0,,2022-07-15,84.0,7325625.0,0.0,0.0,0.544,0.573,0.233,-5.694,122.97700000000002,211739.0,0.0958,0.0356,0.0,0.104,1uv9nDXqHJkybUGfVJws3U
okloser,doja cat,54.0,,2024-04-05,86.0,34735147.0,0.0,0.0,,,,,,,,,,,3Vlt0DKYBK0h3Vf92nywhp
old age - boombox rehearsals,nirvana,18.0,,1991-09-26,81.0,23398010.0,0.0,0.0,,,,,,,,,,,5E0aySFI5GK2NGMrnSFbKu
old me,5 seconds of summer,0.0,,2020-03-27,76.0,10246566.0,0.0,0.0,,,,,,,,,,,4POHzEwNTCYaIvqCUp3NnO
old money,lana del rey,67.0,,2014-01-01,88.0,51821190.0,0.0,0.0,,,,,,,,,,,6IfPyMb0Sxptpx6jBUATOS
old money,playboi carti,61.0,,2018-05-11,86.0,15031490.0,0.0,0.0,,,,,,,,,,,0syXbGoFZbTMXm8hGCEvW0
old town road,lil nas x,72.0,,2018-12-03,71.0,12310527.0,0.0,0.0,0.907,0.53,0.507,-6.112,135.998,113000.0,0.0578,0.127,2.23e-06,0.101,0F7FA14euOIX8KcbEturGH
old town road - remix,lil nas x,76.0,,2018-12-03,71.0,12310527.0,0.0,0.0,0.878,0.619,0.639,-5.56,136.041,157066.0,0.0533,0.102,0.0,0.113,2YpeDb67231RjR0MgVLzsG
omg,usher,77.0,,2010-03-30,80.0,13749886.0,0.0,1.0,,,,,,,,,,,1bM50INir8voAkVoKuvEUI
omg what's happening,ava max,0.0,,2020-09-03,77.0,7750481.0,0.0,0.0,0.698,0.854,0.931,-3.84,124.042,179831.0,0.101,0.0451,0.0,0.107,3Qb13vRv3zludproxlfl4U
on,bts,74.0,,2020-02-21,85.0,81181104.0,0.0,0.0,0.58,0.8140000000000001,0.4465,-5.146,105.9505,246598.5,0.11449999999999999,0.10800000000000001,0.0,0.34199999999999997,0U4hNZFJYNFdEAXZcHbkkc
on a plain,nirvana,56.0,,1991-09-26,81.0,23384088.0,0.0,0.0,0.5655,0.8705,0.4945,-6.6530000000000005,125.603,209579.5,0.2165595,0.07145,1.685e-06,0.297,0hlH4m9mmhjzWHwA2svcob
on a plain - boombox rehearsals,nirvana,17.0,,1991-09-26,81.0,23384088.0,0.0,0.0,,,,,,,,,,,2esxVrlugqjoQtQcj82x8R
on a plain - devonshire mix,nirvana,21.0,,1991-09-26,81.0,23398010.0,0.0,0.0,,,,,,,,,,,3NfsrLxU2YS52zSS1cOlTI
on a plain - live at the paramount,nirvana,21.0,,1991-09-26,81.0,23398010.0,0.0,0.0,,,,,,,,,,,08XzitCoweuQbrx5tvk3tZ
on fire,eminem,53.0,,2010-06-18,88.0,104559284.0,0.0,1.0,,,,,,,,,,,6HLZaECJKDjNE0jiGBeqxz
"on love, in sadness",jason mraz,19.0,,2002-10-15,71.0,7312594.0,0.0,0.0,0.56,0.832,0.802,-5.595,100.957,208793.0,0.108,0.0352,0.0,0.232,73oHkllHIT8fdbzpxiXW40
on melancholy hill,gorillaz,78.0,,2010,82.0,14505359.0,0.0,0.0,0.689,0.739,0.578,-5.81,120.423,233866.0,1.51e-05,0.026,0.509,0.064,0q6LuUqGLUiCPP1cbdwFs3
on my mind,alex warren,70.0,,2025-06-27,84.0,2885506.0,0.0,0.0,,,,,,,,,,,1tMRh8jiYlmatpVeWWesCe
on my mind,disciples,58.0,,2017,,,0.0,0.0,0.744,0.857,0.7705,-3.65825,122.05375,185581.0,0.072825,0.04335,3.28e-05,0.05255,03r29RsAupsanSGQJwr63j
on my mind,ellie goulding,66.0,,2015-09-17,78.0,13212719.0,0.0,0.0,0.702,0.705,0.743,-6.666,154.911,213445.0,0.258,0.0543,5.93e-06,0.0879,5a7NdkF09AfD0H607eiOkX
on my own,miley cyrus,42.0,,2013-10-04,81.0,26561582.0,0.0,0.0,,,,,,,,,,,68zC6NEny9EG3OuE6npJcr
on my sleeve,creed,55.0,,2009-10-27,73.0,4303697.0,0.0,0.0,0.452,0.911,0.221,-3.859,144.028,254386.0,0.00198,0.0592,0.0,0.108,5rqV8nkm4TM1AtuByswVKa
on my way to you,cody johnson,0.0,,2018-08-10,73.0,1943383.0,0.0,0.0,0.445,0.537,0.246,-5.477,157.98,213306.0,0.331,0.0311,5e-05,0.0866,0EnvJBejWaMxn3qAvWV4B9
on that time,playboi carti,64.0,,2020-12-25,86.0,15026799.0,0.0,0.0,,,,,,,,,,,3dl8bSF08LQfCf4T6CCksf
on the floor,jennifer lopez,81.0,,2011-04-29,74.0,13708054.0,0.0,1.0,0.73,0.777,0.575,-5.194,130.0,284866.0,0.105,0.0496,0.000478,0.0691,3C0nOe05EIt1390bVABLyN
on the floor (ven a bailar) - bonus track,jennifer lopez,44.0,,2011-04-29,74.0,13708054.0,0.0,1.0,,,,,,,,,,,4htjXtjySdVDU6QRPOGgg9
"on the floor - on the floor"" - low sunday radio edit""",jennifer lopez,29.0,,2011-04-29,74.0,13708054.0,0.0,1.0,,,,,,,,,,,3e9Q61ay1hi7wgqiw9UP46
on the floor - radio edit,jennifer lopez,73.0,,2011-01-01,74.0,13709065.0,0.0,1.0,,,,,,,,,,,0Oe49j06Bjrxs8PltuVeaW
on the ground,rosé,72.0,,2021-03-12,,,0.0,0.0,0.311,0.607,0.286,-6.578,188.7,168085.0,0.0174,0.11,0.0,0.131,2xgACMNtJ5YktyvOC83SPO
on the road,post malone,67.0,,2019-09-06,86.0,47726839.0,0.0,0.0,,,,,,,,,,,12Fkyg9lpmaz2zmKOfw2Y2
on the street where you live,nat king cole,1.0,,2005,,,0.0,0.0,0.369,0.421,0.326,-10.346,71.923,192826.0,0.61,0.0397,0.0,0.195,69d9Rusw6W1cZyat1l96tO
on top of the world,imagine dragons,77.0,,2012-09-04,85.0,58375520.0,0.0,0.0,0.6094999999999999,0.9245000000000001,0.757,-5.5865,99.9375,192540.0,0.0869,0.153,4.24e-06,0.08605,213x4gsFDm04hSqIUkg88w
one,creed,58.0,,2001-02-12,73.0,4303697.0,0.0,0.0,0.557,0.933,0.435,-3.7,110.946,302533.0,2.14e-05,0.035,8.66e-06,0.117,35GwlKlVXgFCMF5uTp5r7P
one,ed sheeran,59.0,,2014-06-21,88.0,122802777.0,0.0,0.0,,,,,,,,,,,5TvFfDlVoUWZvfqrhTJzD7
one,metallica,73.0,,2010-02-04,81.0,32161423.0,0.0,0.0,0.437,0.695,0.413,-9.447,102.178,447440.0,0.00111,0.0617,0.0857,0.124,5IX4TbIR5mMHGE4wiWwKW0
one - radio edit,swedish house mafia,0.0,,2010-11-05,75.0,3948613.0,0.0,0.0,0.802,0.78,0.623,-6.564,125.027,169920.0,0.0075,0.0367,0.824,0.147,1beeD7dhYYODv4dl55wNRK
one and only,adele,62.0,,2011-04-28,83.0,66705650.0,0.0,0.0,0.528,0.468,0.185,-5.306,154.974,348226.0,0.295,0.0287,0.0,0.165,5W63Zcirj6bvnTxhVIKTSK
one and only,koe wetzel,46.0,,2019-06-20,,,0.0,0.0,0.394,0.734,0.371,-5.364,153.891,227248.0,0.0113,0.0335,0.0,0.139,7d0r2pZJOkZCkS1sVmx6Tc
one call away,charlie puth,73.0,,2015-08-20,80.0,25310805.0,0.0,0.0,0.667,0.613,0.4715,-5.353,91.024,194453.0,0.40075000000000005,0.034475000000000006,0.0,0.115,01wBDjAFsN9GWhsX4wTZAM
one dance,drake,88.0,,2016-05-06,95.0,103039388.0,0.0,0.0,0.79,0.615,0.39849999999999997,-5.5975,103.95349999999999,173979.5,0.008375,0.0557,0.002275,0.3235,12VWzyPDBCc8fqeWCAfNwR
one day,tate mcrae,69.0,,2017-12-04,88.0,9256589.0,0.0,0.0,,,,,,,,,,,4Ey0LK1HzksUqm9JLzzKuD
one in a million - alok remix,bebe rexha,39.0,,2023-10-13,76.0,9839947.0,0.0,0.0,,,,,,,,,,,0nuszfz2u3hjdCDaNhc4m2
one kiss (with dua lipa),calvin harris,79.0,,2018-10-19,84.0,23078931.0,0.0,0.0,0.791,0.862,0.592,-3.24,123.994,214846.0,0.037,0.11,2.19e-05,0.0814,7ef4DlsgrMEH11cDZd32M6
one last breath,creed,72.0,,2002-05-07,73.0,4303697.0,0.0,0.0,0.383,0.6985,0.1835,-5.798,128.292,238806.5,0.0087,0.0351,0.002565,0.281,42T2QQv3xgBlpQxaSP7lnK
one last time,ariana grande,85.0,,2014-08-22,90.0,107374593.0,0.0,0.0,0.628,0.593,0.104,-5.036,125.026,197266.0,0.093,0.0323,1.65e-06,0.096,3mbaod7ARSaS3fr5mOMkk1
one love,jennifer lopez,28.0,,2011-04-29,74.0,13710072.0,0.0,1.0,,,,,,,,,,,5iHVVN1pjPiSio7qrpOhpi
one love / people get ready - medley,bob marley & the wailers,71.0,,1978-04-22,,,0.0,0.0,0.67,0.516,0.939,-9.598,154.186,172933.0,0.0673,0.366,0.0,0.0674,6SR0dDuXH2vtgBfMLrivKV
one more chance - hip hop mix,the notorious b.i.g.,0.0,,2024-09-20,75.0,12762931.0,0.0,0.0,0.886,0.863,0.737,-3.839,90.941,305653.0,0.625,0.2,0.0,0.332,0t2NKkUqJAA72D8WabGTsN
one more chance / stay with me - remix; 2007 remaster,the notorious b.i.g.,65.0,,2024-04-20,75.0,12762931.0,0.0,0.0,0.725,0.68,0.695,-6.037,90.964,268706.0,0.149,0.224,0.0,0.127,7fXhkARAtS66kxexMIAx8O
one more light - steve aoki chester forever remix,linkin park,43.0,,2017-10-27,88.0,31785695.0,0.0,0.0,0.439,0.688,0.117,-4.574,179.984,250666.0,0.00714,0.0529,0.0,0.109,2KLX7YuMHdGxiMevRe5W7k
one more night,maroon 5,79.0,,2012-01-01,85.0,45764832.0,0.0,1.0,,,,,,,,,,,4XNrMwGx1SqP01sqkGTDmo
one number away,luke combs,76.0,,2017-06-02,83.0,13397845.0,0.0,0.0,,,,,,,,,,,4gB7HrYHbJVJ5RFOjxmoq4
"one of the girls (with jennie, lily rose depp)",the weeknd,91.0,,2023-06-23,93.0,112957721.0,0.0,1.0,,,,,,,,,,,1VNWdmXSbaNrnWod10WIL0
one of these nights - 2013 remaster,eagles,71.0,,1996,75.0,12152190.0,0.0,0.0,0.655,0.606,0.765,-10.385,110.061,291685.0,0.0603,0.0285,0.0789,0.0757,608xszaAxVh4m7NcKJiAbF
one of wun,gunna,80.0,,2024-05-10,85.0,10353625.0,0.0,0.0,,,,,,,,,,,4Na2HfNSr58chvfX69fy36
one right now (with the weeknd),post malone,67.0,,2021-11-05,86.0,47722935.0,0.0,0.0,,,,,,,,,,,00Blm7zeNqgYLPtW6zg8cj
one step closer,linkin park,83.0,,2000-10-24,88.0,31785695.0,0.0,0.0,0.492,0.969,0.538,-4.419,95.13633333333333,157333.0,0.0014133333333333333,0.049133333333333334,1.3333333333333332e-06,0.07876666666666667,1qIQeMHFw09UjBpgrsrdys
one step closer - live,linkin park,25.0,,2003-11-18,88.0,31785695.0,0.0,0.0,0.353,0.979,0.242,-4.464,94.995,247066.0,4.97e-05,0.0942,0.000125,0.41,3s7NKMJGgF8jKE6ICuCdBR
one take,lil tjay,68.0,,2019-10-11,74.0,10192579.0,0.0,0.0,0.76,0.615,0.351,-9.36,148.014,168653.0,0.072,0.33,0.0,0.0571,4uu7gKd1PffC7QEMcMk0Ro
one thing,lola young,78.0,,2025-05-16,77.0,1462626.0,0.0,0.0,,,,,,,,,,,6KFQdIB3njXBQNcg1xUh9U
one thing,one direction,75.0,,2012-05-25,83.0,40275440.0,0.0,0.0,,,,,,,,,,,5G2c6FsfTzgYUzageCmfXY
one time,justin bieber,3.0,,2022-03-16,91.0,85008100.0,0.0,0.0,0.69,0.856,0.74,-2.549,145.966,215586.0,0.0689,0.0376,7.82e-05,0.0761,1i5nDFmDSi8Q3UPRVnbc03
only,nicki minaj,63.0,,2014-12-15,84.0,34293318.0,0.0,0.0,,,,,,,,,,,4MRT0dDbhqFKl67WzhUbSw
only girl (in the world),rihanna,85.0,,2010-01-01,90.0,68997177.0,0.0,1.0,,,,,,,,,,,2ENexcMEMsYk0rVJigVD3i
only girl (in the world) - ccw radio mix,rihanna,41.0,,2010-01-01,90.0,68997177.0,0.0,1.0,,,,,,,,,,,25A1RmT5eh7C99KXfESRj5
only girl (in the world) - the bimbo jones radio,rihanna,40.0,,2010-01-01,90.0,69030894.0,0.0,1.0,,,,,,,,,,,3Tb4oHMR617zvLANuiV1ok
only human,jonas brothers,72.0,,2019-06-07,75.0,7761454.0,0.0,0.0,,,,,,,,,,,0DiDStADDVh3SvAsoJAFMk
only the good die young,billy joel,68.0,,1998-05-27,78.0,7402824.0,0.0,0.0,0.579,0.872,0.761,-6.126,76.214,235560.0,0.159,0.159,0.0,0.0935,1xOXXYh6lTW8laxlW7JP2J
"only the good die young - live at yankee stadium, bronx, ny - june 1990",billy joel,50.0,,1998,78.0,7402824.0,0.0,0.0,0.366,0.956,0.543,-4.909,157.943,222640.0,0.301,0.172,0.0,0.971,7rwHRvR50VhG135VmovIe4
only the young - featured in miss americana,taylor swift,57.0,,2020-01-31,100.0,145489371.0,0.0,0.0,,,,,,,,,,,2slqvGLwzZZYsT4K4Y1GBC
only thing i ever get for christmas,justin bieber,1.0,,2011-11-01,91.0,85008100.0,0.0,0.0,0.54,0.63,0.321,-8.032,85.648,192160.0,0.217,0.0494,0.0,0.111,1ztf4sRocsJ9PrdzGGYonb
oops,martin garrix,46.0,,2016-06-12,74.0,15121577.0,0.0,0.0,0.618,0.535,0.154,-6.941,128.022,232509.0,0.00115,0.0421,0.0,0.377,1GbVo45KvYX3chroJggkIx
oops!...i did it again,britney spears,81.0,,2000-05-16,81.0,17761102.0,0.0,0.0,,,,,,,,,,,6naxalmIoLFWR0siv8dnQQ
opalite,taylor swift,97.0,,2025-10-03,100.0,145443567.0,0.0,0.0,,,,,,,,,,,3yWuTOYDztXjZxdE2cIRUa
open arms,journey,70.0,,2005-11-08,73.0,6505444.0,0.0,0.0,0.405,0.21,0.174,-13.214,100.577,202173.0,0.584,0.0279,0.0,0.139,2w4EpqGasrz9qdTwocx54t
open hearts,the weeknd,73.0,,2025-01-31,93.0,112918137.0,0.0,1.0,,,,,,,,,,,0sTBOp1hdayTjw6UOyPyi6
opening night,the weeknd,64.0,,2025-01-31,94.0,112995439.0,0.0,1.0,,,,,,,,,,,4Msr8L0gHGDsLSBlk7pSPU
operation,brett young,25.0,1000.0,2020-11-16,,,0.0,0.0,0.19,0.47,,-3.29,95.99,104258.0,,,0.163,,TRK-39D08A1DA168
ophelia,the lumineers,5.0,,2016-12-03,76.0,5903211.0,0.0,0.0,0.664,0.573,0.566,-6.519,76.023,160097.0,0.613,0.0277,0.000363,0.0857,5NORWMFC27ywGSZxi8uquP
options,doja cat,59.0,,2021-06-25,86.0,34735147.0,0.0,0.0,,,,,,,,,,,1ayV64ur8VWgc6OPtPRl1q
or nah,ty dolla $ign,80.0,,2014-06-10,81.0,7319540.0,0.0,0.0,0.805,0.33,0.211,-8.712,121.97,242983.0,0.22,0.1,0.0,0.105,7t2bFihaDvhIrd2gn2CWJO
orange magic,julia michaels,0.0,,2021-04-30,69.0,5292876.0,0.0,0.0,0.563,0.6709999999999999,0.37399999999999994,-5.458000000000001,80.018,173937.0,0.00683,0.0295,0.0,0.139,2DB21D2l8KmdLXid8327i2
orange soda,baby keem,75.0,,2019-07-19,72.0,3128839.0,0.0,0.0,,,,,,,,,,,5FkoSXiJPKTNyYgALRJFhD
ordinary,alex warren,91.0,,2024-09-26,84.0,2890457.0,0.0,0.0,,,,,,,,,,,2RkZ5LkEzeHGRsmDqKwmaJ
ordinary human,onerepublic,44.0,,2014-01-01,,,0.0,0.0,0.282,0.719,0.276,-7.633,99.992,291613.0,0.196,0.0335,0.000358,0.107,35PyovSr4wZwaFtnrfZUKp
ordinary life,the weeknd,61.0,,2016-11-25,93.0,112918137.0,0.0,1.0,,,,,,,,,,,15k2nBQJ0teDmPZHrOXL2N
ordinary things,ariana grande,62.0,,2024-03-08,90.0,107401919.0,0.0,0.0,,,,,,,,,,,4mHM5d2fK3n8xgymjf92w2
original sin,elton john,42.0,,2001-10-02,80.0,15542286.0,0.0,0.0,0.689,0.635,0.439,-7.153,104.971,289426.0,0.12,0.0251,0.000206,0.121,5bCzEzg4PSJ3jNcNojmdGm
otaku hot girl,megan thee stallion,61.0,,2024-06-28,76.0,10890822.0,0.0,0.0,,,,,,,,,,,6saYisCUAZXc505blie9kZ
other side of love,sean paul,50.0,,2013-12-16,81.0,5279150.0,0.0,0.0,0.826,0.793,0.261,-3.645,119.972,185973.0,0.00518,0.047,0.00347,0.05,2phNY2bHpAbROCrpAZw2R2
other side of the world,kt tunstall,61.0,,2007-03-12,,,0.0,0.0,0.46399999999999997,0.6895,0.3685,-5.373,120.09049999999999,214560.0,0.486,0.03225,0.0,0.0833,0P0v83waDX4ElzSgmF1cG5
otherside,post malone,61.0,,2018-04-27,85.0,47716988.0,0.0,0.0,,,,,,,,,,,4qWCFTuNnmGNdY4egtb4ZY
otherside,red hot chili peppers,84.0,,1999-06-08,83.0,23226759.0,0.0,0.0,0.458,0.795,0.513,-3.265,123.229,255373.0,0.00316,0.0574,0.000202,0.0756,64BbK9SFKH2jk86U3dGj2P
otro atardecer,bad bunny,80.0,,2022-05-06,95.0,102571645.0,0.0,1.0,0.777,0.595,0.546,-6.79,108.02,244444.0,0.59,0.0375,0.00139,0.0669,0E0DRHf5PfMeor0ZCwB3oT
oui,jeremih,76.0,,2015-12-04,73.0,7218544.0,0.0,0.0,,,,,,,,,,,0PJIbOdMs3bd5AT8liULMQ
our day will come,amy winehouse,64.0,,2017,75.0,9747371.0,0.0,0.0,0.705,0.634,0.639,-6.083,98.008,169373.0,0.0405,0.0282,3.53e-05,0.349,4NDpn6yfD5aqafYWFEaJDz
our song,taylor swift,32.0,,2017-11-09,100.0,145396321.0,0.0,0.0,,,,,,,,,,,7qGr3rjRhndRIpFUA5f2HJ
ours,taylor swift,28.0,,2017-11-09,100.0,145396321.0,0.0,0.0,,,,,,,,,,,0V3SNHDka1JSCP71HAzpxw
out of love,alessia cara,64.0,,2022-01,72.0,12274759.0,0.0,0.0,0.481,0.267,0.137,-9.249,117.64,227693.0,0.8,0.0339,0.0,0.249,4WzhjxvLP95y7AMDy0Atwb
out of the old,olivia rodrigo,52.0,,2020-01-10,84.0,49050008.0,,,,,,,,,,,,,6YYF7BRXYbGIHd3FLeU9R4
out of the woods,taylor swift,63.0,,2014-01-01,100.0,145443567.0,0.0,0.0,,,,,,,,,,,0GmfiNHSgkKamYgQEMYOH3
out of time,the weeknd,76.0,,2022,94.0,112995439.0,0.0,1.0,0.629,0.763,0.809,-4.279,93.023,214190.0,0.244,0.0453,0.0,0.312,2SLwbpExuoBDZBpjfefCtV
out thë way,yeat,72.0,,2022-09-09,79.0,5976603.0,0.0,0.0,,,,,,,,,,,6IyoLWzljeR3ldQo4KWHT6
out west,jackboys,75.0,,2019-12-27,62.0,1315942.0,0.0,0.0,,,,,,,,,,,6gi6y1xwmVszDWkUqab1qw
outcast,koe wetzel,44.0,,2020-11-20,,,0.0,0.0,0.511,0.347,0.0514,-8.729,95.088,241005.0,0.726,0.025,0.00105,0.375,5WSej8avliNGF113FGCDJL
outlaws,alessia cara,39.0,,2015-11-13,72.0,12274170.0,0.0,0.0,,,,,,,,,,,2QF6zppCfQQndqElgg6SM8
outrageous,britney spears,60.0,,2003-11-13,80.0,17755451.0,0.0,0.0,,,,,,,,,,,2vPCRs3g0vdLU8sHlAEytO
outro : ego,bts,66.0,,2020-02-21,,,0.0,0.0,0.808,0.903,0.473,-3.106,116.988,196198.0,0.0121,0.0957,0.000248,0.0993,2LVw2bIK99go1NdD77dUCW
outro: wings,bts,66.0,,2017-02-13,,,0.0,0.0,0.651,0.903,0.658,-3.117,125.032,225446.0,0.00503,0.129,0.0,0.0875,7kyUapJyppdjzoAWB6XS14
outside,calvin harris,85.0,,2014-10-31,84.0,23078931.0,0.0,0.0,0.646,0.823,0.418,-4.123,128.035,227266.0,0.213,0.0394,0.0,0.322,7MmG8p0F9N3C4AXdK6o6Eb
outside,cardi b,67.0,,2025-06-20,81.0,25956015.0,0.0,0.0,,,,,,,,,,,139nLHDFZNr3anx8CpUy7u
outside,the weeknd,46.0,,2012-11-13,94.0,112995439.0,0.0,1.0,,,,,,,,,,,5RgSyslysUK17GhRli5ksZ
outside today,youngboy never broke again,73.0,,2018-04-27,84.0,14950457.0,0.0,0.0,,,,,,,,,,,5PIfH6BzcmH04RDmtzF0BN
ova dweet (mixed),popcaan,3.0,,2016-04-28,,,0.0,0.0,0.503,0.673,0.539,-7.685,128.454,151500.0,0.126,0.395,0.0,0.607,45oxtVfleBBYG9ps80hyTL
over,playboi carti,69.0,,2020-12-25,86.0,15031490.0,0.0,0.0,,,,,,,,,,,08dz3ygXyFur6bL7Au8u8J
over my head (cable car),the fray,70.0,,2005-04-28,73.0,4290585.0,0.0,0.0,0.592,0.729,0.709,-4.156,116.03,236266.0,0.022,0.0448,0.0,0.0653,1N62wozuHCvczCkY4QidpP
over now,post malone,66.0,,2018-04-27,86.0,47722935.0,0.0,0.0,,,,,,,,,,,09IOPhEh1OMe0HD9b36FJk
over now (with the weeknd),calvin harris,61.0,,2020-11-06,84.0,23079295.0,0.0,1.0,0.612,0.884,0.679,-4.113,178.043,210795.0,0.0759,0.0454,0.00132,0.247,58AGoOGbwsQMhBbH0eFLRR
over you,daughtry,60.0,,2008-09-04,65.0,2382165.0,0.0,0.0,0.423,0.922,0.567,-2.601,156.0545,204853.0,0.017,0.0411,0.0,0.102,3sC7PN1vjzEovhjHlQse3N
overcome,creed,58.0,,2009-09-25,73.0,4303697.0,0.0,0.0,0.328,0.926,0.392,-3.187,194.877,226826.0,0.00123,0.0756,0.0,0.127,25TQBBKOrtTfnH6QBM9He1
overcompensate (edit),twenty one pilots,48.0,,2024-02-29,83.0,25762646.0,0.0,0.0,,,,,,,,,,,7kcApwUclbIw9B6MuVmqPc
overdose,alessia cara,40.0,,2015-11-13,72.0,12274759.0,0.0,0.0,,,,,,,,,,,1ze9WxnqqYD81CjLOkHIo4
overdrive,post malone,55.0,,2023-07-28,85.0,47716988.0,0.0,0.0,,,,,,,,,,,3uMO7jmdXxwSijvxNXDgE4
overheated,billie eilish,66.0,,2021-07-30,90.0,118760311.0,0.0,0.0,,,,,,,,,,,5uSG6fUPRaehaV820zcpsK
overpass graffiti,ed sheeran,0.0,,2021-10-29,88.0,122773292.0,0.0,0.0,0.52,0.849,0.774,-3.794,175.908,236906.0,0.00253,0.186,0.0,0.119,2qnPHH7uVDyBCRFJJ0tvfh
oxytocin,billie eilish,72.0,,2022-10-01,90.0,118692183.0,0.0,0.0,0.757,0.598,0.18,-7.777,124.951,210232.0,0.0904,0.058,0.551,0.15,4t2OeILB07eMGTXSUbMPEu
oye baby,pitbull,40.0,,2011-06-17,84.0,11933906.0,0.0,0.0,,,,,,,,,,,00NmK2seXpRFNAEsRBe7lc
oye como va,santana,67.0,,1986,70.0,3797948.0,0.0,0.0,0.736,0.379,0.948,-13.208,128.399,256933.0,0.301,0.0539,0.345,0.104,5u6y4u5EgDv0peILf60H5t
p r i d e . i s . t h e . d e v i l (with lil baby),j. cole,67.0,,2021-05-14,82.0,27077429.0,0.0,0.0,,,,,,,,,,,5W8jRrZ6tWrTrqnKRtIQBf
p.i.m.p.,50 cent,78.0,,2003-02-06,82.0,18860205.0,0.0,1.0,,,,,,,,,,,3G0yz3DZn3lfraledmBCT0
pacify her,melanie martinez,73.0,,2015-08-14,75.0,22219090.0,0.0,0.0,0.576,0.593,0.367,-6.024,157.993,220013.0,0.046014285714285716,0.030514285714285713,0.0008244285714285714,0.23699999999999996,0vIkYCzLD9QH7w8m1dC8Mf
pain,2pac,52.0,,1994-03-22,78.0,22549768.0,,,,,,,,,,,,,0YYLatZXRuNdjgu1Hduwry
pain,pinkpantheress,81.0,,2021-10-15,78.0,4763234.0,0.0,0.0,,,,,,,,,,,4S4QJfBGGrC8jRIjJHf1Ka
"paint it, black",the rolling stones,82.0,,1966-04-15,77.0,15714574.0,0.0,0.0,0.48533333333333334,0.8370000000000001,0.7193333333333333,-8.373666666666667,159.357,216844.0,0.0253,0.09233333333333334,0.04581333333333334,0.36566666666666664,0rGKn11s2zrmePIA82ldEP
"paint it, black - mono",the rolling stones,63.0,,1966-04-15,77.0,15714574.0,0.0,0.0,0.505,0.836,0.764,-7.384,159.669,204480.0,0.0103,0.101,0.0771,0.295,1RJeiAIwR9pZBgJA8ndZLL
paint the town red,doja cat,77.0,,2023-08-04,86.0,34748949.0,0.0,0.0,,,,,,,,,,,2IGMVunIBsBLtEQyoI1Mu7
panda,desiigner,67.0,,2016-02-26,58.0,3553104.0,0.0,0.0,,,,,,,,,,,275a9yzwGB6ncAW4SxY7q3
panini,lil nas x,63.0,,2019-06-21,71.0,12309710.0,0.0,0.0,,,,,,,,,,,6fTt0CH2t0mdeB2N9XFG5r
paparazzi,lady gaga,80.0,,2008-01-01,89.0,42275793.0,0.0,1.0,0.761,0.734,0.375,-2.871,114.907,208173.0,0.129,0.0428,0.0,0.086,02XnQdf7sipaKBBHixz3Zp
paper gangsta,lady gaga,45.0,,2009-11-05,88.0,42237551.0,0.0,1.0,,,,,,,,,,,1o716Hgxa1s7yWCXxy8saX
paper planes,m.i.a.,78.0,,2007-08-20,66.0,1475425.0,0.0,0.0,0.447,0.848,0.485,-6.175,172.253,205200.0,0.033,0.222,7.46e-05,0.65,1ixbwbeBi5ufN4noUKmW5a
paper rings,taylor swift,76.0,,2019-08-23,100.0,145443567.0,0.0,0.0,,,,,,,,,,,4y5bvROuBDPr5fuwXbIBZR
paper together,megan thee stallion,40.0,,2024-06-28,76.0,10888670.0,0.0,0.0,,,,,,,,,,,4bfuT38XJterVJPPdKlneV
paperback writer,the beatles,59.0,,2014,82.0,30721676.0,0.0,0.0,0.472,0.856,0.841,-6.03,78.696,138200.0,0.147,0.0562,2.78e-06,0.595,0Ui8KPWZbJJQ2Y0CIQuVqX
papercut,linkin park,75.0,,2000-10-24,88.0,31785695.0,0.0,0.0,0.524,0.9393333333333332,0.662,-3.994,150.184,184866.0,0.000219,0.11233333333333334,0.0,0.623,1Vej0qeQ3ioKwpI6FUbRv1
"papercut - live at yalding house, london, england, 1/12/2001 - bbc one",linkin park,52.0,,2007-11-20,88.0,31785695.0,0.0,0.0,0.474,0.966,0.742,-4.104,150.051,189973.0,0.000291,0.135,0.00025,0.178,5SDOPP5zCdggONUuYWiiTS
papi,jennifer lopez,62.0,,2011-04-29,74.0,13708054.0,0.0,1.0,,,,,,,,,,,1nAGuIZXz6vb8XW0xiMqic
parachutes,coldplay,57.0,,2000-07-10,88.0,60804949.0,0.0,0.0,,,,,,,,,,,4qzoHxgp42ylb18ga1SWTL
paradise,bazzi,66.0,,2019-04-04,66.0,5506553.0,0.0,0.0,0.844,0.644,0.591,-6.273,122.061,169038.0,0.0828,0.0479,0.0,0.113,0Rx0DJI556Ix5gBny6EWmn
paradise,bts,68.0,,2018-05-18,,,0.0,0.0,0.551,0.828,0.928,-5.523,139.662,211223.0,0.214,0.352,0.0,0.0571,1YO4xJXhh9A1Feg9k8xuy2
paradise,coldplay,84.0,,2011-10-24,88.0,60804949.0,0.0,0.0,,,,,,,,,,,6nek1Nin9q48AVZcWs9e9D
paradise,george ezra,69.0,,2018-11-23,68.0,4312223.0,0.0,0.0,0.642,0.881,0.913,-3.537,138.03,222044.0,0.209,0.0393,0.0,0.21,38zwkK6TtTjIW9tpYBfZ3D
paradise,viva la panda;swizznife;friends & i,50.0,,2022-09-30,,,0.0,0.0,0.567,0.756,0.443,-6.35,117.98,185720.0,0.0964,0.0623,0.0,0.0984,6hmEfkBtsBnOGoXPS0AULw
paradise city,guns n' roses,81.0,,1987-07-21,80.0,35214496.0,0.0,0.0,0.2705,0.966,0.4335,-7.36,100.293,405620.0,0.018049999999999997,0.09365,0.009095,0.16199999999999998,3YBZIN3rekqsKxbJc9FZko
paralyzer,finger eleven,75.0,,2008-03-11,,,0.0,0.0,0.644,0.939,0.861,-3.486,106.031,208106.0,0.157,0.0456,0.0,0.233,28IEbk5a7twNTbUEvWslUb
paris,the chainsmokers,79.0,,2017-04-07,80.0,21360805.0,0.0,0.0,0.6495,0.651,0.235,-6.5954999999999995,99.99449999999999,221513.0,0.022899999999999997,0.030699999999999998,8.3e-07,0.09135,15vzANxN8G9wWfwAJLLMCg
paris in the rain,lauv,73.0,,2018-02-14,73.0,6816695.0,0.0,0.0,0.426,0.408,0.528,-9.419,76.309,204712.0,0.771,0.0524,7.88e-06,0.394,41CgzGD7xlgnJe14R4cqkL
parking lot - skit,eminem,26.0,,2013-11-05,88.0,104517308.0,0.0,1.0,,,,,,,,,,,2PcxmoJ9NEJK7BmwXxMoe2
part of me,a boogie wit da hoodie,75.0,,2025-10-10,77.0,8986062.0,0.0,0.0,,,,,,,,,,,4nds6JYKbzMdpXwuINhSEZ
part of me,katy perry,73.0,,2012-03-12,83.0,38385499.0,0.0,0.0,,,,,,,,,,,1nZzRJbFvCEct3uzu04ZoL
partition,beyoncé,71.0,,2014-11-24,84.0,41172203.0,0.0,0.0,,,,,,,,,,,5hgnY0mVcVetszbb85qeDg
party,bad bunny,76.0,,2026-02-08,95.0,102571645.0,0.0,1.0,0.829,0.799,0.471,-5.389,97.013,227628.0,0.0151,0.0897,0.000543,0.242,4tYFy8ALRjIZvnvSLw5lxN
party 4 u,charli xcx,85.0,,2020-05-15,82.0,6315216.0,0.0,0.0,,,,,,,,,,,2RdEC8Ff83WkX7kDVCHseE
party favor,billie eilish,66.0,,2017-08-11,90.0,118692183.0,0.0,0.0,0.826,0.188,0.205,-12.181,130.022,204770.0,0.882,0.0883,2.83e-06,0.103,3WxmlTZ85sCYFnuIXmUAEe
party girl,staysolidrocky,67.0,,2020-04-21,56.0,396758.0,0.0,0.0,,,,,,,,,,,5RqR4ZCCKJDcBLIn4sih9l
party in the u.s.a.,miley cyrus,81.0,,2009-01-01,81.0,26564677.0,0.0,0.0,,,,,,,,,,,3E7dfMvvCLUddWissuqMwr
party monster,the weeknd,77.0,,2016-11-25,94.0,112995439.0,0.0,1.0,,,,,,,,,,,4F7A0DXBrmUAkp32uenhZt
party rock anthem,lmfao,74.0,,2010-12-01,66.0,4431588.0,0.0,0.0,,,,,,,,,,,0IkKz2J93C94Ei4BvDop7P
pasarela,daddy yankee,0.0,,2012-07-06,85.0,37817461.0,0.0,0.0,0.839,0.907,0.737,-4.259,121.048,193733.0,0.101,0.0453,0.0,0.332,3AedlLCGKNhQdhtLzObIbR
pass out,tinie tempah,60.0,,2010-06-30,62.0,835590.0,0.0,0.0,,,,,,,,,,,2cY7WSxFIsZQaoDNJe7Fz3
passionfruit,drake,85.0,,2017-03-18,95.0,103067383.0,0.0,0.0,,,,,,,,,,,5mCPDVBb16L4XQwDdbRUpz
patience,guns n' roses,72.0,,1988-11-29,80.0,35196831.0,0.0,0.0,0.457,0.297,0.333,-12.511,120.021,354880.0,0.686,0.0306,0.000107,0.109,1OEoNpiyqBghuEUaT6Je6U
patient,post malone,59.0,,2016-12-09,85.0,47716988.0,0.0,0.0,,,,,,,,,,,5DLTuH4A5VZB2HKpqHQR6t
paul rosenberg - skit,eminem,10.0,,2002-05-26,88.0,104517308.0,0.0,1.0,,,,,,,,,,,0EgkVzDidmq4MP57jZFeik
pause,pitbull,42.0,,2011-06-17,84.0,11936949.0,0.0,0.0,,,,,,,,,,,0c7wqpBLOTFr1yb70LHGFM
pay to play - smart sessions,nirvana,21.0,,1991-09-26,81.0,23384088.0,0.0,0.0,,,,,,,,,,,5szyCK2oOS7TW2gP6JI9DE
payday,doja cat,54.0,,2021-06-25,86.0,34735147.0,0.0,0.0,,,,,,,,,,,2HolBGR6tpiWI80MXoV1dJ
payphone,maroon 5,67.0,,2012-01-01,85.0,45777722.0,0.0,1.0,,,,,,,,,,,0iyEaciAmtiv8xMkBg97Fy
peace,taylor swift,61.0,,2020-08-18,100.0,145396321.0,0.0,0.0,,,,,,,,,,,6JlI8Ay77m4nJvZTHvfT1J
peace and love,red hot chili peppers,67.0,,2022-10-14,82.0,23218829.0,0.0,0.0,0.68,0.679,0.867,-6.076,83.821,243224.0,0.00495,0.0423,0.00861,0.0953,3W2reBya7FkjHCP1B2nmQr
peaches,justin bieber,80.0,,2021-03-17,91.0,85008100.0,0.0,0.0,0.677,0.696,0.464,-6.181,90.03,198081.0,0.321,0.119,0.0,0.42,4iJyoBOLtHqaGxP12qzhQI
peaches,kai,65.0,,2021-11-30,,,0.0,0.0,0.633,0.775,0.486,-3.747,134.093,198080.0,0.348,0.0413,0.0,0.612,237OjBs3wvamAFpHp0yItw
peacock,katy perry,39.0,,2010-08-24,83.0,38400585.0,0.0,0.0,,,,,,,,,,,4hJ5VaRy16jJcENIMZT4sl
peak,drake,62.0,,2018-06-29,95.0,103039388.0,0.0,0.0,,,,,,,,,,,11L064movtyopGdLiX4sVg
pearl,katy perry,34.0,,2010-08-24,83.0,38385499.0,0.0,0.0,,,,,,,,,,,3ztuZHBzHoqv3NeaxnSvxP
penny lane,the beatles,63.0,,1996-03-18,82.0,30721676.0,0.0,0.0,0.6543333333333333,0.4883333333333333,0.5623333333333334,-8.05,113.41966666666667,181155.33333333334,0.23979999999999999,0.035866666666666665,0.013295733333333332,0.13033333333333333,1h04XMpzGzmAudoI6VHBgA
pennyroyal tea,nirvana,58.0,,1994,81.0,23384088.0,0.0,0.0,0.4625,0.4615,0.11855,-10.0805,113.165,219659.5,0.1531755,0.033600000000000005,0.00024991,0.179,3z53rfQOg6Eb5pBCRsd7Uu
people are crazy,billy currington,0.0,,2008-10-14,65.0,2759283.0,0.0,0.0,0.657,0.714,0.361,-4.986,141.967,232053.0,0.23,0.0265,0.000744,0.127,3CnFfsYOIWdawTvM4Tnfh1
peppermint winter,owl city,0.0,,2010-11-22,66.0,2503055.0,0.0,0.0,0.451,0.803,0.145,-4.932,153.95,240560.0,0.208,0.0398,0.0,0.0764,4FjGjFQoSU3ZiTWDEKF3NO
perfect,ed sheeran,88.0,,2017-03-03,88.0,122773292.0,0.0,0.0,0.5983333333333333,0.448,0.168,-6.312,95.02266666666667,263400.0,0.16233333333333333,0.0232,0.0,0.106,0tgVpDi06FyKpA1z0VMD4v
perfect,sam smith,26.0,,2023-04-12,81.0,26275803.0,0.0,0.0,,,,,,,,,,,1t4G4h7uqANRBY75nsrwtl
perfect celebrity,lady gaga,60.0,,2025-09-01,89.0,42275793.0,0.0,1.0,,,,,,,,,,,5amdAZWVhOqFHodIyf53bI
perfect storm,brad paisley,47.0,,2014-08-25,64.0,2898444.0,0.0,0.0,,,,,,,,,,,14UE0L5fL5TL0ohEiAv56X
perfect to me,anne-marie,63.0,,2018-11-02,75.0,12848260.0,0.0,0.0,0.6066666666666666,0.5466666666666667,0.40266666666666673,-5.691,179.87433333333334,197853.0,0.08890000000000002,0.147,0.0,0.0734,0DC7Zs2qvAbNK1owWQ4mlL
perm,bruno mars,62.0,,2016-11-17,89.0,75455093.0,0.0,0.0,,,,,,,,,,,1I6pKIyaBp4OebTGLJpCCC
permission to dance,bts,80.0,,2021-07-09,,,0.0,0.0,0.702,0.741,0.646,-5.33,124.925,187585.0,0.00544,0.0427,0.0,0.337,3XYRV7ZSHqIRDG87DKTtry
perro fiel,shakira,72.0,,2017-05-26,85.0,39777995.0,0.0,1.0,,,,,,,,,,,70lnL3QaSOIIyMa2X9aVRL
perro negro,bad bunny,82.0,,2023-10-13,95.0,102571645.0,0.0,1.0,,,,,,,,,,,7iQXYTyuG13aoeHxGG28Nh
personal jesus - single version,depeche mode,70.0,,1998-09-28,73.0,7379623.0,0.0,0.0,,,,,,,,,,,4UCTgh5jvtqoaMX6MAhUNn
"peso pluma: bzrp music sessions, vol. 55",bizarrap,68.0,,2023-06-01,76.0,18188680.0,0.0,0.0,,,,,,,,,,,5AqiaZwhmC6dIbgWrD5SzV
peter,taylor swift,70.0,,2024-04-19,100.0,145489371.0,0.0,0.0,,,,,,,,,,,3zMDGj4D8ogaYgAIZPeU7S
photograph,ed sheeran,86.0,,2013-06-30,88.0,122789460.0,0.0,0.0,0.614,0.379,0.201,-10.48,107.989,258986.0,0.607,0.0476,0.000464,0.0986,1HNkqx9Ahdgi1Ixy2xkKkL
photograph,nickelback,69.0,,2024-11-15,78.0,7846032.0,0.0,0.0,0.515,0.876,0.385,-3.756,145.916,258920.0,0.000932,0.0292,0.000166,0.136,3hb2ScEVkGchcAQqrPLP0R
photograph - 2020 remaster,nickelback,67.0,,2005-06-30,78.0,7849274.0,0.0,0.0,,,,,,,,,,,3bYrSlgvWacP1LZV44pfzp
physical,dua lipa,75.0,,2020-03-27,85.0,46895665.0,0.0,0.0,0.647,0.844,0.746,-3.756,146.967,193829.0,0.0137,0.0457,0.000658,0.102,3AzjcOeAmA57TIOr9zF1ZW
piano man,billy joel,83.0,,1973,78.0,7402824.0,0.0,0.0,0.333,0.4996666666666667,0.4216666666666667,-8.026666666666666,178.71533333333332,337097.6666666667,0.6076666666666667,0.027499999999999997,3.916666666666667e-06,0.27366666666666667,3FCto7hnn1shUyZL42YgfO
piano man - radio edit,billy joel,40.0,,1990,78.0,7402824.0,0.0,0.0,0.333,0.531,0.422,-6.487,178.265,274733.0,0.55,0.0263,4.31e-06,0.106,4ELbfx5VBt4rm808g1g6k0
pick me up,gabby barrett,0.0,,2021-11-05,,,0.0,0.0,0.472,0.701,0.515,-4.563,79.805,169440.0,0.0387,0.0369,0.0,0.107,0QJfzIyIei7vm1Jrmh34HN
pick up,dierks bentley,43.0,,2016-06-10,65.0,3315988.0,0.0,0.0,,,,,,,,,,,4QJ58lQahpEtD7622moUxS
pick up the phone,young thug,68.0,,2016-06-03,84.0,12421354.0,0.0,0.0,,,,,,,,,,,4GXl8l1MfZPf2GvpyRPJBf
picture,kid rock,67.0,,2001-11-19,65.0,2994436.0,0.0,0.0,0.692,0.496,0.376,-7.332,97.945,298960.0,0.172,0.0241,6.42e-06,0.107,69j0KoPJuwpnbGWrfn7Yll
picture you,chappell roan,68.0,,2023-09-22,82.0,7299563.0,0.0,0.0,,,,,,,,,,,5KtvumPgVZmt8wg9xONE0T
pied piper,bts,75.0,,2017-04-10,,,0.0,0.0,0.583,0.712,0.778,-4.942,94.051,245620.0,0.2,0.0326,0.0,0.268,1ZPeaPDjQOOC8hw1mNjyjF
pillowtalk,zayn,80.0,,2016-01-29,77.0,24114464.0,0.0,0.0,0.584,0.7,0.438,-4.275,124.944,202746.0,0.117,0.0456,0.0,0.0939,0IKK48xF4eEdfofyaeKWWO
pink,lizzo,54.0,,2023-07-21,68.0,5739313.0,0.0,0.0,,,,,,,,,,,2YXGbxICUdOUJe9OPlicy1
pink (bad day),lizzo,38.0,,2023-07-29,68.0,5738825.0,0.0,0.0,,,,,,,,,,,5qLX1qtb9lJjblp0Uc6ejF
pink + white,frank ocean,86.0,,2016-08-20,84.0,20293960.0,0.0,0.0,0.545,0.545,0.549,-7.362,159.94,184516.0,0.667,0.107,5.48e-05,0.417,3xKsf9qdS1CyvXSMEid6g8
pink pony club,chappell roan,84.0,,2023-09-21,82.0,7299563.0,0.0,0.0,,,,,,,,,,,1k2pQc5i348DCHwbn5KTdc
pink skies,zach bryan,83.0,,2024-05-24,84.0,7325625.0,0.0,0.0,,,,,,,,,,,4ZJ4vzLQekI0WntDbanNC7
pirate baby shark,pinkfong,52.0,,2017-07-27,,,0.0,0.0,0.751,0.87,0.941,-3.582,115.032,93195.0,0.409,0.0796,4.42e-05,0.315,083NgQVgEwEpXrpnz2nr5z
pixelated kisses,joji,88.0,,2025-10-14,81.0,10638942.0,0.0,0.0,,,,,,,,,,,2OZVskV28xxJjjhQqKTLSg
pizza,martin garrix,53.0,,2017,74.0,15121577.0,0.0,0.0,0.381,0.712,0.0378,-6.9,127.967,255102.0,0.000408,0.0355,0.589,0.183,5oAgI7Pzg6vxuKrfapg3Pi
place,playboi carti,65.0,,2020-12-25,86.0,15026799.0,0.0,0.0,,,,,,,,,,,1Bg2CNZw6S4e9cGWPmi0uI
plain jane,a$ap ferg,68.0,,2017-08-18,68.0,4287336.0,0.0,0.0,,,,,,,,,,,4dVpf9jZjcORqGTLUaeYj9
planet zero,shinedown,6.0,,2022-01-26,,,0.0,0.0,0.416,0.964,0.212,-2.967,157.925,222738.0,2.35e-05,0.112,0.000875,0.47300000000000003,18lSBq4bUQg32GeQ8gIu1e
plastic hearts,miley cyrus,61.0,,2020-11-27,81.0,26558356.0,0.0,0.0,,,,,,,,,,,6qCsKKS7Ol63SJW3LOIX5R
plastic off the sofa,beyoncé,60.0,,2022-07-29,84.0,41172203.0,0.0,0.0,,,,,,,,,,,6ufcuVInt0ocHrUimDjGlb
plateau,nirvana,61.0,,1994,81.0,23384088.0,0.0,0.0,0.45,0.501,0.327,-12.611,84.841,218133.0,0.49,0.0712,2.51e-05,0.552,2smax1OWAxOo63p14G8KZx
play,jennifer lopez,52.0,,2001-01-23,74.0,13708054.0,0.0,1.0,,,,,,,,,,,7fFCnttacpotkyhTOxKv14
play date,melanie martinez,73.0,,2015-08-14,75.0,22219090.0,0.0,0.0,0.68,0.729,0.446,-5.077,123.97,179867.0,0.612,0.0475,0.0,0.224,4DpNNXFMMxQEKl7r0ykkWA
play hard,david guetta,70.0,,2011-08-24,87.0,27139342.0,0.0,0.0,0.691,0.921,0.8,-1.702,130.072,201000.0,0.173,0.0533,0.0,0.331,2QD4C6RRHgRNRAyrfnoeAo
play her tonight,riley green,42.0,,2018-06,75.0,1372158.0,0.0,0.0,0.529,0.906,0.836,-5.064,184.384,172330.0,0.265,0.0677,0.0,0.1,7JJyuNGhAiPO1UHZcMITd8
play it again,luke bryan,75.0,,2013-08-13,74.0,9406293.0,0.0,0.0,0.506,0.886,0.595,-3.225,143.935,226866.0,0.0916,0.0655,0.0,0.0734,03fT3OHB9KyMtGMt2zwqCT
play with fire - mono version,the rolling stones,55.0,,1988,77.0,15714574.0,0.0,0.0,0.578,0.429,0.0889,-9.601,108.738,133320.0,0.178,0.0268,6.01e-05,0.171,30V02AmDYMRvrHE4L8cZAo
players,coi leray,68.0,,2022-11-30,66.0,932488.0,0.0,0.0,,,,,,,,,,,6UN73IYd0hZxLi8wFPMQij
please don't go home yet,stephen sanchez,54.0,,2022-08-19,71.0,1873452.0,0.0,0.0,0.602,0.131,0.269,-10.587,98.412,214040.0,0.85,0.0324,0.0,0.0817,3p8Kv8GcO4obTLPmsS459h
please me,cardi b,79.0,,2019-02-15,81.0,25956015.0,0.0,0.0,,,,,,,,,,,0PG9fbaaHFHfre2gUVo7AN
please mister postman,the beatles,56.0,,2025,82.0,30721676.0,0.0,0.0,0.552,0.644,0.961,-9.129,122.546,154160.0,0.675,0.0372,0.0,0.36,6wfK1R6FoLpmUA9lk5ll4T
please please me,the beatles,58.0,,1984,82.0,30721676.0,0.0,0.0,0.527,0.48,0.706,-9.61,139.388,120853.0,0.334,0.028,0.0,0.0702,6EHuOufBeL6vk3TvVJB5qo
please please please,sabrina carpenter,83.0,,2024-06-06,91.0,26516295.0,0.0,0.0,,,,,,,,,,,1KE8CYkUEbVbCdEyO1nIfU
pledge allegiance to the hag,eric church,0.0,,2017-10-06,71.0,4140524.0,0.0,0.0,0.588,0.644,0.27,-9.213,92.924,265680.0,0.0444,0.0515,0.0,0.0906,5CQq6JyQ4MCI4Nspxdnz22
pledging my love,elvis presley,43.0,,2012,,,0.0,0.0,0.399,0.42,0.767,-12.737,69.208,171453.0,0.84,0.0335,0.0313,0.168,12wgf01fxaVdmfViuo67fw
plug walk,rich the kid,66.0,,2018-03-30,64.0,3479963.0,0.0,0.0,,,,,,,,,,,1ZAyjvIk9YiD76yYy0TEG6
pocketful of rainbows,elvis presley,51.0,,1991,,,0.0,0.0,0.435,0.187,0.349,-16.958,116.602,154533.0,0.892,0.0462,4.51e-05,0.105,6lSGhstIFdvPT0mYbTM6Y2
pocketful of sunshine,natasha bedingfield,79.0,,2007-04-27,71.0,1904542.0,0.0,0.0,,,,,,,,,,,1uigwk5hNV84zRd5YQQRTk
points of authority,linkin park,71.0,,2000-05-08,88.0,31785695.0,0.0,0.0,0.531,0.9700000000000001,0.42966666666666664,-3.8860000000000006,94.98666666666666,200240.0,0.03,0.20666666666666667,0.0,0.09936666666666667,0hSDsJ6OC0O4pih8jgT5m7
poison,martin garrix,51.0,,2016-07-15,74.0,15121577.0,0.0,0.0,0.502,0.756,0.062,-6.118,128.125,248447.0,0.00429,0.0363,0.769,0.377,2WW3PfGHh0aA2xCAyK6X1J
poison,rita ora,68.0,,2015,68.0,8411391.0,0.0,0.0,0.579,0.738,0.431,-5.711,124.023,202906.0,0.0821,0.0542,1.52e-06,0.232,73ucpKq91TuejrLHgzDNHK
poke it out (with nicki minaj),playboi carti,60.0,,2018-05-11,86.0,15031490.0,0.0,0.0,,,,,,,,,,,2rPSFKzGeqUWwfcCFVkkq3
poker face,lady gaga,56.0,,2008-01-01,89.0,42275793.0,0.0,1.0,0.851,0.818,0.808,-4.637,119.00600000000001,238906.0,0.112,0.0789,2.94e-06,0.0945,0BigX1D39KhZC0SmBWawM8
poland,lil yachty,58.0,,2022-10-11,75.0,10907844.0,0.0,0.0,,,,,,,,,,,74loibzxXRL875X20kenvk
police car,pinkfong,44.0,,2018-05-28,,,0.0,0.0,0.675,0.853,0.938,-4.573,144.978,73038.0,0.245,0.129,0.0,0.196,4uZpUDK9SwZmPae7SykUdt
policy,paul russell,80.0,127000.0,2024-12-10,58.0,253726.0,0.0,0.0,0.64,0.29,,-20.17,179.79,376498.0,,,0.675,,TRK-D827A09FFDC2
polly,nirvana,56.0,,1991-09-24,81.0,23391272.0,0.0,0.0,0.618,0.392,0.437,-11.941,115.075,196466.0,0.683,0.0388,7.09e-05,0.905,0xHch89AN9RlN8Nm4kJzs3
polly - live at del mar b-side,nirvana,18.0,,1991-09-26,81.0,23391272.0,0.0,0.0,,,,,,,,,,,3d3M8vIeW48Evttna1korw
polly - live at the paramount,nirvana,20.0,,1991-09-26,81.0,23391272.0,0.0,0.0,,,,,,,,,,,60jBpph3T9fhGybzKH6wOs
polly - smart sessions,nirvana,18.0,,1991-09-26,81.0,23384088.0,0.0,0.0,,,,,,,,,,,7CuR4LfO6V5czfPl9Md7D5
polythene pam,the beatles,54.0,,1969-09-26,82.0,30718195.0,0.0,0.0,0.474,0.939,0.499,-8.884,166.829,72640.0,0.00472,0.199,0.674,0.19,1FTCA6wQwulQFokDddKE68
pompeii,bastille,76.0,,2013-01-01,72.0,5647181.0,0.0,0.0,0.6795,0.713,0.571,-6.377000000000001,127.4355,215453.5,0.08365,0.04105,0.0,0.256,3gbBpTdY8lnQwqxNCcf795
pon de replay,rihanna,79.0,,2005-08-29,90.0,69030894.0,0.0,1.0,,,,,,,,,,,4TsmezEQVSZNNPv5RJ65Ov
pop out,polo g,73.0,,2019-06-07,76.0,13052901.0,0.0,0.0,,,,,,,,,,,6uFn47ACjqYkc0jADwEdj1
pop style,drake,59.0,,2016-05-06,95.0,103067383.0,0.0,0.0,,,,,,,,,,,5mPSyjLatqB00IkPqRlbTE
popstar,dj khaled,66.0,,2020-07-17,73.0,12341870.0,0.0,0.0,,,,,,,,,,,1sbEeUY8KsdvgiQi26JBFz
popular,the veronicas,38.0,,2005-06-30,55.0,984364.0,0.0,0.0,,,,,,,,,,,7pE1oIwO0JkKej4UJDR394
popular (with playboi carti & madonna),the weeknd,58.0,,2024-01-26,93.0,112957721.0,0.0,1.0,,,,,,,,,,,36UEl3tAYgKAB7kTnO9XDn
popular (with playboi carti & madonna) - from the idol vol. 1 (music from the hbo original series),the weeknd,81.0,,2023-06-02,93.0,112957721.0,0.0,1.0,,,,,,,,,,,6WzRpISELf3YglGAh7TXcG
portland,drake,67.0,,2017-03-18,95.0,103126025.0,0.0,0.0,,,,,,,,,,,2bjwRfXMk4uRgOD9IBYl9h
positions,ariana grande,79.0,,2020-10-23,90.0,107389514.0,0.0,0.0,0.737,0.802,0.682,-4.771,144.015,172324.0,0.468,0.0878,0.0,0.0931,35mvY5S1H3J2QZyna3TFe0
post sex clarity,lola young,78.0,,2025-09-19,77.0,1461346.0,0.0,0.0,,,,,,,,,,,1n4Y7LSSZ38HgEdpPpivpg
post to be,omarion,51.0,,2014-11-11,59.0,3280085.0,0.0,0.0,,,,,,,,,,,6p5abLu89ZSSpRQnbK9Wqs
postcards,james blunt,3.0,,2013-10-18,70.0,3298298.0,0.0,0.0,0.723,0.617,0.677,-8.312,100.015,286973.0,0.566,0.0301,0.0,0.252,6u0jvUG3ngqeqawhCXtPFq
potion (with dua lipa & young thug),calvin harris,61.0,,2025-01-09,84.0,23079295.0,0.0,0.0,0.824,0.697,0.757,-4.869,99.988,214459.0,0.158,0.0473,4.11e-05,0.077,7fYRg3CEbk6rNCuzNzMT06
pound the alarm,nicki minaj,63.0,,2012-01-01,84.0,34295707.0,0.0,0.0,,,,,,,,,,,5kcE7pp02ezLZaUbbMv3Iq
pour it up,rihanna,69.0,,2012-12-11,90.0,68997177.0,0.0,1.0,,,,,,,,,,,5r67bGhYXZNqk2m2Wupfmu
pour me a drink,post malone,70.0,,2024-08-15,86.0,47722935.0,0.0,0.0,,,,,,,,,,,0mNzElhEofvgMWAJoOA4q9
pov,ariana grande,75.0,,2020-10-30,90.0,107374593.0,0.0,0.0,,,,,,,,,,,3UoULw70kMsiVXxW0L3A33
power,ellie goulding,0.0,,2020-07-17,78.0,13212719.0,0.0,0.0,0.538,0.642,0.47,-4.412,161.803,191786.0,0.104,0.127,0.0,0.112,1hzhPRth1Dr4ZO1fr21G4g
power,kanye west,78.0,,2010-11-22,89.0,31059657.0,0.0,0.0,,,,,,,,,,,2gZUPNdnz5Y45eiGxpHGSc
power trip,j. cole,79.0,,2013-06-14,82.0,27073781.0,0.0,0.0,,,,,,,,,,,2uwnP6tZVVmTovzX5ELooy
powerball,koe wetzel,52.0,,2019-06-20,,,0.0,0.0,0.455,0.512,0.0945,-8.65,130.064,255156.0,0.00846,0.0381,0.0,0.165,6tyU34BJC9IlDvYteFfvaN
powerful,major lazer,53.0,,2015-11-27,73.0,6302021.0,0.0,0.0,,,,,,,,,,,0BcP3FTTxSty93nTnB2a9H
powerglide,rae sremmurd,61.0,,2018-05-04,69.0,7767068.0,0.0,0.0,,,,,,,,,,,1BuZAIO8WZpavWVbbq3Lci
powerless,linkin park,60.0,,2012-06-20,88.0,31785695.0,0.0,0.0,0.508,0.88,0.337,-6.441,140.065,224466.0,0.0621,0.0448,9.43e-05,0.15,4zNk347FJz4yDDcjUhJJMI
practice,drake,78.0,,2011-11-15,95.0,103067383.0,0.0,0.0,,,,,,,,,,,0jF2AdhsalO1L7KkhK4LE5
praise god,kanye west,71.0,,2021-08-29,89.0,31052119.0,0.0,0.0,,,,,,,,,,,0WSEq9Ko4kFPt8yo3ICd6T
praise the lord (da shine),a$ap rocky,79.0,,2018-11-29,82.0,17326256.0,0.0,0.0,0.854,0.569,0.294,-8.151,80.015,205040.0,0.0609,0.106,0.0816,0.1,7ycWLEP1GsNjVvcjawXz3z
pray for me,the weeknd,76.0,,2021-02-05,94.0,113039308.0,0.0,1.0,,,,,,,,,,,6huNf4dutXRjJyGn7f5BPS
pray for me (with kendrick lamar),the weeknd,67.0,,2018-02-09,93.0,112918137.0,0.0,1.0,,,,,,,,,,,77UjLW8j5UAGAGVGhR5oUK
pray you catch me,beyoncé,61.0,,2016-04-23,84.0,41180800.0,0.0,0.0,,,,,,,,,,,7rLDARtJALM7QdiJDMXW7m
press,cardi b,1.0,,2019-05-31,81.0,25953771.0,0.0,0.0,0.8993333333333333,0.5266666666666667,0.22566666666666668,-5.689333333333334,133.96633333333332,143791.0,0.031400000000000004,0.2973333333333333,9.706666666666666e-06,0.14133333333333334,03NsLoRCuMvgOWTD1fTbim
pressure,billy joel,59.0,,1982,78.0,7402824.0,0.0,0.0,0.548,0.68,0.851,-8.675,148.494,280333.0,0.0148,0.0474,0.000949,0.0877,3LqvmDtXWXjF7fg8mh8iZh
"pressure - live at yankee stadium, bronx, ny - june 1990",billy joel,35.0,,2022-09-08,78.0,7402824.0,0.0,0.0,0.435,0.909,0.591,-5.69,151.722,321066.0,0.0736,0.0433,0.00147,0.961,1k5ikG1uA7sPMCKhKOocIo
pretty & petty,cardi b,74.0,,2025-09-19,81.0,25953771.0,0.0,0.0,,,,,,,,,,,2wn0AYkmcF0Cm7PmvA7hJ7
pretty good at drinkin' beer,billy currington,0.0,,2010-05-24,65.0,2759283.0,0.0,0.0,0.769,0.678,0.581,-3.725,106.953,179906.0,0.427,0.0315,8.04e-06,0.0939,7DSTFdDCDdAaD8hMtAmLzh
pretty isn’t pretty,olivia rodrigo,77.0,,2023-09-08,85.0,49083617.0,0.0,0.0,,,,,,,,,,,6W9l02gRsXVxzIuQC1oc1X
pretty paper,the lumineers,0.0,,2018-12-12,76.0,5903211.0,0.0,0.0,0.452,0.267,0.148,-9.081,159.606,170493.0,0.856,0.0407,0.129,0.114,3hhEJDjZDyG1M2fYJXY45R
pretty please,dua lipa,50.0,,2020-03-27,85.0,46886554.0,0.0,0.0,,,,,,,,,,,5Pc594FhDA2Fa2prE75GT0
pretty when you cry,lana del rey,75.0,,2014-01-01,88.0,51798111.0,0.0,0.0,,,,,,,,,,,6PnluwP0fjGnpIBsqTdUTq
price tag,jessie j,64.0,,2011-01-01,71.0,12192383.0,0.0,0.0,,,,,,,,,,,5mvKuE9Lf9ARVXVXA32kK9
priceless,maroon 5,70.0,,2025-05-02,85.0,45764832.0,0.0,1.0,,,,,,,,,,,5MI9rnOsAayuxi7pKVydNg
prisoner,james arthur,41.0,,2016-10-28,79.0,20852039.0,0.0,0.0,,,,,,,,,,,1wthp2KAndNsDPZxEGVNKK
prisoner,miley cyrus,70.0,,2020-11-20,81.0,26564677.0,0.0,0.0,,,,,,,,,,,2Oycxb8QbPkpHTo8ZrmG0B
prisoner,the weeknd,65.0,,2015-08-28,93.0,112918137.0,0.0,1.0,,,,,,,,,,,1gZADNt16Oh23jWyMYRk4p
private landing,don toliver,77.0,,2023-02-24,85.0,7465428.0,0.0,0.0,,,,,,,,,,,52NGJPcLUzQq5w7uv4e5gf
probably,jim jones,58.0,15000.0,2017-04-15,,,0.0,0.0,0.12,0.71,,-23.25,167.23,123689.0,,,0.3,,TRK-03717C32C022
problem,ariana grande,78.0,,2014-08-22,90.0,107401919.0,0.0,0.0,,,,,,,,,,,7vS3Y0IKjde7Xg85LWIEdP
problema,daddy yankee,68.0,,2021-02-26,85.0,37817461.0,0.0,0.0,0.773,0.8,0.842,-3.17,89.988,184506.0,0.0613,0.0987,0.00403,0.0327,2dl5K2ScW7jYhAhuem06cm
project teacher team even,matthew santos,33.0,3000.0,2024-05-07,,,0.0,0.0,0.66,0.91,,-35.25,106.83,265080.0,,,0.061,,TRK-D3D3765DCF09
promiscuous,nelly furtado,86.0,,2006-01-01,77.0,4725236.0,0.0,0.0,0.808,0.97,0.868,-6.098,114.328,242293.0,0.0569,0.0506,6.13e-05,0.154,2876hPqRUFV6oO0q4XPOzJ
promises (with sam smith),calvin harris,70.0,,2019-01,84.0,23079295.0,0.0,0.0,0.781,0.768,0.486,-5.991,123.07,213309.0,0.0119,0.0394,4.91e-06,0.325,5N5k9nd479b1xpDZ4usjrg
propaganda,dj snake,51.0,,2015-12-30,,,0.0,0.0,0.653,0.928,0.239,-3.937,150.025,249600.0,0.00213,0.0885,0.601,0.649,7sn0OyaKn1XKx18JjUZkSw
proud,marshmello,55.0,,2019-07-03,80.0,34476607.0,0.0,0.0,0.521,0.716,0.12,-4.999,77.562,191000.0,0.0372,0.0364,0.0,0.148,4YXKVaWzHaVyDq2pVS5cgR
provenza,karol g,71.0,,2022-04-22,87.0,60377470.0,0.0,0.0,0.87,0.516,0.53,-8.006,111.005,210200.0,0.656,0.0541,0.00823,0.11,1C46x15N2mSd1R42po84IT
proxy,martin garrix,48.0,,2015-01-06,74.0,15121577.0,0.0,0.0,0.682,0.698,0.257,-5.679,128.059,279384.0,0.0087,0.0335,0.834,0.237,3iLzyDMXB7QXX2RjtmJFOn
psycho,post malone,74.0,,2018-04-27,86.0,47720209.0,0.0,0.0,,,,,,,,,,,1GXABqvCDvQ58wPbkNhhzh
psychward (with wesghost ft. project pat),diplo,51.0,,2025-10-17,77.0,2812337.0,0.0,0.0,,,,,,,,,,,6gRNWnK8b8BVfzrF65HGcf
pts.of.athrty - jay gordon reanimation,linkin park,48.0,,2002,88.0,31785695.0,0.0,0.0,0.506,0.976,0.267,-5.066,95.16,225520.0,0.00185,0.155,0.00204,0.338,1tTgDt1fKE6wcul5s9CaDA
pull up,playboi carti,58.0,,2018-05-11,86.0,15021860.0,0.0,0.0,,,,,,,,,,,424qpX6swdUdhLq95cecNu
pull-up,jason derulo,0.0,,2015-05-26,76.0,12460242.0,0.0,0.0,0.643,0.759,0.46,-4.693,191.959,186973.0,0.00258,0.156,2.68e-06,0.0612,4In9tfYkdjm3Qro0XhjI0u
pump it,black eyed peas,11.0,,2005-01-01,81.0,9559647.0,0.0,0.0,0.648,0.924,0.752,-3.157,153.67,213613.0,0.00949,0.176,0.0,0.564,3mMwmaDw0Z5W0zVgfyA43J
pumped up kicks,foster the people,84.0,,2011-05-23,70.0,4025612.0,0.0,0.0,0.733,0.71,0.965,-5.849,127.975,239600.0,0.145,0.0292,0.115,0.0956,7w87IxuO7BDcJ3YUqCyMTT
punani,6ix9ine,57.0,,2020-09-04,,,0.0,0.0,0.841,0.541,0.42,-7.121,97.961,115254.0,0.0186,0.229,0.0,0.123,3ld2fjhbRmMXHOeF1nzOdr
punk monk,playboi carti,59.0,,2020-12-25,86.0,15021860.0,0.0,0.0,,,,,,,,,,,5fSZXFOZfPVW9gvnnG4ZVW
punto g,karol g,0.0,,2019-04-05,,,0.0,0.0,0.791,0.746,0.903,-4.716,165.994,183160.0,0.00938,0.0907,0.000125,0.125,3zTkz1DCxJk09e3iBH8xXi
pure cocaine,lil baby,78.0,,2018-11-30,84.0,21644763.0,0.0,0.0,,,,,,,,,,,577YBGuskWkVDCxZrLRB4v
pure love,hayley williams,1.0,,2020-05-08,,,0.0,0.0,0.79,0.4749999999999999,0.827,-6.787,95.003,187086.0,0.0772,0.0585,7.58e-05,0.125,38ffZsovm7LjAtdvXjp0BP
pure water (with migos),mustard,72.0,,2019-06-28,71.0,1930877.0,0.0,0.0,,,,,,,,,,,3j84U36KvLeXNDPv4t5pI8
pure/honey,beyoncé,64.0,,2022-07-29,84.0,41180800.0,0.0,0.0,,,,,,,,,,,4DByEumlGTZKSzuVEZ35eo
purple lace bra,tate mcrae,67.0,,2025-02-21,88.0,9249502.0,0.0,0.0,,,,,,,,,,,2bqLj0NvdtGbPCl9PdBtP2
push 2 start,tyla,80.0,,2024-10-11,77.0,3505794.0,0.0,0.0,,,,,,,,,,,1Cbl3Yq8rHo7hhDQmLQagU
push my luck,the chainsmokers,58.0,,2019-11-08,80.0,21360805.0,0.0,0.0,0.563,0.645,0.523,-6.422,89.976,181853.0,0.293,0.0428,0.0,0.202,4h8Pmw3RELdsanPjssyJoB
push ups,drake,70.0,,2024-04-19,95.0,103067383.0,0.0,0.0,,,,,,,,,,,3eh51r6rFWAlGQRlHx9QnQ
pushin p,gunna,0.0,,2022-01-07,85.0,10342615.0,0.0,0.0,,,,,,,,,,,3LnpBazWpD31QMTn6LgVGv
pushing me away,linkin park,68.0,,2000-10-24,88.0,31785695.0,0.0,0.0,0.4836666666666667,0.9129999999999999,0.279,-4.305,103.10466666666666,191440.0,0.000391,0.0425,0.0,0.309,1gAaRSN57UYVRI4eWRyAvP
put your hands where my eyes could see,busta rhymes,0.0,,1997,70.0,3165404.0,0.0,0.0,0.916,0.63,0.693,-6.815,99.493,195133.0,0.00752,0.29,6.75e-06,0.0656,5XZty1ZNT3vCm3QZttvpjH
put your records on,ritt momney,67.0,,2021-02-26,50.0,152294.0,0.0,0.0,0.399,0.491,0.151,-10.778,91.066,210463.0,0.0563,0.0538,0.00089,0.11,6AGOKlMZWLCaEJGnaROtF9
pyramids,frank ocean,78.0,,2012-07-10,84.0,20287929.0,0.0,0.0,0.4,0.65,0.15,-6.104,107.989,592920.0,0.0118,0.0466,7.62e-05,0.791,4QhWbupniDd44EDtnh2bFJ
qlona,karol g,70.0,,2023-08-11,87.0,60358474.0,0.0,0.0,,,,,,,,,,,3XB5uhhlYSnkxpSihkNQwh
que tire pa lante,daddy yankee,69.0,,2020-12-04,85.0,37817461.0,0.0,0.0,0.658,0.901,0.708,-2.814,93.979,210520.0,0.0478,0.0357,0.0,0.12,6RyaV7owmVU6fzEPE17sF1
queen of broken hearts,blackbear,67.0,,2020-08-21,,,0.0,0.0,0.717,0.712,0.825,-6.098,97.019,171171.0,0.00663,0.0765,0.0,0.0756,1xyUCr7dIJYaUaaiDf4Q1L
question...?,taylor swift,64.0,,2022-10-21,100.0,145443567.0,0.0,0.0,,,,,,,,,,,0heeNYlwOGuUSe7TgUD27B
questions,chris brown,64.0,,2017-10-31,87.0,28305692.0,0.0,0.0,,,,,,,,,,,3ojTJaonfkL96iIWa47SU3
"quevedo: bzrp music sessions, vol. 52",bizarrap,80.0,,2022-12-16,76.0,18192021.0,0.0,0.0,0.621,0.782,0.55,-5.548,128.033,198937.0,0.0125,0.044,0.033,0.23,2tTmW7RDtMQtBk7m2rYeSw
qwerty,linkin park,55.0,,2024-04-12,88.0,31785695.0,0.0,0.0,,,,,,,,,,,5njHkFji5oL7cYrbuHZyaC
r u ok,tate mcrae,60.0,,2021-03-26,88.0,9256589.0,0.0,0.0,,,,,,,,,,,2ng0NW0HhJK0KTNZzZajRv
r.i.p.,playboi carti,71.0,,2018-05-11,86.0,15021860.0,0.0,0.0,0.725,0.725,0.515,-6.067,140.003,192026.0,0.0119,0.159,0.0,0.086,0ZsSFv9dqF4O6MReTo1JBH
r.i.p. fredo,playboi carti,63.0,,2018-05-11,86.0,15021860.0,0.0,0.0,,,,,,,,,,,45Ln3F9PRPYTXBcMFkZMzS
r.i.p. screw,travis scott,64.0,,2018-08-03,89.0,41107596.0,0.0,1.0,,,,,,,,,,,4SZepBIPDRwPaHIjAKwRDb
rack city,tyga,2.0,,2012-01-01,78.0,7315854.0,0.0,0.0,,,,,,,,,,,0srwKuJPH8yBzzFUJMBQM2
radio,lana del rey,72.0,,2011-01-01,88.0,51847587.0,0.0,0.0,,,,,,,,,,,3taCbWWTilb7eNMsAzOBq4
radioactive,imagine dragons,80.0,,2012-02-14,85.0,58375520.0,0.0,0.0,0.448,0.784,0.236,-3.686,136.245,186813.0,0.106,0.0627,0.000108,0.668,4G8gkOterJn0Ywt6uhqbhp
rain,creed,55.0,,2009-10-02,73.0,4303697.0,0.0,0.0,0.538,0.925,0.443,-3.178,98.016,208240.0,0.00209,0.0392,0.0,0.258,2CIsr5cqDJeWffps0vtNeq
rain,jack harlow,0.0,,2019-09-20,75.0,4349241.0,0.0,0.0,0.877,0.607,0.131,-6.736,100.995,196638.0,0.00181,0.102,1.69e-05,0.107,3GAekGYLRRWGx0fSNhjZEU
rain,the script,56.0,,2017-09-01,74.0,8809453.0,0.0,0.0,,,,,,,,,,,2QWP8NYYplOqEFBYGCcq0S
rain is a good thing,luke bryan,0.0,,2009-10-06,74.0,9406293.0,0.0,0.0,0.622,0.931,0.521,-4.66,108.051,176160.0,0.106,0.0507,2.45e-06,0.328,754GZNuFfUJ0RVPjG8Gwaw
rain on me (with ariana grande),lady gaga,71.0,,2020-05-22,89.0,42275793.0,0.0,1.0,,,,,,,,,,,24ySl2hOPGCDcxBxFIqWBu
rain over me,pitbull,76.0,,2011-06-17,84.0,11933906.0,0.0,0.0,,,,,,,,,,,2cZrrQMjB63c0iIugYH9zS
rainbow,kacey musgraves,70.0,,2018-03-30,,,0.0,0.0,0.581,0.197,0.349,-7.697,130.367,214293.0,0.88,0.0329,0.0,0.107,79qxwHypONUt3AFq0WPpT9
raining men,rihanna,44.0,,2010-01-01,90.0,68997177.0,0.0,1.0,,,,,,,,,,,0XZHZslvxrByI84hFYWyXS
raise your glass,p!nk,75.0,,2010-10-05,78.0,18206492.0,0.0,0.0,,,,,,,,,,,12lZTPlXwUtrQuhEty6098
ransom,lil tecca,82.0,,2019-08-30,79.0,10163759.0,0.0,0.0,,,,,,,,,,,1lOe9qE0vR9zwWQAOk6CoO
rap devil,machine gun kelly,0.0,,2018-09-21,,,0.0,0.0,0.895,0.839,0.754,-4.51,149.952,286117.0,0.217,0.227,2.89e-06,0.239,7hgxdDJAyaQKsGl9ZquRsh
rap god,eminem,74.0,,2013-11-05,88.0,104539036.0,0.0,1.0,0.708,0.843,0.625,-2.66,148.14,363521.0,0.397,0.314,0.0,0.799,6or1bKJiZ06IlK0vFvY75k
rape me,nirvana,71.0,,1994,81.0,23391272.0,0.0,0.0,0.42,0.746,0.229,-10.628,111.886,170000.0,0.0141,0.0467,0.0,0.0661,2i5K0EdMY5zFs9t7KfYK3k
rape me - live at the paramount,nirvana,29.0,,1991-09-26,81.0,23384088.0,0.0,0.0,,,,,,,,,,,1uJySP5oFRKW0Yzr7O87TW
rare,selena gomez,58.0,,2020-01-10,81.0,53267200.0,0.0,0.0,,,,,,,,,,,7HMmFQsKsljwTw8bS7lu19
rare,xxxtentacion,57.0,,2022-06-10,,,0.0,0.0,0.553,0.423,0.0511,-8.99,99.431,94746.0,0.733,0.123,0.000218,0.15,2WnUmrdEsvWeJJRtZDO5jr
ratchet happy birthday,drake,50.0,,2018-06-29,95.0,103039388.0,0.0,0.0,,,,,,,,,,,4SUwJA3eUVNHExxMPEUhQe
rather be,clean bandit,73.0,,2014-01-17,74.0,5975530.0,0.0,0.0,0.799,0.586,0.549,-6.735,120.97,227833.0,0.162,0.0377,2.03e-06,0.193,3s4U7OHV7gnj42VV72eSZ6
rattle,megan thee stallion,47.0,,2024-06-28,76.0,10890822.0,0.0,0.0,,,,,,,,,,,4Ir7CB5dXbd0fGBQ1rW85m
ravin,popcaan,32.0,,2012-01-24,,,0.0,0.0,0.735,0.56,0.751,-7.162,99.495,195840.0,0.252,0.361,0.0,0.309,4sYjub31yWSj7eqaNNVtmA
reach out,red hot chili peppers,66.0,,2022-10-14,82.0,23218829.0,0.0,0.0,0.663,0.71,0.487,-5.55,120.984,251588.0,0.00745,0.0599,0.00559,0.147,00B7SBwrjbycLMOgAmeIU8
ready or not - radio edit,cascada,29.0,,2009-07-06,65.0,615439.0,0.0,0.0,0.627,0.988,0.497,-5.331,145.014,180929.0,0.00253,0.0572,2e-06,0.179,2lhWOCEHyh6mjIA1sK1RcU
ready to die - 2006 remaster,the notorious b.i.g.,59.0,,1996,75.0,12762931.0,0.0,0.0,0.727,0.831,0.504,-5.713,84.991,264546.0,0.0632,0.31,3.63e-05,0.487,3UQAKY0SUEonxneROvv4jy
real friends,camila cabello,53.0,,2018-01-12,78.0,35582423.0,0.0,0.0,,,,,,,,,,,3iq9nhbI8fcnNamxMft1uv
real life,the weeknd,58.0,,2015-08-28,94.0,112995439.0,0.0,1.0,,,,,,,,,,,03j354P848KtNU2FVSwkDG
real life fantasy,edward maya,36.0,,2025-04-18,66.0,342955.0,0.0,0.0,,,,,,,,,,,5BY0EwNXOC6k38oArRtiic
real love,clean bandit,48.0,,2014-10-06,74.0,5973844.0,0.0,0.0,,,,,,,,,,,7M9XTtbz6qDg7LqYJ7OpJB
really don't care,demi lovato,68.0,,2013-01-01,77.0,27288825.0,0.0,0.0,,,,,,,,,,,5vTPxzm4h2bY9rYyVrGEU5
record year,eric church,40.0,,2021-05-21,71.0,4141160.0,0.0,0.0,,,,,,,,,,,4f1i7W0iP45UyVfp9g27K8
red,taylor swift,57.0,,2012-10-22,100.0,145489371.0,0.0,0.0,,,,,,,,,,,4V9NuhKQcUFt4cgbynHV79
red - original demo recording,taylor swift,41.0,,2012-10-22,100.0,145396321.0,0.0,0.0,,,,,,,,,,,2OghnlGqZZsFzHjG0CSE9l
red dress,magic!,50.0,,2016-07-01,,,0.0,0.0,0.653,0.795,0.803,-4.477,135.978,200800.0,0.0887,0.0336,0.0,0.203,1MDuXjpO68UVjbBzrTL1Aq
"red lights (bang chan, hyunjin)",stray kids,74.0,,2021-08-23,,,0.0,0.0,0.707,0.74,0.336,-4.311,127.974,189906.0,0.179,0.0509,0.0,0.612,0LatE4S9UtCDwIdGQsFFKL
red room,offset,59.0,,2019-02-22,77.0,5608618.0,0.0,0.0,,,,,,,,,,,4TWflhgevIGo448fWc6mQq
red roses - liohn's tokyo drift remix,lil skies,37.0,,2018-07-25,64.0,5287445.0,0.0,0.0,,,,,,,,,,,5LIX0JWid6ASLhAikVo3Ah
red terror,the weeknd,62.0,,2025-01-31,93.0,112918137.0,0.0,1.0,,,,,,,,,,,717s9KFmHhyy5t3xkStS56
red white blue jean american dream,kip moore,0.0,,2020-05-29,,,0.0,0.0,0.561,0.765,0.622,-5.987,160.139,180346.0,0.00319,0.0322,6.28e-05,0.261,5TxB8cvC3cTSJJMsijy7Su
red wine supernova,chappell roan,79.0,,2023-09-22,82.0,7299563.0,0.0,0.0,,,,,,,,,,,7FOgcfdz9Nx5V9lCNXdBYv
redbone,childish gambino,4.0,,2016-12-02,78.0,14557537.0,0.0,0.0,,,,,,,,,,,0wXuerDYiBnERgIpbb3JBR
redemption,drake,68.0,,2016-05-06,95.0,103039388.0,0.0,0.0,,,,,,,,,,,4cRBqWBjuccCowYVHFlXK6
redemption song,bob marley & the wailers,70.0,,1990,,,0.0,0.0,0.671,0.256,0.694,-10.743,115.871,233560.0,0.608,0.0387,0.0,0.0737,26PwuMotZqcczKLHi4Htz3
redrum,21 savage,78.0,,2024-01-12,84.0,23813959.0,0.0,0.0,,,,,,,,,,,52eIcoLUM25zbQupAZYoFh
reflections laughing,the weeknd,70.0,,2025-01-31,94.0,112995439.0,0.0,1.0,,,,,,,,,,,2gyHr9WqZeMtzJOpWGuGo6
reggaeton,j balvin,66.0,,2019-08-02,86.0,39113380.0,0.0,1.0,0.747,0.74,0.552,-4.325,176.0605,158800.0,0.0165,0.191,9.94e-05,0.101,1F4sE8N4KROqjI5GeBDiDQ
region act,ryan lewis,30.0,3000.0,2025-06-10,,,0.0,0.0,0.26,0.9,,-46.63,108.08,293067.0,,,0.053,,TRK-E65C1CD0D3D2
rehab,amy winehouse,73.0,,2006-10-23,75.0,9747371.0,0.0,0.0,0.4205,0.7150000000000001,0.7545,-8.2915,71.66499999999999,214353.0,0.0507,0.0627,1.67e-06,0.368,1L5tZi0izXsi5Kk5OJf4W0
relationship,young thug,67.0,,2017-06-16,84.0,12418681.0,0.0,0.0,,,,,,,,,,,25oOaleife6E2MIKmFkPvg
religion,lana del rey,62.0,,2015-09-18,88.0,51773650.0,0.0,0.0,,,,,,,,,,,1Yh4lOCbcskjSfYPDnn7EW
remedy,adele,62.0,,2015-11-20,83.0,66705650.0,0.0,0.0,0.405,0.3,0.24,-6.475,162.355,245426.0,0.894,0.0378,0.0,0.154,1zZh6zTXcDgvN0C6S1G4gU
remember me,christina perri,51.0,,2019-01-17,71.0,4308713.0,0.0,0.0,,,,,,,,,,,4XzkS1hmMdenBmmbLbjorO
remember me,fetty wap,42.0,,2021-10-22,70.0,5124204.0,0.0,0.0,0.713,0.609,0.495,-7.696,173.0,102773.0,0.16,0.173,0.0,0.0987,3hPhZlKm7BjfpspEsl2amP
remember me (sing-a-long),christina perri,36.0,,2019-01-17,71.0,4307803.0,0.0,0.0,,,,,,,,,,,7abUe1ZCGHIMtIAnGKBbSo
remember the times,kodak black,1.0,,2020-11-11,79.0,12474509.0,0.0,0.0,0.78,0.712,0.0757,-3.624,135.009,203891.0,0.155,0.0598,0.0,0.334,1qkjQxTfIyRtZPK1nYWTvw
remind me,bastille,0.0,,2022-06-10,72.0,5647181.0,0.0,0.0,0.744,0.744,0.662,-4.334,104.007,182681.0,0.247,0.142,0.0,0.116,2VAP6MX4qujgqVSmU6Mrw1
reminder,the weeknd,81.0,,2016-11-25,94.0,113039308.0,0.0,1.0,,,,,,,,,,,37F0uwRSrdzkBiuj0D5UHI
renegades,x ambassadors,76.0,,2017,69.0,3108097.0,0.0,0.0,0.526,0.862,0.528,-6.003,90.052,195200.0,0.0144,0.0905,0.0597,0.229,0fYVliAYKHuPmECRs1pbRf
repeat it (with gunna),lil tecca,58.0,,2021-08-06,79.0,10172903.0,0.0,0.0,,,,,,,,,,,21AJQhGZpujjZQXByZAXpr
replay,iyaz,79.0,,2009-08-11,65.0,1156272.0,0.0,0.0,0.706,0.751,0.195,-6.323,91.031,182306.0,0.173,0.0708,0.0,0.168,4E5P1XyAFtrjpiIxkydly4
republican the,brenda lee,30.0,3000.0,2017-04-04,,,0.0,0.0,0.8,0.56,,-1.77,194.92,205644.0,,,0.602,,TRK-2323203D3EB9
require activity,eric turner,24.0,1000.0,2022-02-05,,,0.0,0.0,0.14,0.83,,-12.49,157.6,308117.0,,,0.301,,TRK-ACA742A1AABD
rescue,lauren daigle,69.0,,2018-09-07,67.0,3134316.0,0.0,0.0,0.293,0.237,0.108,-8.17,92.935,215613.0,0.78,0.0284,0.0,0.11,7r9kOxiNDnkAg5QKqtyjVk
rescue me,onerepublic,66.0,,2021-08-27,81.0,18703625.0,0.0,0.0,0.7603333333333334,0.6056666666666667,0.644,-7.740333333333333,121.04166666666667,159399.66666666666,0.15666666666666665,0.042699999999999995,0.0,0.614,0mjAU3yKR1QnXnHtjGJqTM
respect,bts,64.0,,2023-06-20,,,0.0,0.0,0.661,0.838,0.526,-4.806,91.463,237540.0,0.00491,0.116,0.0,0.287,2yKBnKOmPXePrbHqRv42r4
resume,lil tjay,66.0,,2021-02-12,74.0,10192579.0,0.0,0.0,0.821,0.485,0.41,-12.369,143.026,235023.0,0.324,0.411,0.0,0.105,3U3gHqRwjam6CxwW68m30z
retrograde,james blake,64.0,,2013-02-11,69.0,1551541.0,0.0,0.0,0.533,0.251,0.186,-11.283,77.503,223600.0,0.873,0.0372,0.104,0.134,2IqjKEBiz0CdLKdkXhxw84
return to sender,elvis presley,55.0,,1997-11,,,0.0,0.0,0.838,0.616,0.971,-6.502,131.719,128306.0,0.575,0.0433,0.0,0.0785,2cdzutoqFK6sfW6exi7oXh
"return to sender - from ""girls! girls! girls!""",elvis presley,61.0,,2001-11-10,,,0.0,0.0,0.845,0.563,0.969,-9.488,130.335,126693.0,0.628,0.0439,0.0,0.0614,3uwIoa2emQILz6BmH6MtiW
reveal,john martin,19.0,1000.0,2015-05-08,,,0.0,0.0,0.85,0.14,,-20.39,192.46,355148.0,,,0.76,,TRK-378F30E13D4E
revenge,xxxtentacion,81.0,,2022,83.0,51727329.0,0.0,0.0,0.727,0.243,0.1745,-16.1625,139.99849999999998,120042.0,0.777,0.2885,0.0022050000000000004,0.1045,5SFTZsHW3HdCp9f1zbzitS
revolution,bastille,0.0,,2022-07-28,72.0,5647181.0,0.0,0.0,0.629,0.755,0.78,-4.703,110.016,183406.0,0.0799,0.206,0.0,0.141,3UlFXr9WI8uXEYqptzPqC6
revolution,the beatles,63.0,,1968-08-26,82.0,30721676.0,0.0,0.0,0.407,0.834,0.71,-9.224,121.38,205293.0,0.0734,0.208,0.00021,0.241,3UDmHZcBTQp8Iu8droNtUl
revolving door,tate mcrae,85.0,,2025-02-21,88.0,9256589.0,0.0,0.0,,,,,,,,,,,3gZqHdjeKghI5QFjTdOWCU
rewind,charli xcx,63.0,,2024-06-07,82.0,6318755.0,0.0,0.0,,,,,,,,,,,50GxvQA2KEWNt31EdwIlzY
rewrite the stars,james arthur,71.0,,2017-12-08,79.0,20854863.0,0.0,0.0,,,,,,,,,,,7FlHNJT4TC120CDvFOHzei
rgf island,fetty wap,59.0,,2015-09-25,70.0,5124204.0,0.0,0.0,0.746,0.764,0.518,-5.066,137.98,173893.0,0.00116,0.0423,8.19e-06,0.0867,1iuljeYz6ZG3GTJOZZkoer
rhiannon,fleetwood mac,78.0,,1975-07-11,83.0,13966197.0,0.0,0.0,,,,,,,,,,,05oETzWbd4SI33qK2gbJfR
rhinestone eyes,gorillaz,80.0,,2010-03-03,82.0,14505359.0,0.0,0.0,0.676,0.703,0.852,-5.815,92.761,200173.0,0.0869,0.0302,0.000687,0.0463,1foMv2HQwfQ2vntFf9HFeG
rhyme or reason,eminem,34.0,,2013-11-05,88.0,104559284.0,0.0,1.0,,,,,,,,,,,75ItBl3UWXmc6ehfVIillw
rhythm of love,plain white t's,53.0,,2010-08-10,,,0.0,0.0,0.531,0.549,0.681,-7.895,171.781,200200.0,0.363,0.0378,0.0,0.118,1OUxBM6TphEnDh4EQkNRv1
ribs,lorde,84.0,,2013-09-27,80.0,10539134.0,0.0,0.0,,,,,,,,,,,2MvvoeRt8NcOXWESkxWn3g
ric flair drip (with metro boomin),offset,81.0,,2017-10-30,77.0,5610584.0,0.0,0.0,,,,,,,,,,,7sO5G9EABYOXQKNPNiE9NR
rich baby daddy,drake,78.0,,2023-10-06,95.0,103094105.0,0.0,0.0,,,,,,,,,,,1yeB8MUNeLo9Ek1UEpsyz6
rich flex,drake,75.0,,2022-11-04,95.0,103039388.0,0.0,0.0,,,,,,,,,,,1bDbXMyjaUIooNwFE9wn0N
rich girl,gwen stefani,71.0,,2004-11-12,73.0,7069432.0,0.0,0.0,,,,,,,,,,,2oxtQ84p1j5GmyzmD50Lq0
richard millie plain,gunna,61.0,,2019-02-22,85.0,10342615.0,0.0,0.0,,,,,,,,,,,14PWHDV87nXiSuClZDsEYC
ride,chase rice,57.0,,2014-08-19,56.0,1251973.0,0.0,0.0,,,,,,,,,,,2Dp0QLXSfuGr5XVlLwzXLk
ride,lana del rey,68.0,,2012-01-01,88.0,51773650.0,0.0,0.0,,,,,,,,,,,7yFMhCJOsH7khgpdnyrZAZ
ride,twenty one pilots,82.0,,2015-05-15,83.0,25759662.0,0.0,0.0,0.645,0.713,0.566,-5.355,74.989,214506.0,0.00835,0.0393,0.0,0.113,2Z8WuEywRWYTKe1NybPQEW
ride it (kya yehi pyar hai),jay sean,56.0,,2009-11-30,66.0,2051659.0,0.0,0.0,0.749,0.566,0.725,-7.79,93.017,193706.0,0.39,0.0752,0.0,0.0961,0dynHt8F4nhXiwolAdiLW5
ride the lightning,metallica,60.0,,2017-11-10,81.0,32161423.0,0.0,0.0,0.257,0.975,0.276,-6.128,149.312,396986.0,6.07e-05,0.175,0.1,0.222,2O7UGwJPVlix15Wn4sa5vw
ridin',chamillionaire,68.0,,2005-01-01,57.0,1016915.0,0.0,0.0,,,,,,,,,,,3kZoay4ANo86ehb6s4RwS9
ridin' solo,jason derulo,63.0,,2010-02-24,76.0,12460618.0,0.0,0.0,,,,,,,,,,,3bX7A4AvhUp9OXGXh7KPX6
right about you,post malone,54.0,,2024-08-15,86.0,47720209.0,0.0,0.0,,,,,,,,,,,7k2nR2eTRVuzAMCXUj3HMv
right above it,lil wayne,70.0,,2010-01-01,86.0,17928214.0,0.0,0.0,,,,,,,,,,,1kMuU3TNQvHbqvXCWBodmP
right my wrongs,bryson tiller,79.0,,2015-10-02,80.0,10564033.0,0.0,0.0,,,,,,,,,,,5rgrBsAFYMun6yhtnLKRPz
right now,playboi carti,64.0,,2018-05-11,86.0,15031490.0,0.0,0.0,,,,,,,,,,,475jSz0H6U3duJyNiDS0tT
right now (na na na),akon,2.0,,2009,81.0,6002343.0,0.0,0.0,0.83,0.857,0.607,-4.194,137.982,240746.0,0.262,0.152,0.0,0.413,2VqAEP1yY5T523K7bZtL8a
right round,flo rida,82.0,,2009-03-23,79.0,8972549.0,0.0,0.0,,,,,,,,,,,1GTC0gBd5B8YmVf3tRl9Ln
right there,ariana grande,51.0,,2013-01-01,90.0,107374593.0,0.0,0.0,,,,,,,,,,,3yiopxxeHuwcpAg4e57Zjt
right where you left me - bonus track,taylor swift,76.0,,2021-01-07,100.0,145542136.0,0.0,0.0,,,,,,,,,,,3zwMVvkBe2qIKDObWgXw4N
ring,cardi b,67.0,,2018-04-06,81.0,25956015.0,0.0,0.0,,,,,,,,,,,5DfWF0jqMgZDCiu9zJENTA
riot,xxxtentacion,68.0,,2015-05-01,83.0,51727329.0,0.0,0.0,0.509,0.542,0.151,-8.027,97.767,78680.0,0.019,0.442,0.00639,0.23,4aOOExMBUyxKnEYb39SrTg
riptide,the chainsmokers,65.0,,2022-04-22,80.0,21360805.0,0.0,0.0,0.717,0.734,0.894,-5.712,91.014,171359.0,0.28,0.0426,0.000101,0.147,7dTd00X8Mc5iErfQQyBA6B
riptide,vance joy,80.0,,2013-11-22,74.0,3482109.0,0.0,0.0,0.4836666666666667,0.731,0.5013333333333333,-6.6946666666666665,101.654,204280.0,0.4326666666666667,0.03796666666666667,0.0,0.151,1p9aRm4n7oG5hvPhREVHfh
riptide - lofi remix,the chainsmokers,0.0,,2022-04-22,80.0,21360805.0,0.0,0.0,0.722,0.338,0.183,-10.432,79.997,156067.0,0.502,0.073,0.857,0.104,1DGY9hhepLMDQzdkdK3GrX
ritmo (bad boys for life),black eyed peas,68.0,,2019-10-12,81.0,9559647.0,0.0,0.0,,,,,,,,,,,4NCsrTzgVfsDo8nWyP8PPc
river,eminem,71.0,,2017-12-15,88.0,104559284.0,0.0,1.0,,,,,,,,,,,1cS0TgbR263ey9jn0MwD2s
river,miley cyrus,59.0,,2023-08-18,81.0,26558356.0,0.0,0.0,,,,,,,,,,,1yampU2t2LNWzEsCpUgHYJ
river,olivia rodrigo,41.0,,2020-11-20,84.0,49050008.0,,,,,,,,,,,,,0Nzivfp90nH1WCPAMm7PV4
"river - recorded at rak studios, london",sam smith,0.0,,2020-12-04,81.0,26275803.0,0.0,0.0,0.45,0.181,0.196,-11.417,115.443,208573.0,0.896,0.0406,1.09e-06,0.11,67l8nACchnc7Mq9LP6XqNz
river lea,adele,57.0,,2016-06-25,83.0,66720643.0,0.0,0.0,0.384,0.585,0.252,-5.588,82.378,225426.0,0.0591,0.0311,1.77e-06,0.116,0bqC0AqaBZKBZsjhI3y2OW
river of tears,alessia cara,55.0,,2016-03-11,72.0,12275134.0,0.0,0.0,,,,,,,,,,,3ArYVrRb0lDBLzuJJqIXzC
rivers,thomas jack;nico & vinz,50.0,,2015-10-30,,,0.0,0.0,0.629,0.695,0.451,-6.338,122.015,207772.0,0.444,0.039,0.0,0.126,0MN3acIATtEXWJxy3UKoy4
road forward lead,michael jackson,30.0,1000.0,2023-04-12,85.0,37446069.0,0.0,0.0,0.59,0.61,,-29.34,119.23,161567.0,,,0.356,,TRK-69825363B6C5
road trippin',red hot chili peppers,66.0,,1999-12-22,82.0,23218829.0,0.0,0.0,0.378,0.474,0.38,-8.202,102.379,204960.0,0.28,0.0271,0.00138,0.117,7Gpr3kKk4BMgItz6UbI73q
roads untraveled,linkin park,65.0,,2012-06-20,88.0,31785695.0,0.0,0.0,0.599,0.788,0.581,-6.25,100.001,229933.0,0.263,0.0294,0.00525,0.155,1dYw8HTRJnFpeEeMtXj99a
roar,katy perry,78.0,,2013-01-01,83.0,38400585.0,0.0,0.0,,,,,,,,,,,27tNWlhdAryQY04Gb2ZhUI
robbery,juice wrld,3.0,,2019-03-08,85.0,42565036.0,0.0,0.0,,,,,,,,,,,6Hj9jySrnFppAI0sEMCZpJ
robin,taylor swift,66.0,,2024-04-19,100.0,145489371.0,0.0,0.0,,,,,,,,,,,2CnjDMdpRjlWv04Xk3s6MW
robot boy,linkin park,25.0,,2010-09-08,88.0,31785695.0,0.0,0.0,0.58,0.784,0.214,-5.739,129.993,268986.0,0.0153,0.0289,0.00912,0.142,4y5kFC6hZzAxQ34qmjjcBf
rock 'n' roll (will take you to the mountain),skrillex,51.0,,2010-12-21,74.0,7528373.0,0.0,0.0,,,,,,,,,,,6TbYnMMWfdUZXQm6tZ6vib
rock and a hard place,bailey zimmerman,84.0,,2022-06-10,,,0.0,0.0,0.582,0.568,0.394,-7.300000000000001,121.99100000000001,207540.0,0.577,0.0275,0.0,0.105,0WClv9xPvQPeuZcPwP0VZf
rock and roll ain't noise pollution,ac/dc,64.0,,1992,,,0.0,0.0,0.576,0.659,0.717,-5.617,94.853,266040.0,0.041,0.0383,0.0,0.0587,6J17MkMmuzBiIOjRH6MOBZ
rock n roll,avril lavigne,56.0,,2013-11-01,76.0,12004691.0,0.0,0.0,,,,,,,,,,,471JGLzHPrgM4lS9mNOEIt
rock n roll train,ac/dc,71.0,,2012-11-16,,,0.0,0.0,0.547,0.931,0.697,-2.356,118.4,261506.0,0.000998,0.0615,0.0118,0.278,4feXJ5IC3avXsVW9WNFSag
rock or bust,ac/dc,62.0,,2014-11-25,,,0.0,0.0,0.572,0.825,0.56,-3.977,98.057,183053.0,7.13e-05,0.04,0.000134,0.134,2vyae4DvSU2gs8OMOGwXF2
rock that body,black eyed peas,3.0,,2010-10-25,81.0,9559647.0,0.0,0.0,0.715,0.907,0.841,-6.025,124.991,268840.0,0.0172,0.0993,8.39e-05,0.426,7yglOIWHwpJHRsIfQPFvVc
rock that body - radio edit,black eyed peas,47.0,,2010-01-01,81.0,9559647.0,0.0,0.0,,,,,,,,,,,2jof7YFzOHHTBTcD6z13WJ
rock the house,afrojack,42.0,,2012-12-28,,,0.0,0.0,0.689,0.841,0.541,-5.592,130.049,230791.0,0.0176,0.0862,0.776,0.137,3J57KX2pdbNW4SWoV1QYwR
rock with you - single version,michael jackson,75.0,,2009,85.0,37446069.0,0.0,0.0,0.808,0.535,0.848,-12.521,114.031,220626.0,0.179,0.0353,9.91e-05,0.158,7oOOI85fVQvVnK5ynNMdW7
rock-a-hula baby,elvis presley,46.0,,2006,,,0.0,0.0,0.528,0.645,0.884,-8.695,94.257,119893.0,0.804,0.0635,0.0,0.0935,65ndJdPZmiV8egz8h3kPuf
rockabye,clean bandit,78.0,,2018-11-30,74.0,5975530.0,0.0,0.0,0.717,0.73,0.792,-4.729,102.002,251173.0,0.383,0.0568,0.0,0.398,2hrUO4drrO63i7FYbCLBl2
"rocket man (i think it's going to be a long, long time)",elton john,81.0,,1976,80.0,15542286.0,0.0,0.0,0.601,0.532,0.341,-9.119,136.571,281613.0,0.432,0.0286,6.25e-06,0.0925,3gdewACMIVMEWVbyb8O9sY
rocket queen,guns n' roses,61.0,,2000,80.0,35196831.0,0.0,0.0,0.448,0.945,0.437,-7.978,111.705,373466.0,0.0219,0.0394,0.246,0.0254,6v5VsfCYKdrkQBTMhAlkDr
rockin' around the christmas tree,brenda lee,71.0,,1978,,,0.0,0.0,0.6340652173913044,0.5643478260869564,0.8741304347826088,-6.120826086956521,74.02139130434783,123672.69565217392,0.7254347826086956,0.04423043478260869,0.0,0.28469565217391307,0j6FbpWCboFDsKxeWOqhOi
rockin' around the christmas tree,justin bieber,0.0,,2020-11-12,91.0,85008100.0,0.0,0.0,0.464,0.642,0.828,-3.656,151.592,132732.0,0.0189,0.032,0.0,0.0957,3HqSKkoH7DqzfJYrBqvzSq
rockin' around the christmas tree - re-recorded version,brenda lee,0.0,,1958-01-01,,,0.0,0.0,0.682,0.641,0.824,-8.904,141.003,126146.0,0.564,0.0384,0.0,0.224,00yPinAe1rsCCCtI1F43fp
rocking around the christmas tree,brenda lee,0.0,,2011-08-04,,,0.0,0.0,0.697,0.558,0.894,-5.836,140.5,125893.0,0.787,0.0401,0.0,0.403,3vHNDTSeqchW55ni9apM8H
rockin’,the weeknd,62.0,,2016-11-25,93.0,112918137.0,0.0,1.0,,,,,,,,,,,36YCdzT57us0LhDmCYtrNE
rockland,gracie abrams,0.0,,2021-10-22,82.0,7403257.0,0.0,0.0,0.568,0.402,0.397,-11.344,125.743,217368.0,0.787,0.0448,0.000188,0.103,6MSKVdRyRt2BeKFd7N4QKq
rockstar,dababy,73.0,,2020-04-17,77.0,12955951.0,0.0,0.0,,,,,,,,,,,7ytR5pFWmSjzHJIeQkgog4
rockstar,nickelback,65.0,,2005-09-26,78.0,7846032.0,0.0,0.0,0.616,0.91,0.693,-3.004,144.072,252040.0,0.0459,0.0386,0.0,0.343,3RlsVPIIs5KFhLFhxZ4iDF
rockstar,post malone,81.0,,2017-09-15,86.0,47722935.0,0.0,0.0,,,,,,,,,,,0e7ipj03S05BNilyu5bRzt
rockstar made,playboi carti,66.0,,2020-12-25,86.0,15026799.0,0.0,0.0,,,,,,,,,,,3cWmqvMwVQKDigWLSZ3w9h
rocky raccoon,the beatles,57.0,,1999,82.0,30721676.0,0.0,0.0,0.599,0.363,0.648,-11.728,79.456,213106.0,0.333,0.0315,0.0,0.243,1ITQbrueGLl581a25XXm9c
rojo,j balvin,5.0,,2020-05-17,86.0,39113380.0,0.0,1.0,0.652,0.595,0.421,-4.04,172.277,151146.0,0.15,0.117,0.000106,0.0836,6dR1uxzRh6aewJ3WQg0GY6
roll in peace,kodak black,71.0,,2017-08-18,79.0,12471348.0,0.0,0.0,,,,,,,,,,,40oKW22ZNNkEdZLJTScaQI
roll over beethoven,the beatles,55.0,,1977,82.0,30721676.0,0.0,0.0,0.351,0.749,0.967,-9.435,160.673,165466.0,0.289,0.0628,0.0,0.0952,3idqWaBn3mRdsIodCU6uBi
roller coaster,luke bryan,63.0,,2013-01-01,74.0,9408174.0,0.0,0.0,,,,,,,,,,,5r00wpsojd4mBYaQFDvni7
rollin,calvin harris,62.0,,2017-06-30,84.0,23078238.0,0.0,0.0,,,,,,,,,,,0lMbuWUpfTWhEmOKxppEau
rollin,jess glynne,0.0,,2018-09-21,73.0,3164627.0,0.0,0.0,0.716,0.752,0.708,-3.504,117.025,218040.0,0.000804,0.0533,0.0,0.0757,0bgCV5x6FxiaDC9PRLY0xV
rolling in the deep,adele,79.0,,2011-01-19,83.0,66720643.0,0.0,0.0,0.73,0.769,0.507,-5.114,104.948,228093.0,0.138,0.0298,0.0,0.0473,1CkvWZme3pRgbzaxZnTl5X
rolling in the deep - acapella,adele,49.0,,2011,83.0,66734917.0,0.0,0.0,0.736,0.142,0.476,-16.603,105.034,236777.0,0.771,0.0385,0.0,0.0735,2ux2dwUgqfj1EKRp963HEW
rolling stone,the weeknd,48.0,,2012-11-13,94.0,112995439.0,0.0,1.0,,,,,,,,,,,4vz3UReBbxyPuVqgIjTCeA
rompe,daddy yankee,74.0,,2005-12-06,85.0,37817461.0,0.0,0.0,0.696,0.858,0.533,-5.155,176.061,188626.0,0.0727,0.0859,3.19e-06,0.0631,4Xtlw8oXkIOvzV7crUBKeZ
rooftops,marshmello,50.0,,2018-06-22,80.0,34476607.0,0.0,0.0,0.704,0.907,0.657,-3.95,141.988,177464.0,0.0292,0.0672,0.0,0.195,6pbhkfdG5RvTJaC3VKPaJn
room for 2,dua lipa,42.0,,2017-06-02,85.0,46895665.0,0.0,0.0,,,,,,,,,,,4isCUHcZJs0o8niODly6qc
root of all evil,daniel caesar,65.0,,2025-10-24,85.0,11137714.0,0.0,0.0,,,,,,,,,,,0NZKfcua68wuZePhjp8N2I
rooting for my baby,miley cyrus,43.0,,2013-10-04,81.0,26561582.0,0.0,0.0,,,,,,,,,,,1qfAWRJXPBq45Z52a8heKp
rosa,j balvin,3.0,,2020-03-19,86.0,39113380.0,0.0,1.0,0.637,0.583,0.305,-5.686,176.025,190253.0,0.258,0.258,8.19e-05,0.367,1YQk5vR4YduJFoSzr0kvKT
rose colored lenses,miley cyrus,57.0,,2023-08-18,81.0,26564677.0,0.0,0.0,,,,,,,,,,,1nSfvLVhsozMHS7rCF1BTi
rose-colored boy,paramore,64.0,,2017-05-12,79.0,9792848.0,0.0,0.0,0.768,0.826,0.926,-4.904,114.997,212853.0,0.00199,0.0335,0.000374,0.031,2RJfK2pOvGpnxC255YOy5k
roses,saint jhn,62.0,,2016-11-18,,,0.0,0.0,0.782,0.5,0.28,-6.473,102.008,173610.0,0.342,0.0611,1.88e-05,0.133,3mRlFZHUyvJbPTlkzg4LyJ
roses,the chainsmokers,80.0,,2015-06-16,80.0,21359561.0,0.0,0.0,0.713,0.802,0.343,-7.055,100.001,226738.0,0.0435,0.0561,0.00377,0.309,3vv9phIu6Y1vX3jcqaGz5Z
roses - imanbek remix,saint jhn,74.0,,2016-11-18,65.0,1153939.0,0.0,0.0,0.77,0.724,0.898,-5.484,121.975,176840.0,0.0167,0.0495,0.0107,0.353,24Yi9hE78yPEbZ4kxyoXAI
rosie,john mayer,60.0,,2019-07-30,,,0.0,0.0,0.758,0.465,0.758,-6.547,138.9,240626.0,0.489,0.0374,5.13e-05,0.116,5KsLlcmWDoHUoJFzRw14wD
roulette,red hot chili peppers,64.0,,2022-10-14,82.0,23218829.0,0.0,0.0,0.689,0.869,0.84,-6.688,100.684,297105.0,0.00242,0.0511,0.00339,0.127,5kFWp8In0sIpeXPfPuJlYE
roxanne,arizona zervas,74.0,,2019-10-10,59.0,817341.0,0.0,0.0,,,,,,,,,,,696DnlkuDOXcMAnKlTgXXK
royals,lorde,79.0,,2013-01-01,80.0,10541250.0,0.0,0.0,,,,,,,,,,,2dLLR6qlu5UJ5gk0dKz0h3
rubberband,tate mcrae,69.0,,2021-03-26,88.0,9249502.0,0.0,0.0,,,,,,,,,,,2E8IlL26PwtZq7CqAHBBUw
rubberneckin',elvis presley,59.0,,2008,,,0.0,0.0,0.623,0.613,0.918,-10.099,144.334,133813.0,0.231,0.0698,0.0,0.12,4cXnUi6qulwgj0fLSu0VYE
ruby tuesday,the rolling stones,63.0,,1989,77.0,15714574.0,0.0,0.0,0.524,0.553,0.517,-10.767,104.578,196493.0,0.831,0.0292,0.0,0.174,4hupcimlg3UBbW1kAQ6vrT
ruby tuesday - live / remastered 2009,the rolling stones,30.0,,1989,77.0,15714574.0,0.0,0.0,0.446,0.878,0.435,-4.238,107.843,213466.0,0.704,0.0469,0.00153,0.99,4pODICyT0skWqpXC2FrJ9o
rude,magic!,83.0,,2014-06-25,66.0,1610608.0,0.0,0.0,0.758,0.7825,0.912,-4.3865,144.0475,224806.5,0.04285,0.037250000000000005,0.0,0.307,3tCwjWLicbjsMCvXhN0WOE
rude boy,rihanna,78.0,,2009-11-20,90.0,69030894.0,0.0,1.0,,,,,,,,,,,60jzFy6Nn4M0iD1d94oteF
"rudolph, the red-nosed reindeer",mary j. blige,0.0,,2020-12-16,,,0.0,1.0,0.468,0.565,0.581,-5.615,140.941,147413.0,0.522,0.101,0.0,0.0517,4M7cwc9BrGlSQzSxwx6x0P
ruin my life,zara larsson,74.0,,2018-10-17,77.0,10912927.0,0.0,0.0,0.6365000000000001,0.7044999999999999,0.599,-5.1315,124.9405,190490.5,0.4265,0.060700000000000004,0.0,0.0936,4nyY8oVjbX2d4qzlpiVM5n
ruin the friendship,taylor swift,92.0,,2025-10-03,100.0,145396321.0,0.0,0.0,,,,,,,,,,,62V2ZHslgQV98gH4AuVXnr
rules,doja cat,70.0,,2019-11-07,86.0,34748949.0,0.0,0.0,,,,,,,,,,,1TMWcbxL5YF8rKsFHv5hAP
rumbatón,daddy yankee,79.0,,2022-03-24,85.0,37817461.0,0.0,0.0,0.685,0.9090000000000001,0.922,-4.034,95.004,248768.0,0.0471,0.0396,0.0,0.3499999999999999,0w6KXQRbURk23AtKn3q5Wr
rumour has it,adele,66.0,,2011-11-25,83.0,66720643.0,0.0,0.0,0.612,0.749,0.574,-5.014,120.052,223266.0,0.615,0.0446,0.0,0.167,5mFMb5OHI3cN0UjITVztCj
run,bts,70.0,,2015-11-30,,,0.0,0.0,0.556,0.867,0.54,-3.4175,132.89299999999997,236748.0,0.0014949999999999998,0.052199999999999996,0.0,0.09885,20Qqyt4bd1oe4KmkTagb2K
run,leona lewis,59.0,,2008-12-24,65.0,3786304.0,0.0,0.0,0.285,0.462,0.0923,-6.166,142.365,314720.0,0.428,0.0291,5.61e-06,0.122,4hrAKlxfblnG7llBEEX7TR
run,onerepublic,75.0,,2021,81.0,18700851.0,0.0,0.0,0.682,0.72,0.667,-8.17375,116.99925,168822.25,0.32475,0.038125,0.0,0.16225,2C7PtVuG50IBrcUlTZ13ZG
run,snow patrol,68.0,,2004-01-01,68.0,3300881.0,0.0,0.0,,,,,,,,,,,6kesIBNAY17BoAz28pnWMC
run,taylor swift,63.0,,2021-11-12,100.0,145396321.0,0.0,0.0,,,,,,,,,,,4IQkfUsrwXol38VV3U7t7T
run - from one night in malibu,onerepublic,54.0,,2021-08-27,,,0.0,0.0,0.778,0.626,0.67,-10.126,117.005,170090.0,0.449,0.0478,1.55e-05,0.0848,3v5dEeN8mrw8XFq3wnGL1H
run bts,bts,84.0,,2022-06-10,,,0.0,0.0,0.724,0.818,0.696,-3.747,77.004,204939.0,0.0201,0.168,0.0,0.0358,69xohKu8C1fsflYAiSNbwM
run for the hills,tate mcrae,83.0,,2023-12-08,88.0,9256589.0,0.0,0.0,,,,,,,,,,,51hyZpbJlIgZIaX3TtMxmu
run for your life,the beatles,54.0,,2008,82.0,30721676.0,0.0,0.0,0.563,0.705,0.822,-9.232,176.732,141093.0,0.0103,0.103,0.0,0.0552,4gUYV3ktbaOeAK5KrXMWV5
run it!,chris brown,1.0,,2005-11-29,87.0,28327351.0,0.0,0.0,,,,,,,,,,,6SPD3JwwRejBhCDiQAQ4he
run run rudolph,luke bryan,2.0,,2008-12-09,74.0,9406293.0,0.0,0.0,0.6085,0.972,0.8634999999999999,-4.858499999999999,151.0205,173546.5,0.0235,0.04615,0.000136,0.30900000000000005,60HMnpDctYiFAoGkj5ciW6
run the world,jennifer lopez,28.0,,2011-04-29,74.0,13711146.0,0.0,1.0,,,,,,,,,,,208sSDlV4t5amCOj6QUh6l
run the world (girls),beyoncé,70.0,,2011-06-24,84.0,41172203.0,0.0,0.0,,,,,,,,,,,1uXbwHHfgsXcUKfSZw5ZJ0
run this town,jay-z,78.0,,2009-09-08,82.0,10376731.0,0.0,0.0,,,,,,,,,,,2a8CtZyPdd8w2csZh7oxpc
run through the jungle,creedence clearwater revival,60.0,,1970-07-25,77.0,7945600.0,0.0,0.0,,,,,,,,,,,6J0AjzrYsPZrQtw6IjErhy
runaway,bon jovi,74.0,,1984-01-23,78.0,15810313.0,0.0,0.0,0.475,0.899,0.603,-4.321,152.445,230666.0,0.00375,0.0637,1.91e-05,0.14,0X1sqQ652p1sceKM2nJlIJ
runaway,ed sheeran,54.0,,2014-06-21,88.0,122802777.0,0.0,0.0,,,,,,,,,,,2VmA7bm5ECiYZfw7x4Nzku
runaway,kanye west,82.0,,2010-11-22,89.0,31038851.0,0.0,0.0,,,,,,,,,,,3DK6m7It6Pw857FcQftMds
runaway,linkin park,71.0,,2000-10-24,88.0,31785695.0,0.0,0.0,0.6343333333333333,0.8803333333333333,0.453,-4.744666666666667,109.14566666666667,183973.0,0.014166666666666668,0.0607,0.0,0.253,3uO2ODjs7Lqp1DVZ4LtouE
runaway baby,bruno mars,74.0,,2010-05-11,90.0,75492598.0,0.0,0.0,,,,,,,,,,,7hCNBVRhHzcsRAv0TQnOzq
runnin,21 savage,76.0,,2020-10-02,84.0,23799771.0,0.0,0.0,,,,,,,,,,,5SWnsxjhdcEDc7LJjq9UHk
runnin outta time,future,57.0,,2024-03-22,88.0,22675640.0,0.0,0.0,,,,,,,,,,,4q7y1JFDBJSBSLqXVgcI51
runnin' (lose it all),naughty boy,66.0,,2015-09-17,62.0,415464.0,0.0,0.0,,,,,,,,,,,5yZvaUVyuXfSVUaMumFi6l
running out of time,paramore,57.0,,2023-02-10,79.0,9792848.0,0.0,0.0,,,,,,,,,,,5NRtdsFFlmyE8qDMgS08PE
running up that hill (a deal with god),kate bush,82.0,,1985-09-16,70.0,2516750.0,0.0,0.0,0.629,0.547,0.197,-13.123,108.375,298933.0,0.72,0.055,0.00314,0.0604,1PtQJZVZIdWIYdARpZRDFO
running up that hill (a deal with god) - 2018 remaster,kate bush,85.0,,2004,70.0,2516750.0,0.0,0.0,0.625,0.533,0.139,-11.903,108.296,300840.0,0.659,0.0596,0.00266,0.0546,29d0nY7TzCoi22XBqDQkiP
s&m,rihanna,84.0,,2010-01-01,90.0,69030894.0,0.0,1.0,,,,,,,,,,,0C4ejWmOTMv8vuYj85mf8m
sabotage,bebe rexha,2.0,,2021-04-16,75.0,9837715.0,0.0,0.0,0.562,0.565,0.208,-5.111,89.862,176566.0,0.438,0.044,0.0,0.138,7e38sajG53PZsyKRDX8OAR
sacrifice,elton john,74.0,,1998,80.0,15542286.0,0.0,0.0,0.756,0.422,0.487,-12.967,112.751,304133.0,0.0165,0.0292,0.00183,0.0368,0e3yhVeNaTfKIWQRw9U9sY
sacrifice,the weeknd,70.0,,2022-01-06,93.0,112957721.0,0.0,1.0,,,,,,,,,,,1nH2PkJL1XoUq8oE6tBZoU
sad beautiful tragic,taylor swift,46.0,,2012-10-22,100.0,145443567.0,0.0,0.0,,,,,,,,,,,70e9zuv2pJc7ON1OUAJ1zl
sad but true,metallica,71.0,,1992,81.0,32161423.0,0.0,0.0,0.633,0.846,0.448,-6.347,89.23,323933.0,0.000819,0.0337,0.00139,0.0762,1PhLYngBKbeDtdmDzCg3Pb
sad forever,lauv,60.0,,2019-05-31,73.0,6816695.0,0.0,0.0,0.747,0.488,0.358,-8.939,122.023,203520.0,0.456,0.0607,0.0,0.0799,1DVWkJEjgVStgU2EbR9vpz
sad girl,lana del rey,78.0,,2014-01-01,88.0,51798111.0,0.0,0.0,,,,,,,,,,,11MyiSGZSYSmhhqwGUTtAq
sad!,xxxtentacion,79.0,,2018-03-02,83.0,51719064.0,0.0,0.0,0.7399999999999999,0.613,0.47300000000000003,-4.88,75.023,166605.0,0.258,0.145,0.0037199999999999998,0.123,3MxwkxdOyQxGjT3UeOqCEk
sadder badder cooler,tove lo,49.0,,2019-09-27,72.0,3676957.0,0.0,0.0,0.688,0.385,0.435,-6.878,148.012,171247.0,0.131,0.241,4.51e-05,0.0947,0T5eWUavIN647AcUFXfZve
safaera,bad bunny,77.0,,2026-01-29,95.0,102500980.0,0.0,1.0,0.607,0.829,0.685,-4.074,96.172,295176.0,0.0103,0.379,0.0,0.107,2DEZmgHKAvm41k4J3R2E9Y
safe,cardi b,75.0,,2025-09-19,81.0,25953771.0,0.0,0.0,,,,,,,,,,,5q9I5RmmrLC4U2mW2BnF3K
safe and sound,capital cities,13.0,,2013-11-19,65.0,996785.0,0.0,0.0,0.655,0.819,0.766,-4.852,117.956,192789.0,0.000176,0.0316,0.00374,0.104,6Z8R6UsFuGXGtiIxiD8ISb
safety net,ariana grande,69.0,,2020-10-30,90.0,107374593.0,0.0,0.0,,,,,,,,,,,14gkWVFMwdxBMyqBw1wmIg
said sum,moneybagg yo,1.0,,2020-06-30,,,0.0,0.0,0.929,0.667,0.274,-6.789,126.998,155168.0,0.0185,0.353,0.0,0.1,2wcsZBShCd9jpK4u7rSCsh
sail,awolnation,74.0,,2011-03-15,60.0,2060915.0,0.0,0.0,,,,,,,,,,,5xhQChGGhKLWqBqX4XhtYE
sail away,lovelytheband,71.0,,2022-06-24,,,0.0,0.0,0.743,0.835,0.955,-4.655,120.019,179000.0,0.25,0.029,0.0,0.0912,6G8xvLFNkXy3HM5EbQI6c8
sailor song,gigi perez,87.0,,2024-07-26,75.0,1646269.0,0.0,0.0,,,,,,,,,,,0UYnhUfnUj5adChuAXvLUB
saint-tropez,post malone,65.0,,2019-09-06,85.0,47716988.0,0.0,0.0,,,,,,,,,,,05mDaV9Vb3wrzjF6OPZnhq
same love,macklemore & ryan lewis,59.0,,2012-10-09,61.0,18410.0,0.0,0.0,,,,,,,,,,,01uqI4H13Gsd8Lyl1EYd8H
same mistakes,one direction,56.0,,2012-05-25,83.0,40270893.0,0.0,0.0,,,,,,,,,,,46qPfZshPjoitCKdKVD6k7
same old love,selena gomez,70.0,,2015-09-10,81.0,53267200.0,0.0,0.0,0.672,0.593,0.438,-4.01,98.02,229080.0,0.0223,0.0304,0.0,0.214,1BZG99C7Co1r6QUC3zaS59
same old song,the weeknd,47.0,,2012-11-13,93.0,112918137.0,0.0,1.0,,,,,,,,,,,2laEnnWXQmXSXaoD3ak5Ve
san quentin,nickelback,25.0,,2022-09-07,78.0,7846032.0,0.0,0.0,0.671,0.934,0.832,-4.496,124.005,211457.0,0.000145,0.0486,1.81e-05,0.104,36EVGjdLX0x5SlM1GaL6f0
sanctuary,joji,1.0,,2020-09-24,80.0,10638942.0,0.0,0.0,,,,,,,,,,,5F1ZmucV0uJY14y2dYKePa
sandcastles,beyoncé,56.0,,2016-04-23,84.0,41176723.0,0.0,0.0,,,,,,,,,,,2FNPJWVdGxYhWaotd6rULS
sandra’s rose,drake,66.0,,2018-06-29,95.0,103039388.0,0.0,0.0,,,,,,,,,,,6cblRiEGDRNZgowcm951R3
sangria,blake shelton,65.0,,2014-09-30,69.0,7507062.0,0.0,0.0,,,,,,,,,,,0p1HtkrNYxv0iDfEKwXSTp
santa claus is comin' to town,miley cyrus,0.0,,2008-04-04,81.0,26561582.0,0.0,0.0,0.521,0.946,0.753,-2.188,141.961,147426.0,0.000439,0.0517,0.0,0.0417,15MmASLdM5KOe1ZTH17GLn
santa claus is comin' to town - 1991 remix,the beach boys,0.0,,2005,,,0.0,0.0,0.456,0.314,0.437,-9.309,131.821,141540.0,0.249,0.0347,0.0,0.0819,1FUNMM1Fy6WaEVFDFNIvff
santa claus is coming to town,brenda lee,0.0,,1964-10-19,,,0.0,0.0,0.652,0.36599999999999994,0.621,-10.582,135.682,133133.0,0.693,0.0325,1.85e-06,0.0785,2FNPWTi38vYjOefCdzesee
santa claus is coming to town,justin bieber,2.0,,2022-03-16,91.0,85008100.0,0.0,0.0,0.639,0.836,0.814,-4.878,104.998,216720.0,0.027,0.048,0.0,0.283,6SKTHwAjQ2sEJSEcSm2N3v
santa tell me,ariana grande,74.0,,2014-11-24,90.0,107389514.0,0.0,0.0,,,,,,,,,,,0lizgQ7Qw35od7CYaoMBZb
sapphire,ed sheeran,83.0,,2025-06-05,88.0,122802777.0,0.0,0.0,,,,,,,,,,,4Q0qVhFQa7j6jRKzo3HDmP
sappy,nirvana,61.0,,1994,81.0,23384088.0,0.0,0.0,0.406,0.81,0.638,-6.127,128.282,205493.0,1.04e-05,0.0343,1.34e-06,0.325,7tUtvGeKB2V5W5ms6uBlyC
sappy - 2013 mix,nirvana,48.0,,1993-09-21,81.0,23391272.0,0.0,0.0,,,,,,,,,,,32nM8rM8ILds5jX7qHghNB
sappy - smart sessions,nirvana,22.0,,1991-09-26,81.0,23384088.0,0.0,0.0,,,,,,,,,,,24zf0idYL805exhfM76BoJ
satellite,harry styles,72.0,,2022-05-20,80.0,34136120.0,0.0,0.0,,,,,,,,,,,0rzaRSujxA0bKyjJl6vHYq
satellite,nickelback,51.0,,2015-05-22,78.0,7846032.0,0.0,0.0,0.424,0.895,0.505,-4.353,165.917,237746.0,0.117,0.0428,0.0,0.0843,1xzL74JWXGUWcAy2c7CsUg
saturday night’s alright (for fighting),elton john,68.0,,2016,80.0,15542286.0,0.0,0.0,0.513,0.979,0.94,-6.362,152.875,295466.0,0.0195,0.0425,0.0951,0.0906,12yHvSYFXI7PGzNecUvIDu
saturday sun,vance joy,71.0,,2018-01-29,74.0,3482109.0,0.0,0.0,0.637,0.864,0.706,-4.381,99.995,214720.0,0.484,0.0468,0.0,0.222,2RiBogNRfulkNf7fVbPOrJ
saturn,sza,77.0,,2024-02-22,87.0,33043825.0,0.0,0.0,,,,,,,,,,,1bjeWoagtHmUKputLVyDxQ
saturn returns interlude,ariana grande,59.0,,2024-03-08,90.0,107374593.0,0.0,0.0,,,,,,,,,,,13jRSCLoWbCoU1XEdJRbgn
sauce!,xxxtentacion,64.0,,2019-01-23,,,0.0,0.0,0.68,0.313,0.405,-13.672,135.034,144724.0,0.582,0.0347,0.0,0.19,3jq1RpStaB1YGyN3rRZGca
savage love (laxed - siren beat),jawsh 685,70.0,,2020-06-11,55.0,146015.0,0.0,0.0,,,,,,,,,,,1xQ6trAsedVPCdbtDAmk0c
savage remix,megan thee stallion,59.0,,2020-04-29,76.0,10888670.0,0.0,0.0,,,,,,,,,,,5v4GgrXPMghOnBBLmveLac
save me,bts,72.0,,2016-05-02,,,0.0,0.0,0.613,0.822,0.54,-3.48,139.936,196505.0,0.0269,0.062,0.0,0.0783,7bxGcILuAjkZzaveU28ZJS
save me,shinedown,26.0,,2006-09-12,,,0.0,0.0,0.524,0.816,0.252,-3.49,116.026,213933.0,0.00044,0.0308,0.0,0.0777,5eMiXtAZvUFrUP8c1yZTkx
save me,xxxtentacion,70.0,,2022,,,0.0,0.0,0.731,0.204,0.191,-11.314,142.141,163201.0,0.307,0.0369,0.0109,0.0989,2UwbhMie1EAYuTZ0QXeMwl
save me - acoustic; live from kansas city,shinedown,26.0,,2006-09-12,,,0.0,0.0,0.602,0.92,0.608,-4.2,116.042,220893.0,0.000777,0.0339,3.43e-06,0.983,5tYSvirNbEi8CsVVNlgRR6
save myself,ed sheeran,57.0,,2017-03-03,88.0,122789460.0,0.0,0.0,,,,,,,,,,,6TIU9Ehmi6dMzZK73Ym4yj
save the world,swedish house mafia,67.0,,2011-10,75.0,3948613.0,0.0,0.0,0.507,0.665,0.4,-7.598,126.879,213337.0,0.0144,0.0474,0.0,0.0759,65hRZOQkVjmBdusz1N7aOv
save you,kodak black,1.0,,2017-03-31,79.0,12474509.0,0.0,0.0,0.708,0.637,0.187,-6.327,149.98,238687.0,0.107,0.052,3.09e-06,0.102,3u0UC2O76OTzrYpioBUQiN
save you tonight,one direction,54.0,,2012-05-25,83.0,40275440.0,0.0,0.0,,,,,,,,,,,41PiyIwNrzoLn598y2glGY
save your breath,jvke,42.0,,2022-09-23,,,0.0,0.0,0.483,0.491,0.4,-5.389,111.956,165964.0,0.695,0.0694,0.000555,0.128,2ORZY1UyCJkyQRFwyTtPbi
save your tears,the weeknd,86.0,,2020-03-20,94.0,112995439.0,0.0,1.0,0.68,0.826,0.644,-5.487,118.051,215626.0,0.0212,0.0309,1.24e-05,0.543,06fglfpCAtDtmlyfJYgA01
save your tears (remix) (with ariana grande) - bonus track,the weeknd,83.0,,2020-03-20,93.0,112918137.0,0.0,1.0,,,,,,,,,,,1oFAF1hdPOickyHgbuRjyX
save your tears (with ariana grande) (remix),the weeknd,77.0,,2021-04-23,93.0,112918137.0,0.0,1.0,,,,,,,,,,,37BZB0z9T8Xu7U3e65qxFy
savin' me,nickelback,70.0,,2021-05-21,78.0,7846032.0,0.0,0.0,0.441,0.815,0.522,-4.088,164.007,219320.0,0.000731,0.0276,0.0,0.414,4Gd9PUEuOTOJtbgd4YxLXM
savior,onerepublic,47.0,,2021-08-27,,,0.0,0.0,0.59,0.583,0.234,-6.985,92.995,181358.0,0.016,0.0309,8.49e-05,0.0703,4VhR9r9zgzikeruUScgj8A
say,john mayer,61.0,,2008-08-30,,,0.0,0.0,0.485,0.723,0.541,-6.565,167.845,230213.0,0.541,0.0317,1.12e-06,0.075,6wZI4mdT8JwXgkGURnBQiq
say (all i need),onerepublic,47.0,,2008-11-07,,,0.0,0.0,0.548,0.742,0.31,-5.741,122.007,230573.0,0.0184,0.0498,0.0,0.153,5BzZhlqDnYYDr17sciEOjj
say aah,trey songz,61.0,,2009-08-31,69.0,7744534.0,0.0,0.0,,,,,,,,,,,2fQ6sBFWaLv2Gxos4igHLy
say goodbye hollywood,eminem,58.0,,2002-05-26,88.0,104539036.0,0.0,1.0,,,,,,,,,,,288e3FhmVuCqPmNEfAH0h6
say it,flume,49.0,,2016-05-27,68.0,2508510.0,0.0,0.0,,,,,,,,,,,7ghmZhLpmQe9nTluI1czmr
say it isn't so,bon jovi,1.0,,2000,78.0,15810313.0,0.0,0.0,0.454,0.805,0.591,-4.947,91.251,213333.0,0.0229,0.0313,0.0,0.358,1OMyYLAtYUlAKmZjnDKNgP
say it right,nelly furtado,82.0,,2006-01-01,77.0,4720951.0,0.0,0.0,0.872,0.872,0.809,-6.328,116.948,223080.0,0.0476,0.139,0.00112,0.0543,2aI21FnmY7TJVKeMaoQZ0t
say my name,david guetta,66.0,,2019,87.0,27143729.0,0.0,1.0,0.703,0.66,0.79,-5.119,95.031,198946.0,0.137,0.123,0.0,0.192,0YammaEkYSeo9vQYZ1OwS6
say so,doja cat,77.0,,2021-05-21,86.0,34748949.0,0.0,0.0,0.787,0.673,0.779,-4.583,110.962,237893.0,0.264,0.159,3.35e-06,0.0904,3Dv1eDb0MEgF93GpLXlucZ
say something,a great big world,70.0,,2013-09-03,57.0,649992.0,0.0,0.0,0.43925000000000003,0.14100000000000001,0.128875,-8.9285,140.766,231376.25,0.86925,0.036375,1.9475e-06,0.083025,2fPb58e6f8KxejYDCaARwS
say something,justin timberlake,68.0,,2018-02-02,81.0,15820264.0,0.0,0.0,,,,,,,,,,,1LhMopPAallLeaeNutqbgS
say what you say,eminem,55.0,,2002-05-26,88.0,104517308.0,0.0,1.0,,,,,,,,,,,4EQkcrSLF3QdlwNca7sMXY
say yes to heaven,lana del rey,84.0,,2023-05-19,88.0,51821190.0,0.0,0.0,,,,,,,,,,,6GGtHZgBycCgGBUhZo81xe
say you won't let go,james arthur,85.0,,2016-10-28,79.0,20854863.0,0.0,0.0,0.358,0.557,0.494,-7.398,85.043,211466.0,0.695,0.059,0.0,0.0902,5uCax9HTNlzGybIStD3vDh
scandal,queen,3.0,,1989,82.0,55209500.0,0.0,0.0,0.639,0.805,0.507,-5.961,103.451,282920.0,0.0383,0.032,0.00244,0.312,4Qhrm7g3QItkvInW5zgvaV
scar tissue,red hot chili peppers,85.0,,1999-06-08,82.0,23218829.0,0.0,0.0,0.595,0.717,0.547,-4.803,88.969,215906.0,0.0779,0.0295,0.00274,0.108,1G391cbiT3v3Cywg8T7DM1
scared of my guitar,olivia rodrigo,69.0,,2024-03-22,85.0,49067177.0,0.0,0.0,,,,,,,,,,,7JqH46zlr7XV7vMBt4slE6
scared of the dark,lil wayne,70.0,,2018-12-14,86.0,17928214.0,,,,,,,,,,,,,3vWzyGTu6Ovo1GdrcJqH6e
scared to be lonely,martin garrix,75.0,,2017-04-07,74.0,15121268.0,0.0,0.0,0.584,0.54,0.195,-7.786,137.972,220883.0,0.0895,0.0576,0.0,0.261,3ebXMykcMXOcLeJ9xZ17XH
scars to your beautiful,alessia cara,78.0,,2015-11-13,72.0,12275134.0,0.0,0.0,0.3698,0.739,0.44939999999999997,-5.74,174.7522,230237.2,0.028500000000000004,0.2434,0.0,0.11100000000000002,0prNGof3XqfTvNDxHonvdK
scary monsters and nice sprites,skrillex,57.0,,2010-12-21,74.0,7528373.0,0.0,0.0,,,,,,,,,,,5q8oybjZelukF4h0CzSUN9
scenes from an italian restaurant,billy joel,62.0,,2011-03-08,78.0,7402824.0,0.0,0.0,0.415,0.931,0.339,-4.988,97.953,456893.0,0.407,0.126,0.000501,0.114,3utq2FgD1pkmIoaWfjXWAU
"scenes from an italian restaurant - live at yankee stadium, bronx, ny - june 1990",billy joel,37.0,,2011-03-08,78.0,7402824.0,0.0,0.0,0.32,0.901,0.21,-4.13,102.959,444213.0,0.55,0.0695,1.64e-06,0.925,6Vhim6j6QuZryAzMnLkhsR
scentless apprentice,nirvana,53.0,,1994,81.0,23384088.0,0.0,0.0,0.31,0.83,0.617,-8.527,170.568,228053.0,1.53e-06,0.0482,0.146,0.137,54UFDHWI2q7WHfrGbSNWph
schizophrenia,xxxtentacion,58.0,,2018-03-16,,,0.0,0.0,0.606,0.349,0.239,-10.032,180.055,80190.0,0.0762,0.198,0.0711,0.1,5b6zjsBrZCqe6RFycLz2tc
school,nirvana,60.0,,1992-02,81.0,23384088.0,0.0,0.0,0.21,0.943,0.13,-7.656,164.844,162115.0,1.15e-05,0.0785,0.493,0.0739,0EY1Z9UmZnYZyM7zHs6C0j
school - 1992/live at reading,nirvana,35.0,,2009-01-01,81.0,23384088.0,0.0,0.0,,,,,,,,,,,4wLjdZD9khhahbzhb3RxtJ
school - live at paramount theatre/1991,nirvana,20.0,,1991-09-26,81.0,23398010.0,0.0,0.0,,,,,,,,,,,66a1CYNSAkhmsvkHK3fr8y
school - live at the paramount,nirvana,26.0,,1991-09-26,81.0,23384088.0,0.0,0.0,,,,,,,,,,,41XuUS7HIAuzI7IZW0Rnt3
scream,usher,1.0,,2012-06-08,80.0,13753493.0,0.0,1.0,,,,,,,,,,,5sAlmL7Qp9N9BJTADkwEt9
scream & shout,will.i.am,79.0,,2013-01-01,73.0,4428244.0,0.0,0.0,,,,,,,,,,,2iJuuzV8P9Yz0VSurttIV5
scream my name,tove lo,42.0,,2014-11-17,72.0,3676957.0,0.0,0.0,0.689,0.687,0.381,-5.076,105.013,214626.0,0.113,0.0551,1.88e-05,0.19,2Sx6EqFWMHBgBezhxtas3e
se preparó,ozuna,75.0,,2017-08-25,,,0.0,0.0,0.739,0.821,0.693,-4.233,171.077,188080.0,0.222,0.0852,9.6e-06,0.311,1m69ELEgE6k5ZWsap40ozt
sea model rest,mary lambert,31.0,3000.0,2017-07-01,,,0.0,0.0,0.63,0.59,,-24.33,190.32,345657.0,,,0.534,,TRK-25F8DDED3FEE
seals pills (lil baby & gunna),lil baby,47.0,,2018-10-05,84.0,21644763.0,0.0,0.0,,,,,,,,,,,7HLglWbzDheHZ3VZUbxGLC
search & rescue,drake,72.0,,2023-04-07,95.0,103067383.0,0.0,0.0,,,,,,,,,,,7aRCf5cLOFN1U7kvtChY1G
search party!,the all-american rejects,58.0,,2025-09-18,67.0,3134091.0,0.0,0.0,,,,,,,,,,,2G348SqVbsQYYvCsQpLpnY
season of the witch,lana del rey,74.0,,2019-08-09,88.0,51847587.0,,,,,,,,,,,,,5DSi7heBC8eTIFROBvttnp
second & sebring,of mice & men,16.0,,2016-05-27,,,0.0,0.0,0.273,0.973,0.186,-3.324,133.286,229120.0,0.000856,0.0806,0.0,0.388,6RObeP8IVb4X4nCLUCJ9Dx
second chance,shinedown,69.0,,2011-04-18,,,0.0,0.0,0.46,0.796,0.182,-4.501,100.011,222066.0,0.00107,0.0333,0.0,0.106,0CwYG1UnRmOx8Q1EzElCIL
secretly,jennifer lopez,22.0,,2001-01-23,74.0,13709065.0,0.0,1.0,,,,,,,,,,,55KiH7trhaYSrS2HNtDVr0
secrets,a boogie wit da hoodie,73.0,,2020-06-19,77.0,8986062.0,0.0,0.0,,,,,,,,,,,2xB46Bj9HZ4cr058yN4Pla
secrets,onerepublic,78.0,,2009-01-01,81.0,18706004.0,0.0,0.0,0.516,0.764,0.376,-6.223,148.021,224693.0,0.0717,0.0366,0.0,0.115,1NhPKVLsHhFUHIOZ32QnS2
secrets,the weeknd,64.0,,2016-11-25,94.0,112995439.0,0.0,1.0,,,,,,,,,,,00NAQYOP4AmWR549nnYJZu
seda,bad bunny,70.0,,2023-10-13,95.0,102500980.0,0.0,1.0,,,,,,,,,,,1YnChEM51BVZ5dRhbVFEMl
sedated,hozier,55.0,,2021-11-24,82.0,9114093.0,0.0,0.0,0.66,0.61,0.29,-5.161,85.999,207669.0,0.2,0.026,1.1e-05,0.105,4C4Pduzp8LfAtQXHAGQWM5
seduction,eminem,53.0,,2010-06-18,88.0,104517308.0,0.0,1.0,,,,,,,,,,,2V7NoXGv2VDnLeTM7w8SFd
see the light,stephen sanchez,64.0,,2022-08-19,71.0,1873452.0,0.0,0.0,0.728,0.796,0.691,-5.33,117.925,180146.0,0.162,0.0461,9.28e-06,0.196,5nsFJfYtAFZmL9PbtYKYcA
see you again,miley cyrus,68.0,,2007-06-26,81.0,26561582.0,0.0,0.0,,,,,,,,,,,3AjyOYxBv8bByfBtG5o9dP
see you again,"tyler, the creator",88.0,,2017-07-21,86.0,24420596.0,0.0,0.0,,,,,,,,,,,7KA4W4McWYRpgf0fWsJZWB
see you again,wiz khalifa,82.0,,2015-03-10,81.0,12075691.0,0.0,0.0,0.689,0.481,0.283,-7.503,80.025,229525.0,0.369,0.0815,1.03e-06,0.0649,2JzZzZUQj3Qff7wapcbKjc
seeing green (with drake & lil wayne),nicki minaj,59.0,,2021-05-14,84.0,34297934.0,0.0,0.0,,,,,,,,,,,1TZv3bujNaYz646eezRE91
seek & destroy,metallica,71.0,,1983-07-24,81.0,32161423.0,0.0,0.0,0.445,0.964,0.448,-5.493,140.817,414720.0,0.037,0.282,0.0132,0.0773,28WmNsclKsrVmdv3tDmoYU
seen it all,future,53.0,,2024-03-22,88.0,22688560.0,0.0,0.0,,,,,,,,,,,5imsnhkfPCm3wajS9ksb21
sejodioto,karol g,79.0,,2021-09-21,,,0.0,0.0,0.822,0.736,0.679,-3.9689999999999994,175.93,181106.0,0.157,0.15,0.000781,0.0748,26bv58AJe8E62FJzFBMUIM
self care,mac miller,74.0,,2018-08-03,81.0,12173714.0,0.0,0.0,,,,,,,,,,,5bJ1DrEM4hNCafcDd1oxHx
self control,frank ocean,76.0,,2016-08-20,83.0,20280852.0,0.0,0.0,0.581,0.21,0.452,-10.426,80.099,249667.0,0.768,0.0321,0.0,0.369,5GUYJTQap5F3RDQiCOJhrS
send my love (to your new lover),adele,71.0,,2016-06-24,83.0,66734917.0,0.0,0.0,0.688,0.533,0.567,-8.363,164.069,223078.0,0.0355,0.0865,3.48e-06,0.172,35Vb6CUvrLrpC9JOmh5NhH
sensual seduction,snoop dogg,45.0,,2008-07-21,80.0,15695279.0,0.0,1.0,0.762,0.774,0.474,-5.586,120.201,245746.0,0.00304,0.0805,0.000126,0.0674,7ztnHRxtI7ZoozdxdBXXtf
separate ways (worlds apart),journey,74.0,,1983-01-05,73.0,6505444.0,0.0,0.0,0.459,0.9524999999999999,0.41500000000000004,-4.7865,131.4855,323686.0,0.01885,0.0655,3.8400000000000005e-06,0.2465,1pTw2cNrp9L3esxLAvWnN2
september,daughtry,52.0,,2010-06-01,65.0,2382165.0,0.0,0.0,0.4445,0.7104999999999999,0.334,-5.558,149.832,241993.0,0.0485,0.033049999999999996,0.0,0.088,21RRhjnMsrvQpeQ10ptSBZ
serendipity - full length edition,bts,66.0,,2017-04-10,85.0,81181104.0,0.0,0.0,0.422,0.578,0.227,-7.524,128.921,276707.0,0.443,0.0548,0.0,0.231,1dS4l6xmdgEhCZTAhdOm4N
serve the servants,nirvana,61.0,,1993-09-21,81.0,23384088.0,0.0,0.0,0.435,0.895,0.668,-8.7,119.659,217173.0,1.13e-05,0.0421,0.0318,0.19,3w5Ekq9O8g0gGFEsT77Ydi
session,linkin park,50.0,,2003-03-25,88.0,31785695.0,0.0,0.0,,,,,,,,,,,3sbezh9MMCQrr4KY7zw13j
set fire to the rain,adele,82.0,,2011-01-19,83.0,66734917.0,0.0,0.0,0.603,0.67,0.446,-3.882,107.993,242973.0,0.00408,0.0249,1.68e-06,0.112,2YlshLEFCJFjEoOlpLpcyU
seven,jung kook,83.0,,2023-07-14,79.0,18615260.0,0.0,0.0,,,,,,,,,,,2HRgqmZQC0MC7GeNuDIXHN
seven,taylor swift,63.0,,2020-08-18,100.0,145489371.0,0.0,0.0,,,,,,,,,,,76mOLcXOjOEhyY4mMF1l3r
seventeen,alessia cara,45.0,,2015-11-13,72.0,12274170.0,0.0,0.0,,,,,,,,,,,5HxyJa6E8OXdYKKfufrbKE
seventies,max,23.0,,1996-12-11,,,0.0,0.0,0.678,0.943,0.828,-4.734,149.952,226400.0,0.0163,0.0363,4.17e-05,0.0798,2zIT6TkPVh1XqWZ1ibey64
sex,cheat codes,0.0,,2016-02-05,62.0,2101848.0,0.0,0.0,,,,,,,,,,,4tRLfSHpbjlIjV97RPWr9Y
sex on fire,kings of leon,83.0,,2008-09-23,76.0,5757305.0,0.0,0.0,,,,,,,,,,,0ntQJM78wzOLVeCUAW7Y45
sex on the beach,partynextdoor,73.0,,2014-07-29,83.0,10103479.0,0.0,0.0,,,,,,,,,,,1A8RGlqkdjAfwkXtEgJ7wR
sex sounds,lil tjay,76.0,,2019-10-11,74.0,10192579.0,0.0,0.0,0.857,0.427,0.366,-8.638,130.033,162453.0,0.281,0.112,0.0,0.108,5JtvedSVWW9McnoEAPJwQm
sexy and i know it,lmfao,64.0,,2011-01-01,66.0,4430911.0,0.0,0.0,,,,,,,,,,,0obBFrPYkSoBJbvHfUIhkv
sexy bitch,david guetta,53.0,,2009-08-14,87.0,27139342.0,0.0,0.0,,,,,,,,,,,28O4PwkH8bzARStxeL4pxL
sexy chick,david guetta,57.0,,2010-11-22,87.0,27143729.0,0.0,0.0,,,,,,,,,,,4MKzCHlZvkwJOQRNkdw4zq
sexy love,ne-yo,54.0,,2006-01-01,80.0,10214903.0,0.0,0.0,,,,,,,,,,,4Pgh4b9rY9vVuXXl4Y1ob8
sexyback,justin timberlake,85.0,,2006-09-12,82.0,15826961.0,0.0,0.0,,,,,,,,,,,0O45fw2L5vsWpdsOdXwNAR
señorita,shawn mendes,80.0,,2019-06-19,81.0,45703370.0,0.0,0.0,0.759,0.544,0.7495,-6.0440000000000005,116.957,190879.5,0.038099999999999995,0.02885,0.0,0.08865,0TK2YIli7K1leLovkQiNik
sgt. pepper's lonely hearts club band,the beatles,62.0,,2002,82.0,30721676.0,0.0,0.0,0.451,0.673,0.583,-9.115,95.513,122893.0,0.0857,0.0734,0.00225,0.797,4fUKE8EULjQdHF4zb0M8FO
shades of cool,lana del rey,67.0,,2014-01-01,88.0,51773650.0,0.0,0.0,,,,,,,,,,,4VSg5K1hnbmIg4PwRdY6wV
shadow,britney spears,39.0,,2003-11-13,81.0,17761102.0,0.0,0.0,,,,,,,,,,,4XEQZ9OqZb6xLxKsFppO3K
shadow of a man,lady gaga,58.0,,2025-09-01,88.0,42256604.0,0.0,1.0,,,,,,,,,,,0MjkLEOp7lHilik4t8G9oJ
shadow of the day,linkin park,52.0,,2012,88.0,31785695.0,0.0,0.0,0.5185,0.383,0.05405,-8.09,109.8735,289996.5,0.009795,0.0298,0.019799999999999998,0.108,4Sxx1wd4nnB8ob8Zsujwrs
shake it,metro station,69.0,,2010,,,0.0,0.0,0.618,0.955,0.79,-3.836,150.034,179946.0,0.00221,0.0798,3.09e-06,0.486,5619Ojc6t9evEEs3B7Drhe
shake it off,taylor swift,80.0,,2014-01-01,100.0,145443567.0,0.0,0.0,,,,,,,,,,,0cqRj7pUJDkTCEsJkx8snD
shake senora,pitbull,62.0,,2011-06-17,84.0,11939612.0,0.0,0.0,,,,,,,,,,,1LomM3L6atrf79ZL7nHDp4
shake senora remix,pitbull,50.0,,2011-06-17,84.0,11933906.0,0.0,0.0,,,,,,,,,,,43s0CIP1nrgUXCLyBmchYH
"shakira: bzrp music sessions, vol. 53",bizarrap,75.0,,2023-01-11,76.0,18190405.0,0.0,0.0,,,,,,,,,,,4nrPB8O7Y7wsOCJdgXkthe
shaky shaky,daddy yankee,65.0,,2016,85.0,37817461.0,0.0,0.0,0.899,0.626,0.8729999999999999,-4.228,88.007,234320.0,0.076,0.292,0.0,0.0631,37i4ehp6JPOenvQQEcoYv7
shallow,lady gaga,84.0,,2018-10-05,88.0,42237551.0,,,0.572,0.385,0.323,-6.362,95.799,215733.0,0.371,0.0308,0.0,0.231,2VxeLyX666F8uXCJ0dZF8B
shameless,the weeknd,66.0,,2015-08-28,93.0,112918137.0,0.0,1.0,,,,,,,,,,,6C6fHTuFUxVtJpBOOaMvJr
"shameless - live at yankee stadium, bronx, ny - june 1990",billy joel,36.0,,2013-01-18,78.0,7402824.0,0.0,0.0,0.327,0.907,0.304,-4.869,149.382,268453.0,0.126,0.0817,0.000956,0.993,2S9OvGTtHz5NWvIo8wadBq
shape of you,ed sheeran,88.0,,2017-01-06,88.0,122773292.0,0.0,0.0,0.825,0.652,0.931,-3.183,95.977,233712.0,0.581,0.0802,0.0,0.0931,0FE9t6xYkqWXU2ahLh6D8X
shapeshifter,alessia cara,0.0,,2021-07-15,72.0,12274759.0,0.0,0.0,0.7280000000000001,0.577,0.639,-7.748,95.045,186953.0,0.289,0.06010000000000001,0.000637,0.17,6D44ltvfmdKeIgrTpXUP8o
sharp edges,linkin park,58.0,,2017-05-19,88.0,31806929.0,0.0,0.0,0.652,0.714,0.624,-5.678,112.029,178200.0,0.145,0.0562,0.0,0.154,6c0I7CfL9ziGZN8yYkLppP
sharpest tool,sabrina carpenter,72.0,,2024-08-23,91.0,26559943.0,0.0,0.0,,,,,,,,,,,3iPIDAFybaoyqX7hvAfWkl
she,green day,67.0,,2025-01-24,80.0,17327094.0,0.0,0.0,0.37,0.937,0.874,-3.939,93.307,134293.0,7.37e-05,0.0356,0.00817,0.0904,4wsQGsdf8D0Bj26cGdvreB
she,harry styles,66.0,,2019-12-13,80.0,34130771.0,0.0,0.0,,,,,,,,,,,6SQLk9HSNketfgs2AyIiMs
she bad,cardi b,55.0,,2018-04-06,81.0,25957976.0,0.0,0.0,,,,,,,,,,,0CfmNX2TXk7yoJqHJiixnp
she came in through the bathroom window,the beatles,57.0,,1969-09-26,82.0,30714318.0,0.0,0.0,0.53,0.72,0.69,-8.793,80.652,118626.0,0.00376,0.0338,3.38e-05,0.314,2jtUGFsqanQ82zqDlhiKIp
she doesn't know she's got it,blake shelton,0.0,,2001-07-31,69.0,7507062.0,0.0,0.0,0.654,0.873,0.879,-5.108,119.425,198800.0,0.069,0.0298,2.99e-05,0.141,665Aynzj4XbHKVosATYEhL
she doesn't mind,sean paul,70.0,,2011,81.0,5279150.0,0.0,0.0,0.716,0.781,0.60925,-5.1015,120.00925000000001,228286.0,0.000578,0.06855,7.7e-06,0.2105,2wvMF4tLWrNRA9cM5fUuN0
she doesn't mind - dj laszlo radio edit,sean paul,35.0,,2011-10-31,81.0,5279150.0,0.0,0.0,0.714,0.924,0.592,-4.227,129.035,250115.0,0.00722,0.0639,0.000324,0.0368,6fGh3jzYtgX40vC7tS3pvu
she doesn't mind - gregori klosman remix,sean paul,0.0,,2011-10-31,81.0,5279150.0,0.0,0.0,0.733,0.812,0.619,-4.559,125.027,299520.0,0.00125,0.122,0.0261,0.0895,6FNR3CddkzolYzctA2CY6b
she had me at heads carolina,cole swindell,82.0,,2022-04-08,64.0,2565032.0,0.0,0.0,0.607,0.912,0.722,-3.449,134.944,206106.0,0.124,0.0611,0.0,0.332,0CwTsWbRl9vohH2RHAVqBy
she keeps me up,nickelback,1.0,,2014-11-17,78.0,7849274.0,0.0,0.0,,,,,,,,,,,6I0ivNW5YryeC3GQn56NAy
she knows,j. cole,73.0,,2013-06-14,82.0,27073781.0,0.0,0.0,0.766,0.74,0.183,-10.363,118.008,296520.0,0.0193,0.0807,0.0784,0.229,0Fs9cdPDhptWEDJmiCbkEW
she looks so perfect,5 seconds of summer,69.0,,2014-06-27,76.0,10246566.0,0.0,0.0,,,,,,,,,,,1gugDOSMREb34Xo0c1PlxM
she loves control,camila cabello,54.0,,2018-01-12,78.0,35576126.0,0.0,0.0,,,,,,,,,,,5HwnezK198pJCEj1l2Adjy
she loves you - mono / remastered,the beatles,66.0,,2025,82.0,30721676.0,0.0,0.0,0.377,0.916,0.912,-3.199,75.533,140920.0,0.26,0.0481,0.0,0.074,6nEkxYIEnrbYH7h1hJ8Xn6
she said she said,the beatles,54.0,,1993,82.0,30721676.0,0.0,0.0,0.329,0.678,0.672,-7.878,106.476,156040.0,0.103,0.0344,0.168,0.843,3VSuWxZM6x6V3ig5nYtikL
she thinks my tractor's sexy,kenny chesney,44.0,,2000-09-25,69.0,4887584.0,0.0,0.0,,,,,,,,,,,0oKU0u7DD8cchRbNTR0SC6
she used to be mine,sara bareilles,67.0,,2019-08-16,61.0,1987190.0,0.0,0.0,0.397,0.303,0.172,-7.508,81.05,250266.0,0.381,0.0435,0.0,0.101,2D4BSm5Z8Hq5zYbSgJwEOh
she will,lil wayne,78.0,,2011-01-01,86.0,17938214.0,0.0,0.0,,,,,,,,,,,3FFcZZq3Z3EJrhUecwcMdG
she will be loved,maroon 5,73.0,,2002-06-25,85.0,45764832.0,0.0,1.0,,,,,,,,,,,5s5t0OFg9lIlBFaCI14K1i
she wolf,shakira,5.0,,2009-06-30,85.0,39809584.0,0.0,1.0,,,,,,,,,,,4cS2HQ6jK80vqdY9ofpztx
she's a rainbow,the rolling stones,67.0,,1972-12-11,77.0,15714574.0,0.0,0.0,0.464,0.824,0.539,-7.359,109.298,253720.0,0.467,0.0374,0.018,0.33,6KOtheMY0KN4s9TrQHr9It
she's all i wanna be,tate mcrae,4.0,,2022-02-04,88.0,9241516.0,0.0,0.0,,,,,,,,,,,0IuVhCflrQPMGRrOyoY5RW
she's always a woman,billy joel,79.0,,1977-06-30,78.0,7402824.0,0.0,0.0,0.292,0.324,0.384,-11.996,176.631,201373.0,0.797,0.0346,0.000473,0.12,5RgFlk1fcClZd0Y4SGYhqH
she's country,jason aldean,73.0,,2009-04-07,75.0,7053393.0,0.0,0.0,,,,,,,,,,,0okmLlOW6vKrilXDvtRMfg
she's everything,brad paisley,64.0,,2005-08-16,64.0,2898444.0,0.0,0.0,,,,,,,,,,,3dAgQFdruU8ufWc5GE05xC
she's got a way,billy joel,54.0,,1993,78.0,7402824.0,0.0,0.0,0.495,0.142,0.196,-16.186,75.859,169226.0,0.97,0.0436,1.93e-06,0.113,3Ie2eLOIj2IhKnzPwXrLbJ
she's kinda hot,5 seconds of summer,64.0,,2015-10-23,76.0,10246609.0,0.0,0.0,,,,,,,,,,,5fsQSDifYpjfbCqvZKPVBj
she's leaving home,the beatles,58.0,,2017-05-26,82.0,30721676.0,0.0,0.0,0.381,0.214,0.393,-11.629,127.581,215160.0,0.944,0.0337,0.0,0.106,3PjMtNzwhDHqxoKudm6GvF
she's not you,elvis presley,54.0,,1988,,,0.0,0.0,0.56,0.406,0.664,-10.079,115.008,129026.0,0.845,0.0339,0.000985,0.148,6rIO7NYAGzLavmQViqelcG
shedontknowbutsheknows,tove lo,54.0,,2017-11-17,72.0,3676957.0,0.0,0.0,0.691,0.762,0.42,-6.084,112.951,196835.0,0.278,0.226,0.0,0.25,6flhrkPIIqB0zU8j2T2yyc
ships + tides,onerepublic,48.0,,2021-08-27,,,0.0,0.0,0.242,0.354,0.183,-8.783,135.852,296424.0,0.768,0.0299,0.0234,0.117,0GUncXNah8KoaErnDd7H1L
shirt,sza,68.0,,2022-10-28,87.0,33029522.0,0.0,0.0,,,,,,,,,,,2wSTnntOPRi7aQneobFtU4
shirtsleeves,ed sheeran,49.0,,2014-06-21,88.0,122773292.0,0.0,0.0,,,,,,,,,,,7awwmuGslmuyhnlpFipDqk
shiver,coldplay,67.0,,2000-07-10,88.0,60804949.0,0.0,0.0,,,,,,,,,,,0qksx8mV28lztYIZ1om8ml
shivers,ed sheeran,81.0,,2021-09-10,88.0,122789460.0,0.0,0.0,0.788,0.859,0.822,-2.724,141.02,207853.0,0.281,0.0856,0.0,0.0424,1euRAecw6xEwkt6lPXMbFP
shockwave,marshmello,68.0,,2021-06-11,80.0,34476607.0,0.0,0.0,0.577,0.875,0.411,-2.897,164.009,181283.0,0.0231,0.0681,4.69e-06,0.111,3sOGVdj5VPY6C2XImtlzj7
shoot me a smile,red hot chili peppers,62.0,,2022-10-14,82.0,23218829.0,0.0,0.0,0.576,0.798,0.399,-6.691,146.8,222737.0,0.125,0.0351,0.134,0.137,2AHctrKhJekyp7wIykP83U
shoot to thrill,ac/dc,73.0,,1996,,,0.0,0.0,0.455,0.9005000000000001,0.486,-5.3395,141.10250000000002,317613.0,0.0002985,0.0726,0.09175,0.3805,0C80GCp0mMuBzLf3EAXqxv
shoota,playboi carti,76.0,,2018-05-11,86.0,15031490.0,0.0,0.0,,,,,,,,,,,2BJSMvOGABRxokHKB0OI8i
shot callin,youngboy never broke again,73.0,,2025-05-06,85.0,14958573.0,0.0,0.0,,,,,,,,,,,4rFqRV4UCQubpw348acBq3
shot in the dark,ac/dc,63.0,,2020-11-13,,,0.0,0.0,0.599,0.787,0.822,-4.708,114.065,185133.0,2.07e-05,0.0338,5.27e-05,0.064,0sfdiwck2xr4PteGOdyOfz
shot in the dark,john mayer,63.0,,2021-07-16,,,0.0,0.0,0.741,0.556,0.587,-9.184,122.008,249080.0,0.0629,0.0266,0.041,0.103,239yM7BAQ2CkNc61ogPGXo
shot me down,david guetta,57.0,,2014-07-14,87.0,27139342.0,0.0,0.0,0.347,0.772,0.035,-4.359,192.118,191412.0,0.0597,0.0549,0.0333,0.115,7qfwcqfGOkQYtzjF4UzJHM
shotgun,george ezra,74.0,,2018-03-23,68.0,4312205.0,0.0,0.0,0.673,0.735,0.754,-4.733,115.744,201287.0,0.286,0.0457,0.0,0.242,4ofwffwvvnbSkrMSCKQDaC
should've been a cowboy,toby keith,0.0,,1993-01-01,70.0,3013521.0,0.0,0.0,,,,,,,,,,,69ku805AjIcFQh0IfkGohf
should've ran after you,cole swindell,43.0,,2015-11-06,64.0,2565032.0,0.0,0.0,,,,,,,,,,,1v6XnDkovn8M2y7yM9jQUp
shouldn't matter but it does,john mayer,64.0,,2021-07-16,,,0.0,0.0,0.549,0.324,0.268,-11.769,80.888,236733.0,0.457,0.0285,2.2e-06,0.133,3MthJpM1IEYp2ulZe00LvP
show me,kid ink,74.0,,2014-01-06,67.0,2967234.0,0.0,0.0,,,,,,,,,,,4q6dqyGM25sKFU8nYAGRe4
show me the meaning of being lonely,backstreet boys,74.0,,1999-05-18,76.0,6707978.0,0.0,0.0,,,,,,,,,,,3BsaRV5QIulYz2lV9WWa8T
showdown,britney spears,46.0,,2003-11-13,81.0,17766757.0,0.0,0.0,,,,,,,,,,,0NkMVd3YtZXN5hsuSZUefO
shower,becky g,77.0,,2014-06,74.0,16646605.0,0.0,0.0,0.699,0.529,0.121,-7.548,119.987,206166.0,0.0317,0.0487,3.59e-05,0.285,3DmW6y7wTEYHJZlLo1r6XJ
shrike,hozier,65.0,,2018-09-06,82.0,9114093.0,0.0,0.0,0.506,0.275,0.0639,-8.464,153.769,298880.0,0.494,0.0292,0.00377,0.101,3ieUtb4ecQgEYxae8dzEUi
shut it down,drake,67.0,,2010-01-01,95.0,103039388.0,0.0,0.0,,,,,,,,,,,4BDgGQXx7jO2JgC7bpFsIv
shut off the lights,bastille,0.0,,2022-01-14,72.0,5647181.0,0.0,0.0,0.624,0.908,0.659,-3.215,105.048,187363.0,0.408,0.0992,0.0,0.139,3GyfNumvRBeKNcRAdClLdD
shut them open,pinkfong,44.0,,2014-04-01,,,0.0,0.0,0.905,0.511,0.97,-5.975,108.089,52129.0,0.615,0.0472,0.0,0.049,2LNdvWCmPEUywHeRqXEjig
shut up,ariana grande,58.0,,2020-10-30,90.0,107401919.0,0.0,0.0,,,,,,,,,,,3ko9jEHNt4O5fjKN65ULJp
shut up and dance,walk the moon,83.0,,2014-12-02,65.0,2239954.0,0.0,0.0,0.578,0.866,0.619,-3.804,128.038,199080.0,0.00701,0.0619,0.0,0.257,0kzw2tRyuL9rzipi5ntlIy
si antes te hubiera conocido,karol g,83.0,,2024-06-21,87.0,60395783.0,0.0,0.0,,,,,,,,,,,6WatFBLVB0x077xWeoVc2k
si estuviésemos juntos,bad bunny,83.0,,2018-12-24,95.0,102571645.0,0.0,1.0,0.672,0.594,0.158,-6.813,171.854,169247.0,0.0626,0.0789,5.14e-05,0.152,35wvL50xvKpCHEJPxLOLPI
si veo a tu mamá,bad bunny,82.0,,2020-02-29,95.0,102571645.0,0.0,1.0,0.9,0.603,0.824,-5.313,129.928,170971.0,0.402,0.0646,4.81e-06,0.134,41wtwzCZkXwpnakmwJ239F
si ya se acabo,jennifer lopez,27.0,,2001-01-23,74.0,13710072.0,0.0,1.0,,,,,,,,,,,24fceNrU1e44FgNHctytQ7
sick boy,the chainsmokers,69.0,,2019-01,80.0,21360805.0,0.0,0.0,0.663,0.577,0.454,-7.518,89.996,193200.0,0.109,0.0531,0.0,0.12,58kZ9spgxmlEznXGu6FPdQ
sicko mode,travis scott,82.0,,2018-08-03,89.0,41119579.0,0.0,1.0,0.834,0.73,0.446,-3.714,155.008,312820.0,0.00513,0.222,0.0,0.124,2xLMifQCjDGFmkHkpNLD9h
side to side,ariana grande,81.0,,2016-04-01,90.0,107418606.0,0.0,0.0,0.65,0.736,0.612,-5.84,159.174,226160.0,0.0513,0.229,0.0,0.235,1pKeFVVUOPjFsOABub0OaV
sidechick,koe wetzel,41.0,,2020-11-20,,,0.0,0.0,0.497,0.366,0.139,-9.219,87.53,197905.0,0.33,0.0255,0.0,0.0907,6oDihOuvOytAzuQt3SMDHk
sidewalks,the weeknd,69.0,,2016-11-25,93.0,112957721.0,0.0,1.0,,,,,,,,,,,4h90qkbnW1Qq6pBhoPvwko
sienna,the marías,87.0,,2024-05-31,83.0,3777019.0,0.0,0.0,,,,,,,,,,,0InIeZW4P6VO7dUGRM4AKH
sign of the times,harry styles,85.0,,2017-05-12,80.0,34133561.0,0.0,0.0,,,,,,,,,,,5Ohxk2dO5COHF1krpoPigN
signs,tate mcrae,65.0,,2025-02-24,88.0,9241516.0,0.0,0.0,,,,,,,,,,,5Dg1VGthgPfQasqbX5GHDE
sigo extrañándote,j balvin,6.0,,2017,86.0,39113380.0,0.0,1.0,0.896,0.859,0.938,-4.232,93.016,201280.0,0.154,0.21,0.000109,0.212,1XUYJ4xjlNoxQqNWc5Hnho
silence,marshmello,78.0,,2017-10-24,80.0,34479374.0,0.0,0.0,0.52,0.761,0.286,-3.093,141.971,180822.0,0.256,0.0853,4.96e-06,0.17,7vGuf3Y35N4wmASOKLUVVU
silence,popcaan,56.0,,2018-07-20,,,0.0,0.0,0.547,0.558,0.422,-6.745,93.872,215776.0,0.112,0.309,0.0,0.112,5Ea6VaQFplATEu2biAQdlB
silence,tyler childers,42.0,,2011-10-11,,,0.0,0.0,0.502,0.301,0.261,-12.496,126.898,125413.0,0.835,0.0315,9.95e-05,0.34,20hTmPgYgVWwtVgrSr3VFH
silver bells,brett young,0.0,,2020-12-11,,,0.0,0.0,0.509,0.478,0.469,-8.973,75.011,212861.0,0.606,0.0561,0.0,0.102,59IPT6zHHTfZhY2ubtAVeL
"silver leaves - from treasure planet""/score""",james newton howard,33.0,,2002-01-01,62.0,412759.0,0.0,0.0,,,,,,,,,,,2djdKPx2iriJ4Ey4QvS0JF
silver linings,powfu,44.0,,2020-11-20,66.0,1474124.0,0.0,0.0,0.694,0.328,0.371,-9.844,122.039,147540.0,0.83,0.0334,0.0,0.108,2AFkO878iaoha59V5SDeXm
silver platter,khalid,42.0,,2023-07-21,82.0,16946293.0,0.0,0.0,,,,,,,,,,,6QS24xFgmG0XPxsmFhGTYS
silver spoon,bts,71.0,,2025-07-18,,,0.0,0.0,0.65,0.879,0.536,-2.886,166.895,233160.0,0.00104,0.073,0.0,0.0483,6O734u9qnz6B4gWMyszWhi
silver springs - 2004 remaster,fleetwood mac,80.0,,1977-02-04,83.0,13973668.0,0.0,0.0,,,,,,,,,,,4nZi6XNe36Ut4Nij3IQ1yC
simple,david cook,51.0,146000.0,2023-10-04,,,0.0,0.0,0.71,0.24,,-44.19,82.34,365263.0,,,0.528,,TRK-B3120EE79976
simple,florida georgia line,66.0,,2018-06-01,70.0,5588772.0,0.0,0.0,0.362,0.882,0.864,-3.717,199.811,185200.0,0.0791,0.0973,0.0,0.15,4L9Ds4mpD3SuYoWwFUlv16
simple song,passenger,63.0,,2017-07-26,67.0,3758140.0,0.0,0.0,0.631,0.402,0.598,-11.125,78.0,228480.0,0.616,0.0286,0.0114,0.0892,70HWRkitkAKfos500LBk0T
sin compromiso,j balvin,0.0,,2010,86.0,39113380.0,0.0,1.0,0.774,0.914,0.816,-4.739,98.031,189026.0,0.193,0.159,0.0,0.427,2kAz0WYicCnx9yEuhT0MhL
sin novia,nicky jam,75.0,,2022-08-04,81.0,20568367.0,0.0,0.0,0.747,0.752,0.512,-5.324,106.97,188411.0,0.116,0.0417,0.0,0.128,4IsO1J5LSrVwkQOIEdZ417
sin pijama,becky g,66.0,,2019-08-23,74.0,16646605.0,0.0,0.0,0.788,0.745,0.79,-4.417,94.002,190160.0,0.352,0.0448,4.56e-05,0.0973,62vDrkBEyJYEOFj1ScBqM7
since i don't have you,guns n' roses,41.0,,2000,80.0,35196831.0,0.0,0.0,0.256,0.579,0.254,-8.146,70.968,259266.0,0.489,0.046,0.000226,0.117,4CvQVmA1wVX4gKOJ7aQOZQ
since u been gone,kelly clarkson,75.0,,2004-01-17,72.0,10960422.0,0.0,0.0,,,,,,,,,,,3xrn9i8zhNZsTtcoWgQEAd
sing,ed sheeran,68.0,,2014-06-21,88.0,122802777.0,0.0,0.0,,,,,,,,,,,6K8qKeWo5MsFED7wCR6Kop
sing for the moment,eminem,75.0,,2002-05-26,88.0,104517308.0,0.0,1.0,,,,,,,,,,,3CpoeW0cZSDzIRv5z34F87
single ladies (put a ring on it),beyoncé,67.0,,2008-11-12,84.0,41172203.0,0.0,0.0,,,,,,,,,,,5R9a4t5t5O0IsznsrKPVro
single saturday night,cole swindell,0.0,,2020-05-22,64.0,2565032.0,0.0,0.0,0.634,0.786,0.653,-5.093,82.003,189960.0,0.129,0.0411,0.0,0.182,0dA9bpWJw0yejIthqosxKb
single soon,selena gomez,65.0,,2023-08-25,81.0,53267200.0,0.0,0.0,,,,,,,,,,,6iF4RgIjDvDqyW13PezSj3
singles you up,jordan davis,0.0,,2017-05-26,71.0,1615711.0,0.0,0.0,0.634,0.903,0.559,-3.588,100.083,182693.0,0.0465,0.0323,0.0,0.255,1nSYUQngGS5foiagiilbYU
singularity,bts,60.0,,2018-05-18,85.0,81197976.0,0.0,0.0,0.775,0.272,0.198,-9.126,103.991,196998.0,0.56,0.091,0.00278,0.112,2ApfJvLr7RbhJl6NOVhEu6
siren sounds (bonus),tate mcrae,76.0,,2025-02-24,88.0,9256589.0,0.0,0.0,,,,,,,,,,,181yGUB8xEh4LfK8KhC4Wa
sisters of the moon - 2015 remaster,fleetwood mac,59.0,,1979-10-12,83.0,13973668.0,0.0,0.0,,,,,,,,,,,7Gjj6NxSsVwXfOXUjvjCXv
sit,michael jackson,46.0,4000.0,2015-01-19,85.0,37446069.0,0.0,0.0,0.47,0.42,,-20.98,133.81,97052.0,,,0.332,,TRK-E23B4992C6C4
"sit still, look pretty",daya,63.0,,2015-09-04,69.0,1846218.0,0.0,0.0,0.655,0.787,0.554,-3.031,181.799,202226.0,0.122,0.264,3.11e-06,0.178,2DpCdPMg1BADE4HDnxt3Rd
six feet under,billie eilish,73.0,,2016-05-22,90.0,118692183.0,0.0,0.0,0.576,0.307,0.157,-12.732,67.513,189613.0,0.807,0.0428,0.000355,0.0792,2VlLbhGLVJgdOW7kKdWWFc
six feet under,the weeknd,66.0,,2016-11-25,94.0,112995439.0,0.0,1.0,,,,,,,,,,,4mU5iXHeLgbR94siF7p1sY
six shots,sam smith,25.0,,2023-04-12,81.0,26278854.0,0.0,0.0,,,,,,,,,,,7oUwkHK056PfswC11jK2a6
six thirty,ariana grande,58.0,,2020-10-30,90.0,107374593.0,0.0,0.0,,,,,,,,,,,2IKJtXeR5UsaUjZB46fTOK
sk8er boi,avril lavigne,78.0,,2002-06-04,76.0,12006589.0,0.0,0.0,,,,,,,,,,,00Mb3DuaIH1kjrwOku9CGU
skeleton cartier,popcaan,55.0,,2023-01-27,,,0.0,0.0,0.549,0.82,0.357,-4.433,96.725,221583.0,0.314,0.379,0.0,0.226,4OGhqENXneIdSfMPHRb1Og
skeletons,travis scott,76.0,,2018-08-03,89.0,41131037.0,0.0,1.0,0.46,0.686,0.252,-5.948,148.054,145588.0,0.00146,0.0367,0.0,0.375,6NMtzpDQBTOfJwMzgMX0zl
skin,rihanna,59.0,,2010-01-01,90.0,68997177.0,0.0,1.0,,,,,,,,,,,1mjMXiWYKSJ5XmJCC0O9HJ
skin to bone,linkin park,52.0,,2012-06-20,88.0,31785695.0,0.0,0.0,0.471,0.977,0.762,-3.593,159.992,168346.0,0.0435,0.054,0.0777,0.433,4JqgUZ4yZqjeEmgJNsuUjX
skinny,billie eilish,77.0,,2024-05-17,90.0,118692183.0,0.0,0.0,,,,,,,,,,,1CsMKhwEmNnmvHUuO5nryA
skrt,kodak black,0.0,,2016-02-12,79.0,12474509.0,0.0,0.0,0.901,0.352,0.199,-10.038,111.065,224864.0,0.585,0.0915,0.0,0.122,0EvlAy9hx3kbnqfgg8VX7z
sky,playboi carti,79.0,,2020-12-25,86.0,15026799.0,0.0,0.0,,,,,,,,,,,29TPjc8wxfz4XMn21O7VsZ
sky walker,miguel,75.0,,2017-12-01,78.0,6129109.0,0.0,0.0,,,,,,,,,,,5WoaF1B5XIEnWfmb5NZikf
skyfall,adele,85.0,,2012-10-04,83.0,66705650.0,0.0,0.0,0.346,0.552,0.0789,-6.864,75.881,286480.0,0.417,0.0282,0.0,0.114,6VObnIkLVruX4UVyxWhlqm
skyline pigeon - piano version,elton john,58.0,,2009,80.0,15542286.0,0.0,0.0,0.546,0.549,0.428,-8.675,132.462,236200.0,0.333,0.0289,1.54e-06,0.158,5PezyvrAMMS1e2jZznCxxF
skyline to,frank ocean,65.0,,2016-08-20,83.0,20280852.0,0.0,0.0,0.43,0.296,0.386,-13.645,129.048,184600.0,0.882,0.0583,6.21e-06,0.104,4xR3MAscflQ262kMeiKshQ
slay3r,playboi carti,61.0,,2020-12-25,86.0,15031490.0,0.0,0.0,,,,,,,,,,,1eMNW1HQjF1dbb4GtnmpaX
sleep all day,jason mraz,22.0,,2003,71.0,7312594.0,0.0,0.0,0.616,0.81,0.79,-6.51,97.994,296843.0,0.369,0.0668,0.0,0.107,1Qo3taHLFSQpzLm5Sty7M4
sleep on the floor,the lumineers,70.0,,2024-09-27,76.0,5903211.0,0.0,0.0,0.389,0.431,0.275,-8.061,142.14,211851.0,0.249,0.0344,0.0,0.13,44uOreAESeRIBaxkuCW4wN
sleeping on the floor,powfu,48.0,,2022-03-04,66.0,1474124.0,0.0,0.0,0.644,0.442,0.574,-9.423,142.026,153802.0,0.829,0.123,0.0,0.135,2SaMMF3gwdwTjWuR44LETg
sleigh ride,idina menzel,1.0,,2019-10-18,68.0,570812.0,0.0,0.0,0.595,0.571,0.564,-7.255,87.12,201586.0,0.565,0.0447,0.0,0.0849,1tPzHJg3tqEMkuIITtGfHV
slide,calvin harris,75.0,,2017-06-30,84.0,23079295.0,0.0,0.0,,,,,,,,,,,7tr2za8SQg2CI8EDgrdtNl
slide away,miley cyrus,1.0,,2019-08-16,81.0,26568626.0,0.0,0.0,,,,,,,,,,,44ADyYoY5liaRa3EOAl4uf
slidin',jason derulo,5.0,,2022-04-11,76.0,12460242.0,0.0,0.0,0.678,0.849,0.764,-2.11,100.005,156300.0,0.172,0.125,0.0,0.0996,0lgrahSN7EGAwDkA1S2cIl
slim pickins,sabrina carpenter,70.0,,2024-08-23,91.0,26516295.0,0.0,0.0,,,,,,,,,,,0XkZmBCCcdMY0EPY8ij6Gb
slime belief,youngboy never broke again,67.0,,2018-12-20,84.0,14936207.0,0.0,0.0,,,,,,,,,,,2qGfZAgDe1pV2y5xJAhi6R
slimed in,future,57.0,,2024-03-22,88.0,22675640.0,0.0,0.0,,,,,,,,,,,2GLWhy9iiO1wrLUF5l4FtJ
slippery,migos,2.0,,2017-04-07,74.0,14638268.0,0.0,0.0,,,,,,,,,,,6p8NuHm8uCGnn2Dtbtf7zE
sliver,nirvana,64.0,,1996,81.0,23384088.0,0.0,0.0,0.428,0.684,0.419,-10.044,141.336,136493.0,1.16e-05,0.0475,0.000156,0.0744,3BtHClmMmURD8UHF2fiyxt
sliver - live at del mar b-side,nirvana,19.0,,1991-09-26,81.0,23398010.0,0.0,0.0,,,,,,,,,,,23VTn69AcEvt7NLlb774HL
sliver - live at the paramount,nirvana,22.0,,1991-09-26,81.0,23384088.0,0.0,0.0,,,,,,,,,,,5BQxl9Syi3aB0NC7kHGuy7
sloop john b,the beach boys,60.0,,1995,,,0.0,0.0,0.567,0.745,0.903,-5.423,125.575,180133.0,0.402,0.0264,0.0,0.0873,2ULL3VZf4WwBKO4vjwT7Bg
slow chemical,finger eleven,57.0,,2002-03-26,,,0.0,0.0,0.493,0.885,0.496,-4.531,81.781,198360.0,0.00545,0.0479,0.0,0.111,2h5Kce0Vt3PWgMYkYuUL3E
slow dancing in a burning room,john mayer,74.0,,2006-09-12,,,0.0,0.0,0.667,0.361,0.29,-8.69,134.018,242000.0,0.575,0.0273,0.00506,0.0805,2jdAk8ATWIL3dwT47XpRfu
slow dancing in the dark,joji,86.0,,2018-10-26,81.0,10645550.0,0.0,0.0,,,,,,,,,,,0rKtyWc8bvkriBthvHKY8d
slow down summer,thomas rhett,8.0,,2022-04-01,73.0,4983771.0,0.0,0.0,0.464,0.755,0.449,-5.707,155.973,216764.0,0.00838,0.0354,0.0,0.0989,16LAkUOZbmqdHgicUsHY1S
slow hands,niall horan,71.0,,2017-10-20,70.0,10238134.0,0.0,0.0,,,,,,,,,,,2cOUlop2ZakjOKe4WinesN
slow it down,benson boone,83.0,,2024-03-21,83.0,7045466.0,0.0,0.0,,,,,,,,,,,51eSHglvG1RJXtL3qI5trr
slower,tate mcrae,63.0,,2021-03-26,88.0,9256589.0,0.0,0.0,,,,,,,,,,,4X3Br7EVc8oy44zUwU1z5w
slut like you,p!nk,46.0,,2012-09-18,78.0,18203604.0,0.0,0.0,,,,,,,,,,,5d4Q9bLZWtsL90vvSh8UWr
"slut!"" (taylor's version) (from the vault)""",taylor swift,73.0,,2023-10-26,100.0,145396321.0,0.0,0.0,,,,,,,,,,,71BqAINEnezjQfxE4VuJfq
smack that,akon,84.0,,2006-01-01,82.0,6005038.0,0.0,0.0,0.939,0.742,0.924,-5.171,118.978,212360.0,0.321,0.0467,0.0,0.107,2kQuhkFX7uSVepCD3h29g5
small town crazy,bailey zimmerman,43.0,,2021-10-08,,,0.0,0.0,0.502,0.877,0.696,-2.847,170.123,162352.0,0.0129,0.0746,0.0,0.244,1a0ro0Q0fbLkGTMucWgFTb
smells like me,charlie puth,74.0,,2022-09-02,79.0,25301942.0,0.0,0.0,0.602,0.565,0.609,-6.498,208.038,204079.0,0.329,0.0498,0.0,0.0622,0OM84HfW4XX1kmwCMDPmcS
smells like teen spirit,nirvana,84.0,,1991-09-10,81.0,23391272.0,0.0,0.0,0.49,0.9010000000000001,0.7423333333333333,-4.984666666666667,116.734,301422.0,2.4999999999999998e-05,0.051866666666666665,0.00027146666666666663,0.09806666666666668,1f3yAtsJtY87CTmM8RLnxf
smells like teen spirit - boombox rehearsals,nirvana,23.0,,1991-09-26,81.0,23398010.0,0.0,0.0,,,,,,,,,,,15Yf1X50ytOyInEx5v75Mt
smells like teen spirit - devonshire mix,nirvana,37.0,,1991-09-26,81.0,23391272.0,0.0,0.0,,,,,,,,,,,5mFnfR4IrBgejlBp3gBEXS
smells like teen spirit - live at the paramount,nirvana,35.0,,1991-09-26,81.0,23391272.0,0.0,0.0,,,,,,,,,,,2S3aGBv6UM6elRwOZJLPFr
smile,lily allen,66.0,,2006-05-08,74.0,2223643.0,0.0,0.0,,,,,,,,,,,4aR9bPMAOFySBuQSbVWF3d
smile (with the weeknd),juice wrld,67.0,,2020-07-10,85.0,42540400.0,0.0,0.0,,,,,,,,,,,6wQlQrTY5mVS8EGaFZVwVF
smile again,blackbear,60.0,,2020-08-21,,,0.0,0.0,0.68,0.423,0.686,-6.279,85.042,149253.0,0.597,0.0321,0.0,0.371,0rWMOzZ7fFYZWI1qlCY4Ig
smokin out the window,bruno mars,0.0,,2021-11-11,90.0,75474551.0,0.0,0.0,,,,,,,,,,,7sMBvZCSUl99bJLXZaLa0b
smooth criminal - 2012 remaster,michael jackson,78.0,,1987-08-31,85.0,37446069.0,0.0,0.0,,,,,,,,,,,2bCQHF9gdG5BNDVuEIEnNk
sms (bangerz),miley cyrus,45.0,,2013-10-04,81.0,26558356.0,0.0,0.0,,,,,,,,,,,0mRWl4amZn1FtRx2cE5jf3
snakes,bastille,0.0,,2016-09-09,72.0,5647181.0,0.0,0.0,0.635,0.812,0.486,-4.724,137.976,197957.0,0.0576,0.0362,0.0,0.135,6jvqibwXzLFsU9aLcWfDwK
snapback,old dominion,67.0,,2015-11-06,67.0,1738831.0,0.0,0.0,,,,,,,,,,,7I5fYc4qKJddht8Ozhqqdx
snooze,sza,85.0,,2022-12-09,87.0,33029522.0,0.0,0.0,,,,,,,,,,,4iZ4pt7kvcaH6Yo8UoZ4s2
snow (hey oh),red hot chili peppers,81.0,,2006-05-09,83.0,23226759.0,0.0,0.0,0.427,0.9,0.599,-3.674,104.655,334666.0,0.116,0.0499,1.75e-05,0.119,2aibwv5hGXSgw7Yru8IYTO
snow angels,gayle,61.0,,2022-10-06,,,0.0,0.0,0.753,0.552,0.901,-3.803,117.955,210239.0,0.0124,0.0395,0.0,0.092,4tyD9sivpD8NGM8KEEabAl
snow on the beach,taylor swift,72.0,,2023-05-26,100.0,145396321.0,0.0,0.0,,,,,,,,,,,4zmKGsrXjLmljb5fTaBTot
snowman,sia,77.0,,2017-11-09,82.0,30545962.0,0.0,0.0,0.716,0.5112,0.3244,-6.257,104.9626,165906.0,0.483,0.03318,0.0,0.0928,0aVWcvdsuzZch30T2hvD1t
so american,olivia rodrigo,73.0,,2024-03-22,85.0,49083617.0,0.0,0.0,,,,,,,,,,,5Jh1i0no3vJ9u4deXkb4aV
so bad,eminem,57.0,,2010-06-18,88.0,104559284.0,0.0,1.0,,,,,,,,,,,5Ve4qBYAThGLTOva0hhoTa
so far...,eminem,33.0,,2013-11-05,88.0,104517308.0,0.0,1.0,,,,,,,,,,,2sp2w9gJOg2Y1zqtMjF91f
so good,b.o.b,63.0,,2012-04-27,74.0,2265465.0,0.0,0.0,,,,,,,,,,,28GUjBGqZVcAV4PHSYzkj2
so good,halsey,77.0,,2022-06-09,80.0,22396044.0,0.0,0.0,0.576,0.627,0.311,-4.649,164.998,176058.0,0.0385,0.0449,0.0,0.181,6kxaaIeowajN7w21PfMLbu
so happy i could die,lady gaga,54.0,,2009-11-05,89.0,42275793.0,0.0,1.0,,,,,,,,,,,1NrfEZrNm0Dq8ulfYMxwSc
so high,doja cat,78.0,,2014-03-11,86.0,34748949.0,0.0,0.0,,,,,,,,,,,2qyhy9ndo8tTGMzXeHTisR
so high school,taylor swift,75.0,,2024-04-19,100.0,145396321.0,0.0,0.0,,,,,,,,,,,7Mts0OfPorF4iwOomvfqn1
so i,charli xcx,62.0,,2024-06-07,82.0,6322030.0,0.0,0.0,,,,,,,,,,,0AkiAfilrTUXV49dleC5SB
so it goes...,taylor swift,67.0,,2017-11-09,100.0,145489371.0,0.0,0.0,,,,,,,,,,,41T04yafZVrjNq2FqvLtId
"so long, london",taylor swift,71.0,,2024-04-18,100.0,145443567.0,0.0,0.0,,,,,,,,,,,3Vevii7qKqrmW8CcyzBHDl
so me stay,sean paul,51.0,,2022-10-14,81.0,5279150.0,0.0,0.0,0.807,0.6915,0.487,-8.2335,119.57650000000001,205260.5,0.0118,0.4465,1.5300000000000002e-06,0.1885,1tdRPFfXoXEz62WI3rJyfq
so much better,eminem,33.0,,2013-11-05,88.0,104584370.0,0.0,1.0,,,,,,,,,,,7KZJnMtwu2s80jO5Frthap
so sick,ne-yo,22.0,,2006-01-01,80.0,10220440.0,0.0,0.0,0.679,0.682,0.59,-5.837,94.971,207186.0,0.265,0.261,0.0,0.287,0eOirxo4iDsRMxNuOVeqnO
so what,bts,68.0,,2018-05-18,,,0.0,0.0,0.657,0.883,0.461,-4.294,129.943,281520.0,0.0238,0.0733,0.0,0.0481,0wqqe8k13bJPxRt7FEmnwS
so what,p!nk,0.0,,2010-11-12,78.0,18203604.0,0.0,0.0,,,,,,,,,,,7bprRkhvOXWmWpqOrEWbXu
so young,portugal. the man,65.0,,2017-06-16,69.0,1524907.0,0.0,0.0,,,,,,,,,,,4SNtyKNyYJ8ERT7YLlnFBr
soap,melanie martinez,73.0,,2015-07-10,75.0,22219090.0,0.0,0.0,0.5943333333333333,0.689,0.21033333333333334,-6.107,168.112,209426.0,0.25733333333333336,0.148,5.473333333333333e-06,0.129,03f7xZmt2wHCIDJBFPK8G4
sober,demi lovato,58.0,,2018-06-21,77.0,27289523.0,0.0,0.0,,,,,,,,,,,0STK94RxUulYqWzwFlyAb5
sober saturday night,chris young,48.0,,2015-11-13,65.0,2918228.0,0.0,0.0,,,,,,,,,,,081t95JRuDUrQYSS3h8iKk
sobrio,maluma,81.0,,2021-07-08,83.0,38568546.0,0.0,0.0,0.762,0.77,0.631,-2.758,177.998,201180.0,0.138,0.223,0.0,0.15,4HzqWEdAbzcVFDv0pvxV4w
soda pop,saja boys,94.0,,2025-06-20,80.0,2234812.0,,,,,,,,,,,,,02sy7FAs8dkDNYsHp4Ul3f
soldier,eminem,64.0,,2002-05-26,88.0,104559284.0,0.0,1.0,,,,,,,,,,,5QD28FqaM3jTfsqWwvRZwv
solo,clean bandit,70.0,,2018-05-18,74.0,5974740.0,0.0,0.0,0.7384999999999999,0.629,0.5605,-4.577,104.9855,222679.5,0.039900000000000005,0.04415,5.755e-05,0.353,3NuK5xMlSlB6K2Qp16zf3h
solo,frank ocean,69.0,,2016-08-20,83.0,20280852.0,0.0,0.0,0.469,0.289,0.258,-10.625,133.805,257380.0,0.85,0.0366,2.48e-06,0.161,35xSkNIXi504fcEwz9USRB
solo,myles smith,70.0,,2023-11-15,74.0,1322522.0,0.0,0.0,,,,,,,,,,,4Skkx52Dh8yo4G1ijAEGs3
solo mission - lofi remix,the chainsmokers,0.0,,2022-05-13,80.0,21360805.0,0.0,0.0,0.656,0.175,0.259,-9.971,85.068,149685.0,0.728,0.0446,0.112,0.155,5Tw688qLFIieMBeD7wnEgw
some nights,fun.,68.0,,2012-02-21,66.0,3051567.0,0.0,0.0,,,,,,,,,,,6t6oULCRS6hnI7rm0h5gwl
somebody,justin bieber,59.0,,2021-03-19,91.0,85034636.0,0.0,0.0,,,,,,,,,,,3buwFfY33H32wfZ6X9poV3
somebody,natalie la rose,64.0,,2014-01-06,46.0,128961.0,0.0,0.0,,,,,,,,,,,7ioiB40H9xKs04QtIso2I3
somebody like you,keith urban,69.0,,2002-10-04,67.0,5273567.0,0.0,0.0,,,,,,,,,,,0b9djfiuDIMw1zKH6gV74g
somebody that i used to know,gotye,81.0,,2011-01-01,68.0,2257047.0,0.0,0.0,,,,,,,,,,,1qDrWA6lyx8cLECdZE7TV7
somebody to love,onerepublic,56.0,,2021-08-27,,,0.0,0.0,0.401,0.503,0.236,-8.084,118.4885,181408.0,0.0158,0.043800000000000006,0.0,0.134,0yc37FvbXRwwFaQxzpxbsd
somebody to love,queen,74.0,,1976-12-10,82.0,55209500.0,0.0,0.0,,,,,,,,,,,4rDbp1vnvEhieiccprPMdI
somebody's me,enrique iglesias,51.0,,2007-06-11,77.0,11932306.0,0.0,0.0,0.625,0.55,0.353,-6.916,83.007,238466.0,0.301,0.0258,0.0,0.11,6S18su3fmCpLzBsJCQWovx
someday,nickelback,71.0,,2008-12-01,78.0,7846032.0,0.0,0.0,0.455,0.858,0.597,-5.659,163.118,207466.0,0.000616,0.0391,0.000247,0.226,4PkJ7c9y1CwpuVOiJODnCZ
someday,onerepublic,76.0,,2021-08-27,,,0.0,0.0,0.576,0.679,0.213,-7.237,121.005,187888.0,0.0311,0.034,0.0,0.323,6aDsgHPZsMztSbZernzlF8
someday - acoustic,onerepublic,47.0,,2021-08-27,,,0.0,0.0,0.575,0.494,0.207,-7.487,120.998,185550.0,0.565,0.0297,0.0,0.156,5CJQMw0y824OWaQJSlszY5
someone else,miley cyrus,49.0,,2013-10-04,81.0,26564677.0,0.0,0.0,,,,,,,,,,,0vRFKF7dGdL5XxZMXzpCpF
someone like you,adele,81.0,,2011-01-19,83.0,66720643.0,0.0,0.0,0.556,0.319,0.294,-8.251,135.187,285240.0,0.893,0.0281,0.0,0.0996,1zwMYTA5nlNjZxYrvBB2pV
someone new,hozier,67.0,,2021-11-24,82.0,9114093.0,0.0,0.0,0.593,0.539,0.577,-5.946,91.98,222813.0,0.407,0.0349,2.31e-06,0.286,22sS7JkzeVeq4vOPCB6Fbj
someone you loved,lewis capaldi,86.0,,2018-11-08,79.0,14045780.0,0.0,0.0,0.501,0.405,0.446,-5.679,109.891,182160.0,0.751,0.0319,0.0,0.105,2TIlqbIneP0ZY1O0EzYLlc
something,the beatles,75.0,,1969-09-26,82.0,30718195.0,0.0,0.0,0.396,0.338,0.377,-10.872,133.522,182293.0,0.198,0.0304,2.62e-06,0.138,0pNeVovbiZHkulpGeOx1Gj
something about the way you look tonight,elton john,55.0,,1999,80.0,15542286.0,0.0,0.0,0.48,0.52,0.511,-10.393,143.503,308840.0,0.208,0.0268,0.000374,0.0788,4l4mSq8IKgCMz0q9KFZ7tK
something about the way you look tonight - edit version,elton john,58.0,,1999,80.0,15542286.0,0.0,0.0,0.48,0.628,0.541,-7.643,143.412,240546.0,0.174,0.0262,3.28e-05,0.0753,5LjSxAIKwyZvQqJ04ZQ0Da
something different - lofi remix,the chainsmokers,0.0,,2022-05-13,80.0,21360805.0,0.0,0.0,0.688,0.463,0.209,-9.278,75.996,154902.0,0.945,0.0448,0.0199,0.104,58PLzRUABG9skJIKreuVdX
something for the djs,pitbull,33.0,,2011-06-17,84.0,11939612.0,0.0,0.0,,,,,,,,,,,7J67Boe7skkGlM5HCy3JHR
something i need,onerepublic,58.0,,2014,,,0.0,0.0,0.683,0.596,0.624,-6.941,98.976,240673.0,0.14900000000000002,0.0311,0.0,0.177,4KANJH1baadr3U7XsVbM17
something in the orange,zach bryan,89.0,,2022-12-25,84.0,7325625.0,0.0,0.0,0.369,0.192,0.148,-12.151,175.212,228013.0,0.555,0.04,8.349999999999998e-06,0.0954,0DgoQwJjr6oM5vFIRtFJNu
something in the way,nirvana,72.0,,1991-09-24,81.0,23398010.0,0.0,0.0,0.487,0.268,0.0879,-13.174,105.6585,236839.5,0.7005,0.0409,0.13158050000000002,0.112,1tlTFxB34VorrZnJNfRWcs
something in the way - boombox rehearsals,nirvana,17.0,,1991-09-26,81.0,23391272.0,0.0,0.0,,,,,,,,,,,02STI1rCM6IhG9p9Yw99Rr
something in the way - devonshire mix,nirvana,36.0,,1991-09-26,81.0,23391272.0,0.0,0.0,,,,,,,,,,,27gTZndlhNtCk3dHumjo1R
something in the way - live at the bbc,nirvana,22.0,,1991-09-26,81.0,23398010.0,0.0,0.0,,,,,,,,,,,45u0LfWkzz4rdKNkCW9GV3
something in the way you move,ellie goulding,0.0,,2016-01-13,78.0,13212719.0,0.0,0.0,0.66,0.804,0.359,-6.133,109.0,226573.0,0.0402,0.0485,0.0,0.129,0RhLvAINBnJo65rZMIVdOR
something in your mouth,nickelback,64.0,,2021-05-21,78.0,7846032.0,0.0,0.0,0.663,0.977,0.746,-3.024,129.975,219253.0,0.00137,0.0575,1.77e-05,0.173,6wO0vMRAJB0r1lEWBJZNOq
something just like this,the chainsmokers,86.0,,2017-04-07,80.0,21359561.0,0.0,0.0,0.617,0.635,0.446,-6.769,103.019,247160.0,0.0498,0.0317,1.44e-05,0.164,6RUKPb4LETWmmr3iAEQktW
something like that,tim mcgraw,71.0,,1999-05-04,69.0,5042529.0,0.0,0.0,,,,,,,,,,,6leiB1fEsTnVCuPiielde5
something real,post malone,59.0,,2023-07-28,85.0,47716988.0,0.0,0.0,,,,,,,,,,,444vevlQjTnKioLLncteGv
something's gotta give,camila cabello,54.0,,2018-01-12,78.0,35582423.0,0.0,0.0,,,,,,,,,,,7IL3UOlcJ6nmcCMwpnlfcA
sometimes,ariana grande,56.0,,2016-04-01,90.0,107401919.0,0.0,0.0,,,,,,,,,,,3j6Vua6G9chRUJ9dTiOh7k
somewhere i belong,linkin park,77.0,,2003-03-25,88.0,31785695.0,0.0,0.0,0.451,0.951,0.442,-3.754,162.065,213933.0,0.00038,0.0645,2.39e-06,0.261,3agtg0x11wPvLIWkYR39nZ
somewhere in between,lifehouse,43.0,,2000-10-31,63.0,2146238.0,0.0,0.0,0.501,0.415,0.227,-8.882,76.608,253066.0,0.0375,0.0242,2.6e-06,0.336,3VFO6bwk914T8esF1zAr4Q
somewhere on a beach,dierks bentley,40.0,,2019-11-08,65.0,3315988.0,0.0,0.0,,,,,,,,,,,1XrO06cv4qlArKRx2SCOT3
somewhere only we know,lily allen,49.0,,2014-04-28,72.0,2211843.0,0.0,0.0,,,,,,,,,,,1mvfvDZOybiEgS1ecJxt9W
somewhere over laredo,lainey wilson,69.0,,2025-05-23,73.0,1538992.0,0.0,0.0,,,,,,,,,,,0aGIy8kll4HYDnNTDlf2vU
somewhere with you,kenny chesney,71.0,,2010-09-28,69.0,4887584.0,0.0,0.0,,,,,,,,,,,3pkzJjJXfdDjhpXx639MIH
song about you,mike posner,0.0,,2018,68.0,1526336.0,0.0,0.0,0.687,0.846,0.589,-3.003,87.024,190146.0,0.172,0.0419,1.24e-05,0.0806,36dW3K50T9DcXYHIW9ZJgC
soon you’ll get better,taylor swift,64.0,,2019-08-23,100.0,145489371.0,0.0,0.0,,,,,,,,,,,4AYtqFyFbX0Xkc2wtcygTr
sorry,beyoncé,64.0,,2016-04-23,84.0,41172203.0,0.0,0.0,,,,,,,,,,,0lnIJmgcUpEpe4AZACjayW
sorry,halsey,69.0,,2017-06-02,80.0,22396044.0,0.0,0.0,,,,,,,,,,,3IgUCMkHS4RgHdngIlporF
sorry,justin bieber,85.0,,2015-11-13,91.0,85034636.0,0.0,0.0,0.6665000000000001,0.754,0.424,-3.6465,99.99,200786.0,0.08374999999999999,0.041749999999999995,0.0,0.299,09CtPGIpYB4BrO8qb1RGsF
sorry - original demo,beyoncé,56.0,,2016-04-23,84.0,41172203.0,0.0,0.0,,,,,,,,,,,6eR1N0EBHiDkGDzegX99d3
sorry for now,linkin park,55.0,,2017-05-19,88.0,31785695.0,0.0,0.0,0.608,0.584,0.251,-6.652,94.956,203653.0,0.00995,0.0352,0.0,0.203,34isqXjbTstbYwl2MfdzDq
sorry not sorry,demi lovato,71.0,,2017-09-29,78.0,27289523.0,0.0,0.0,0.705,0.643,0.884,-6.929,143.944,203760.0,0.0242,0.232,0.0,0.262,0yvPEnB032fojLfVluFjUv
sorry seems to be the hardest word,elton john,62.0,,2011,80.0,15542286.0,0.0,0.0,0.371,0.22,0.112,-12.797,118.464,228933.0,0.828,0.0324,1.23e-06,0.195,6XfxmT5QNCXvpZA6PKfWVL
sos,avicii,68.0,,2019-10-04,79.0,23434221.0,0.0,0.0,0.802,0.645,0.376,-6.181,100.001,157202.0,0.272,0.0715,0.0,0.119,2x0RZdkZcD8QRI53XT4GI5
sos,rihanna,78.0,,2006-04-10,90.0,68997177.0,0.0,1.0,,,,,,,,,,,30cSNer6TV8x2utjULVeQ5
soulful,justin bieber,59.0,,2025-07-11,91.0,85034636.0,0.0,0.0,,,,,,,,,,,5PAKAADzrSpMDxcaRpSDCm
sound of madness,shinedown,67.0,,2011-04-18,,,0.0,0.0,0.328,0.939,0.329,-1.654,185.971,233986.0,4.93e-05,0.0423,0.0065,0.337,0W9Xvd4Qx1aZPxEi94vgRY
sour candy (with blackpink),lady gaga,64.0,,2020-05-29,88.0,42256604.0,0.0,1.0,,,,,,,,,,,1IWNylpZ477gIVUDpJL66u
south of the border,ed sheeran,74.0,,2019-07-12,88.0,122773292.0,0.0,0.0,,,,,,,,,,,4vUmTMuQqjdnvlZmAH61Qk
southbound,artemas,73.0,,2025-03-19,74.0,1378074.0,0.0,0.0,,,,,,,,,,,4jiwz2tQZo21Z4NQwz4zUt
southbound,carrie underwood,0.0,,2022,68.0,6125781.0,0.0,0.0,0.614,0.884,0.721,-4.019,100.523,202853.0,0.00122,0.0402,0.0,0.077,3wYce5GyRKkhKfUlUE5RID
space bound,eminem,68.0,,2010-06-18,88.0,104559284.0,0.0,1.0,,,,,,,,,,,0sHW1jXe6Sou3437gJQNGA
space cadet,metro boomin,76.0,,2018-11-06,84.0,11679132.0,0.0,0.0,0.901,0.464,0.638,-9.789,109.004,203266.0,0.368,0.0645,1.71e-05,0.238,1fewSx2d5KIZ04wsooEBOz
sparks,coldplay,90.0,,2000-07-10,88.0,60804949.0,0.0,0.0,,,,,,,,,,,7D0RhFcb3CrfPuTJ0obrod
sparks fly,taylor swift,30.0,,2017-11-09,100.0,145396321.0,0.0,0.0,,,,,,,,,,,5h2sBwpUSAndjObfU3ti2r
speak now,taylor swift,26.0,,2017-11-09,100.0,145489371.0,0.0,0.0,,,,,,,,,,,1XLc4irbX7oQSneh6gWv3O
special,lizzo,0.0,,2022-07-15,68.0,5738825.0,0.0,0.0,0.517,0.707,0.264,-5.474,82.859,174398.0,0.0164,0.0693,0.0,0.453,57gHJpELHEZjwbgnkAV90t
special,sza,67.0,,2022-12-09,87.0,33043825.0,0.0,0.0,,,,,,,,,,,6RQ5IwG7uADz9LDWliJGjU
speechless,dan + shay,67.0,,2018-06-22,66.0,3203185.0,0.0,0.0,0.616,0.4375,0.386,-5.968,135.934,213386.0,0.3535,0.0298,0.0,0.24,3GJ4hzg4lrGwU51Y3VARbF
speechless,lady gaga,53.0,,2009-11-05,89.0,42298315.0,0.0,1.0,,,,,,,,,,,0hwfOlSrYQ36ULiphozHgJ
speed demon - 2012 remaster,michael jackson,53.0,,1987-08-31,84.0,37431031.0,0.0,0.0,,,,,,,,,,,5SpHSOne318K5q7EBYndT6
speed drive,charli xcx,61.0,,2023-07-21,82.0,6315216.0,0.0,0.0,,,,,,,,,,,7GRv55NwkjxU2ysJLwzC9c
speed drive (from barbie the album),charli xcx,67.0,,2023-06-29,82.0,6322030.0,0.0,0.0,,,,,,,,,,,5VxmI3IdgAxWVvUnJoLuY2
speed it up,gunna,48.0,,2019-02-22,85.0,10348240.0,0.0,0.0,,,,,,,,,,,6PfI6EeLNiNGVAVg11nv7D
speed of sound,coldplay,73.0,,2005-06-07,88.0,60804949.0,0.0,0.0,,,,,,,,,,,7clUVcSOtkNWa58Gw5RfD4
speedometer,post malone,51.0,,2023-07-28,86.0,47720209.0,0.0,0.0,,,,,,,,,,,5oJw81e2Tzr2rC0lHXnDPb
spies,coldplay,60.0,,2000-07-10,88.0,60830643.0,0.0,0.0,,,,,,,,,,,2mLgOcRkEgq89j8WstUpui
spin,megan thee stallion,51.0,,2024-06-28,76.0,10888670.0,0.0,0.0,,,,,,,,,,,3VU5hcDFXuX8aDwfn7GDeY
spin me around,the marías,63.0,,2021-06-25,83.0,3767285.0,0.0,0.0,,,,,,,,,,,3WOZcIibmurJult4Z7Wfce
spine breaker,bts,65.0,,2014-02-12,,,0.0,0.0,0.679,0.927,0.861,-1.058,93.989,238529.0,0.164,0.15,0.0,0.437,0F3Dpp18yIxIm7XRmn0LBj
spiritual,katy perry,38.0,,2013-10-18,83.0,38385499.0,0.0,0.0,,,,,,,,,,,6lOS1dPkjHlAzRCMplJupN
sports car,tate mcrae,86.0,,2025-01-24,88.0,9256589.0,0.0,0.0,,,,,,,,,,,2zOmS55knKWSgScYPTNmGQ
spotlight,shakira,22.0,,2014-03-21,85.0,39809584.0,0.0,1.0,,,,,,,,,,,0o13CIZgE4KIRVn1KdzuCx
spring day,bts,76.0,,2017-05-10,,,0.0,0.0,0.5385,0.8385,0.4615,-3.4635,106.9935,274400.0,0.0066949999999999996,0.03535,1.8349999999999998e-06,0.1195,2j1fFjWHCI9KJSwcuYAOyF
springsteen,eric church,78.0,,2011-01-01,71.0,4141160.0,0.0,0.0,,,,,,,,,,,05ZACkzW8YbRq3eFgIfSNB
squabble up,kendrick lamar,80.0,,2024-11-22,89.0,44606446.0,0.0,1.0,,,,,,,,,,,0nj9Bq5sHDiTxSHunhgkFb
square dance,eminem,61.0,,2002-05-26,88.0,104559284.0,0.0,1.0,,,,,,,,,,,27mgDrExPa3obPAYXd3yQg
st. anger,metallica,62.0,,2004,81.0,32161423.0,0.0,0.0,0.396,0.947,0.443,-2.652,93.043,441132.0,0.00115,0.0477,0.0179,0.089,5JAnXx5BBES4FEf4d4t4CC
st. chroma,"tyler, the creator",76.0,,2024-10-28,86.0,24430255.0,0.0,0.0,,,,,,,,,,,1QoyuMHNBe7lg3YW4Qtll4
stand by me,skylar grey,60.0,,2018-01-25,65.0,672618.0,0.0,0.0,0.491,0.333,0.2,-10.004,107.969,146453.0,0.581,0.029,0.0,0.0984,59ew3BDqan1LlwZOuKA4TJ
stand up,one direction,57.0,,2012-05-25,83.0,40270893.0,0.0,0.0,,,,,,,,,,,147ximWPJObFNQ4M1AhFox
standing next to you,jung kook,82.0,,2023-11-03,79.0,18620976.0,0.0,0.0,,,,,,,,,,,2KslE17cAJNHTsI2MI0jb2
standing on business,justin bieber,57.0,,2025-07-11,91.0,85008100.0,0.0,0.0,,,,,,,,,,,5YiIOND9ZK72GaknWgiGqh
star walkin' (league of legends worlds anthem),lil nas x,70.0,,2023-05-31,71.0,12310527.0,0.0,0.0,0.637,0.715,0.308,-4.971,141.872,210575.0,0.148,0.0455,0.0,0.0892,38T0tPVZHcPZyhtOcCP7pF
star-crossed,kacey musgraves,0.0,,2021-08-23,,,0.0,0.0,0.37799999999999995,0.441,0.158,-9.142,105.90500000000002,199226.0,0.709,0.0355,0.00288,0.0887,0WdLTvDQ6FD8jSkUjSvHqe
starboy,the weeknd,89.0,,2016-11-25,94.0,112995439.0,0.0,1.0,0.679,0.587,0.486,-7.015,186.003,230453.0,0.141,0.276,6.35e-06,0.137,38JOdzBE9kPj5UhKtqIIqQ
stardust,nat king cole,0.0,,2015-11-27,,,0.0,0.0,0.262,0.324,0.212,-13.158,109.141,195573.0,0.676,0.0337,0.000278,0.211,1yPIFsWSszIgcArWl2lRpi
stargazing,myles smith,84.0,,2024-05-10,74.0,1317349.0,0.0,0.0,,,,,,,,,,,3Vr3zh0r7ALn8VLqCiRR10
stargazing,travis scott,73.0,,2018-08-03,89.0,41107596.0,0.0,1.0,0.487,0.789,0.0564,-3.69,150.007,270714.0,0.00947,0.044,4.05e-06,0.189,7wBJfHzpfI3032CSD7CE2m
stargirl interlude,the weeknd,79.0,,2016-11-24,93.0,112957721.0,0.0,1.0,,,,,,,,,,,4EDijkJdHBZZ0GwJ12iTAj
staring at the sky,xxxtentacion,57.0,,2018-12-07,,,0.0,0.0,0.557,0.338,0.689,-9.892,140.935,85123.0,0.134,0.0257,0.00184,0.14,4KpKyRFwN0gcwj58Uqjv7q
staring at the sun,post malone,63.0,,2019-09-06,86.0,47722935.0,0.0,0.0,,,,,,,,,,,5KE9b4x7Zj2A8XtbkqhqTe
starlight,taylor swift,45.0,,2012-10-22,100.0,145443567.0,0.0,0.0,,,,,,,,,,,1gL4vMhDV3RgJQmDuY5HK1
starry eyed,ellie goulding,4.0,,2012-12-11,78.0,13212719.0,0.0,0.0,0.51,0.816,0.588,-5.331,149.929,176933.0,0.13,0.0352,8.66e-06,0.224,77u3cpprulNjIUYkjYwlhU
stars,alessia cara,35.0,,2015-11-13,72.0,12274170.0,0.0,0.0,,,,,,,,,,,32VoLNDXBTeE786Qma2pv8
stars,marshmello,55.0,,2018-06-22,80.0,34476607.0,0.0,0.0,0.507,0.96,0.801,-2.619,142.029,246760.0,0.0132,0.0394,0.971,0.0703,6GRMKQ3RrivYgLEO6h7ebu
starships,nicki minaj,78.0,,2011-01-01,84.0,34293318.0,0.0,0.0,,,,,,,,,,,1oHNvJVbFkexQc0BpQp7Y4
starstruck,lady gaga,47.0,,2009-11-05,88.0,42237551.0,0.0,1.0,,,,,,,,,,,7p4oQBhS0Oqx6m2GMQ9FvR
starstrukk,3oh!3,0.0,,2010-08-24,61.0,1067391.0,0.0,0.0,,,,,,,,,,,1CuzzAbJ4q28V5JOLCzQVp
start me up,the rolling stones,77.0,,2012-11-12,77.0,15714574.0,0.0,0.0,0.631,0.932,0.971,-4.142,122.43,213066.0,0.04325,0.0354,0.137,0.0918,32kz93hA4ac01juOqcSItF
start of something good,daughtry,55.0,,2012,65.0,2382165.0,0.0,0.0,0.424,0.68,0.415,-4.311,157.867,264853.0,0.0102,0.0374,0.0,0.224,6toBkNzxa4oCYTipbAaaJ3
start of something new - nini version,olivia rodrigo,51.0,,2020-01-10,85.0,49083617.0,,,,,,,,,,,,,2JAE25n5JDyb3rp2ti0ql8
start wit me,roddy ricch,60.0,,2019-12-06,74.0,11850722.0,0.0,0.0,,,,,,,,,,,7A20WnLkjtZU2d7hIB6Ziu
started from the bottom,drake,64.0,,2013-01-01,95.0,103039388.0,0.0,0.0,,,,,,,,,,,3dgQqOiQ9fCKVhNOedd2lf
starting over,jennifer lopez,26.0,,2011-04-29,74.0,13710072.0,0.0,1.0,,,,,,,,,,,0DeB5gw7a9VJ9JqoEJm4J5
starving,hailee steinfeld,71.0,,2016-07-22,66.0,8862299.0,0.0,0.0,,,,,,,,,,,4Ce37cRWvM1vIGGynKcs22
state,jennifer lopez,32.0,4000.0,2024-03-28,74.0,13710072.0,0.0,1.0,0.6,0.4,,-49.29,182.47,412023.0,,,0.298,,TRK-BC7A2BE1AC9F
state of grace,taylor swift,49.0,,2012-10-22,100.0,145489371.0,0.0,0.0,,,,,,,,,,,0YRGTdfmJPALpglAaraYUr
state of grace - acoustic,taylor swift,42.0,,2012-10-22,100.0,145443567.0,0.0,0.0,,,,,,,,,,,5G9AVKld9q7DCrmoY42raf
state of my head,shinedown,64.0,,2015-09-18,,,0.0,0.0,0.486,0.94,0.42,-4.237,79.727,205653.0,0.00919,0.0605,0.0,0.0777,1fnULsZuORnAgCFFbM8nTZ
stateside + zara larsson,pinkpantheress,74.0,,2025-10-10,78.0,4761364.0,0.0,0.0,,,,,,,,,,,1DwscornXpj8fmOmYVlqZt
static,steve lacy,71.0,,2022-07-15,77.0,6427334.0,0.0,0.0,,,,,,,,,,,4OmfWzukSVD140NiAIEjem
stay,bts,67.0,,2022-06-10,,,0.0,0.0,0.582,0.693,0.341,-5.048,125.904,204800.0,0.114,0.0465,0.0,0.13,0TdWVbcerMAcvljXrl9gpG
stay,florida georgia line,2.0,,2013-01-01,70.0,5588772.0,0.0,0.0,0.493,0.931,0.556,-2.99,141.979,200426.0,0.0838,0.041,0.0,0.172,6rfDtM5aHbsaLGAUxfIgpN
stay,gracie abrams,68.0,,2019-12-21,82.0,7403257.0,0.0,0.0,0.618,0.37,0.433,-10.5,114.26,177152.0,0.883,0.0543,0.0,0.123,0Uon5NsSAkBDx69XYOaQ5P
stay,rihanna,75.0,,2012-01-01,90.0,69030894.0,0.0,1.0,,,,,,,,,,,0GNI8K3VATWBABQFAzBAYe
stay,zedd,76.0,,2017-02-23,73.0,6111369.0,0.0,0.0,0.69,0.622,0.544,-5.025,102.04,210090.0,0.253,0.0622,0.0,0.116,6uBhi9gBXWjanegOb2Phh0
stay (with justin bieber),the kid laroi,80.0,,2022-02-09,79.0,6596750.0,0.0,0.0,0.591,0.764,0.478,-5.484,169.928,141805.0,0.0383,0.0483,0.0,0.103,5HCyWlXZPP0y6Gqq8TgA20
stay awake,christina perri,43.0,,2019-01-17,71.0,4307803.0,0.0,0.0,,,,,,,,,,,7lztvN7UHRDsMEf8ooKvUS
stay awake (sing-a-long),christina perri,35.0,,2019-01-17,71.0,4307803.0,0.0,0.0,,,,,,,,,,,1SMb9R9lWqJYCDFWIj8vnY
stay away,nirvana,58.0,,1991-09-24,81.0,23391272.0,0.0,0.0,0.367,0.981,0.205,-5.1,165.21,211440.0,5.39e-06,0.128,0.0461,0.0822,0w7k0ZhHzkfEBsDmwp49xA
stay away - devonshire mix,nirvana,22.0,,1991-09-26,81.0,23391272.0,0.0,0.0,,,,,,,,,,,5OYbFnIlfCGFn9Vu84IYfG
"stay close, don't go",secondhand serenade,50.0,,2012-09-11,,,0.0,0.0,0.528,0.487,0.342,-5.322,175.663,212066.0,0.686,0.033,0.0,0.0618,27iZxQjtXo4OxoZyk91Ooq
stay downtown,cole swindell,0.0,,2016-05-06,64.0,2565032.0,0.0,0.0,0.336,0.756,0.237,-4.191,77.807,201866.0,0.00275,0.045,0.0,0.189,3nISsZvfqj0tnpzVN6xtEu
stay gold,bts,68.0,,2021-06-16,,,0.0,0.0,0.723,0.634,0.582,-5.415,129.017,243266.0,0.0892,0.0542,0.0,0.0787,3Ys2PYl1wyPKQIwyqhP9cQ
stay stay stay,taylor swift,45.0,,2012-10-22,100.0,145396321.0,0.0,0.0,,,,,,,,,,,0F2S1QlnMaOfmNHIgmES3k
stay with me,sam smith,82.0,,2014-01-01,81.0,26278854.0,0.0,0.0,,,,,,,,,,,2whoe0pPKh4JRn6eWSIqTV
"stay with me (with justin timberlake, halsey, & pharrell)",calvin harris,56.0,,2022-11-18,84.0,23079295.0,0.0,0.0,0.81,0.733,0.9,-6.338,125.975,229282.0,0.276,0.0444,6.73e-06,0.288,5lfWrciYtohtIMVDVZd0Rf
stay with me - live from the royal albert hall,sam smith,33.0,,2023-04-12,81.0,26272346.0,0.0,0.0,,,,,,,,,,,41qam5MCYe9vBnSmX3FeOH
steady,wizkid,55.0,,2021-08-27,79.0,9449714.0,0.0,0.0,0.735,0.511,0.755,-5.734,94.972,203026.0,0.392,0.109,0.0021,0.119,6mAdcIFP25eb37HjkzglSh
steal my girl,one direction,82.0,,2014-11-17,83.0,40273571.0,0.0,0.0,0.536,0.768,0.545,-5.948,77.217,228133.0,0.00433,0.0347,0.0,0.114,2Bs4jQEGMycglOfWPBqrVG
steal my love,dan + shay,66.0,,2020-08-13,66.0,3203185.0,0.0,0.0,0.59,0.633,0.751,-5.452,179.856,162120.0,0.619,0.0328,0.0,0.157,0vzSAyinyA619ZbrOaAi04
stereo hearts,gym class heroes,82.0,,2011-11-11,67.0,1672769.0,0.0,0.0,0.646,0.795,0.796,-3.293,89.99,210960.0,0.0319,0.0976,0.0,0.267,0qOnSQQF0yzuPWsXrQ9paz
stereo love,edward maya,1.0,,2013-12-03,66.0,342955.0,0.0,0.0,,,,,,,,,,,6oIEIdJL9kDbBrGIyLZHIT
stereo love - edit,edward maya,69.0,,2009-07-06,66.0,343114.0,0.0,0.0,0.801,0.786,0.549,-3.781,127.061,184015.0,0.0439,0.0322,0.0346,0.104,2Xf4RoFpi7n06ppsGKbxiq
stereotype,cole swindell,0.0,,2022-04-08,64.0,2565032.0,0.0,0.0,0.634,0.87,0.786,-5.419999999999999,130.043,222400.0,0.00776,0.0326,7.06e-05,0.0845,3R7PRbshYPRnT0mS4p02eD
steve berman - skit,eminem,47.0,,2002-05-26,88.0,104517308.0,0.0,1.0,,,,,,,,,,,5ZxX55HFfi4aofGTxMp58x
stick season,noah kahan,84.0,,2022-10-14,82.0,4378755.0,0.0,0.0,,,,,,,,,,,0mflMxspEfB0VbI1kyLiAv
sticky,drake,70.0,,2022-06-17,95.0,103067383.0,0.0,0.0,,,,,,,,,,,4rmVZajAF7PkrCagGPHbqa
sticky,ravyn lenae,0.0,,2018,76.0,843345.0,0.0,0.0,0.713,0.846,0.572,-6.712,120.021,196754.0,0.0339,0.0537,0.000381,0.106,4RlQGwLKkrQVIlPAPlOgGE
stiff upper lip,ac/dc,62.0,,2000-02-28,,,0.0,0.0,0.588,0.851,0.706,-4.206,123.691,214560.0,0.0344,0.033,0.00773,0.16,1KBuhAHzia2qoD4u6YhvER
stigma,bts,67.0,,2016-10-10,,,0.0,0.0,0.566,0.475,0.335,-5.556,136.442,216063.0,0.148,0.089,0.0,0.139,3LTwMQ9kkn5VVhP3jipBlR
still breathing,green day,61.0,,2016-09-23,80.0,17327094.0,0.0,0.0,0.54,0.902,0.692,-3.577,75.033,224760.0,0.0142,0.0442,0.0,0.0756,19YmvsVCetCBeVj6O2mljR
still d.r.e.,dr. dre,82.0,,2015-06-01,78.0,15098281.0,0.0,1.0,0.816,0.775,0.527,-3.323,93.431,270586.0,0.16,0.234,0.00031,0.0543,503OTo2dSqe7qk76rgsbep
"still falling for you - from ""bridget jones's baby""",ellie goulding,70.0,,2016-08-19,78.0,13212719.0,0.0,0.0,0.4745,0.518,0.1795,-8.1,96.142,240867.0,0.553,0.0403,1.265e-06,0.111,0ugllpORni0VVE6794ADpX
still get like that (ft. project pat & starrah),diplo,30.0,,2025-10-31,77.0,2813710.0,0.0,0.0,,,,,,,,,,,67rW0Zl7oB3qEpD5YWWE5w
still here,drake,64.0,,2016-05-06,95.0,103039388.0,0.0,0.0,,,,,,,,,,,433P7tDcIAi6NLnf4Sh6tI
still into you,paramore,82.0,,2013-04-05,79.0,9792848.0,0.0,0.0,0.602,0.923,0.765,-3.763,136.01,216013.0,0.0098,0.044,0.0,0.0561,1yjY7rpaAQvKwpdUliHx0d
still trappin',lil durk,64.0,,2020-12-24,78.0,9504357.0,0.0,0.0,,,,,,,,,,,1lw4FrPr3Y8R7Q1Mro2TMe
still wiz,wiz khalifa,0.0,,2020-04-20,81.0,12078615.0,0.0,0.0,0.833,0.664,0.334,-5.358,90.052,170987.0,0.0537,0.135,0.0,0.0637,61tnfFfea71XruDZadOUmu
stitches,shawn mendes,84.0,,2015-02-10,81.0,45706269.0,0.0,0.0,0.741,0.747,0.7415,-6.673,112.436,206879.5,0.0163,0.0794,0.0,0.04835,3YUhUU3UPxxxpcy1yxuV0j
stole my heart,one direction,57.0,,2012-05-25,83.0,40270893.0,0.0,0.0,,,,,,,,,,,1KNEo25B740JX8ZcphK4Xm
stole the show,kygo,57.0,,2015-03-16,76.0,8670063.0,0.0,0.0,,,,,,,,,,,4iZPNYqzI2L0uwuUKun7Aa
stone,alessia cara,40.0,,2015-11-13,72.0,12275134.0,0.0,0.0,,,,,,,,,,,4uJ44cjN38DQ2kfecacHCc
stone cold,demi lovato,62.0,,2015-01-01,77.0,27288825.0,0.0,0.0,,,,,,,,,,,3by8IfnW9dZ2t4pZw1WVxz
stop and stare,onerepublic,62.0,,2023-02-15,,,0.0,0.0,0.4105,0.8625,0.254,-4.301,138.6335,223826.5,0.06915,0.0408,0.0,0.08125,0keNCZtbWrvhO3TuDuyUni
stop breathing,playboi carti,68.0,,2020-12-25,86.0,15021860.0,0.0,0.0,,,,,,,,,,,2lLG56qpLP3UbcLuzMvkWX
stop this train,john mayer,65.0,,2006-09-12,,,0.0,0.0,0.619,0.437,0.408,-11.756,89.508,285053.0,0.465,0.0314,0.00619,0.0971,3E6iea9uEmB7gRru4lyP6h
stop trying to be god,travis scott,66.0,,2018-08-03,89.0,41107596.0,0.0,1.0,,,,,,,,,,,1xYpVRspgaLxdJLOTQkTjg
storm warning,hunter hayes,0.0,,2011-04-12,53.0,1214595.0,0.0,0.0,0.483,0.844,0.772,-5.62,185.998,239906.0,0.0331,0.0833,0.0,0.133,1r69MJnTryDGcWkfuqVPVH
story of my life,one direction,84.0,,2013-11-25,83.0,40270893.0,0.0,0.0,0.6,0.663,0.286,-5.802,121.07,245493.0,0.225,0.0477,0.0,0.119,4nVBt6MZDDP6tRVdQTgxJg
straight up & down,bruno mars,62.0,,2016-11-17,90.0,75492598.0,0.0,0.0,,,,,,,,,,,2mrZYZGmPFV3QOyYPZ1zsn
stranger,lauv,70.0,,2022-08-05,73.0,6816695.0,0.0,0.0,0.65,0.538,0.501,-7.511,153.179,164688.0,0.128,0.0464,4.95e-06,0.127,3aUD2nXnCYiGd9V1UhfyRz
stranger,olivia rodrigo,71.0,,2024-03-22,85.0,49067177.0,0.0,0.0,,,,,,,,,,,2U3jOPfO4wZZFaaWS4Dcj6
stranger,tove lo,50.0,,2017-11-17,72.0,3676957.0,0.0,0.0,0.541,0.514,0.247,-5.734,109.796,234900.0,0.0037,0.033,0.0,0.113,1OTF5PuQF9CHvGgxXrOMwM
stranger (with killagraham and sam dew),skrillex,37.0,,2016-01-15,74.0,7528253.0,0.0,0.0,,,,,,,,,,,4EBqxBv4U2qro1UoBXtGhG
strangers,lewis capaldi,63.0,,2024-01-01,79.0,14039018.0,0.0,0.0,,,,,,,,,,,7jrI96onnEzgwPKacNJUCz
strangers by nature,adele,59.0,,2021-11-19,83.0,66720643.0,0.0,0.0,,,,,,,,,,,13CVSGLSFl4UxpDVR6u3dq
strawberry fields forever,the beatles,69.0,,1967-05-26,82.0,30721676.0,0.0,0.0,0.3865,0.53,0.248,-11.298,100.1895,259646.5,0.18315,0.1147,8.889999999999999e-05,0.31315000000000004,1J7wMZrvCtWZlXBdMM25Ce
streets,doja cat,83.0,,2019-11-07,86.0,34742256.0,0.0,0.0,0.749,0.463,0.189,-8.433,90.035,226986.0,0.21,0.0842,0.0382,0.338,60ynsPSSKe6O3sfwRnIBRf
stressed out,twenty one pilots,84.0,,2019-08-18,83.0,25761380.0,0.0,0.0,0.7344999999999999,0.6375,0.6585000000000001,-5.6735,169.9765,202333.0,0.04605,0.14,2.335e-05,0.0602,3CRDbSIZ4r5MsZ0YwxuEkn
strip it down,luke bryan,38.0,,2015-08-07,74.0,9407321.0,0.0,0.0,,,,,,,,,,,3PqpjQPv4ciXBsPBT6rRtm
strip that down,liam payne,68.0,,2017-05-18,62.0,10241850.0,0.0,0.0,,,,,,,,,,,29JrmE89KgRyCxBIzq2Ocw
strong enough,jonas brothers,58.0,,2023-11-10,75.0,7761878.0,0.0,0.0,,,,,,,,,,,66VuIGcM7fd8NLMoORCqVJ
stronger,cody johnson,0.0,,2022-12-02,73.0,1943383.0,0.0,0.0,0.453,0.7,0.447,-4.741,164.173,194760.0,0.131,0.038,0.0,0.186,4TeLaDmBpXnXtzvlY353yD
stronger,kanye west,81.0,,2007-09-11,89.0,31045858.0,0.0,0.0,,,,,,,,,,,0j2T0R9dR9qdJYsB7ciXhf
stronger (what doesn't kill you),kelly clarkson,74.0,,2011-10-24,72.0,10961941.0,0.0,0.0,,,,,,,,,,,1nInOsHbtotAmEOQhtvnzP
stronger than i was,eminem,32.0,,2013-11-05,88.0,104517308.0,0.0,1.0,,,,,,,,,,,4dBJwClRPCWgBcVYI4XO3y
struggle,tove lo,44.0,,2017-11-17,72.0,3676957.0,0.0,0.0,0.447,0.757,0.124,-6.572,183.76,226495.0,0.0141,0.0994,0.0,0.122,6XyWxPJ15ImnfAth52dll1
stubborn love,the lumineers,68.0,,2012-04-03,76.0,5903211.0,0.0,0.0,0.596,0.544,0.262,-11.759,115.022,279000.0,0.604,0.0362,0.017,0.262,7x46YkKAwp3yZpaa72n5Mu
stuck like glue,sugarland,61.0,,2010-01-01,54.0,1993973.0,0.0,0.0,,,,,,,,,,,0JcKdUGNR7zI4jJDLyYXbi
stuck on you,elvis presley,54.0,,1998,,,0.0,0.0,0.647,0.513,0.955,-12.372,131.641,139640.0,0.758,0.0421,8.64e-06,0.108,39zODpVtRvghMyfNjZ3BVK
stuck with u (with justin bieber),ariana grande,80.0,,2020-05-08,90.0,107389514.0,0.0,0.0,0.597,0.45,0.537,-6.658,178.765,228482.0,0.223,0.0418,0.0,0.382,4HBZA5flZLE435QTztThqH
stupid love,lady gaga,65.0,,2020-05-29,89.0,42275793.0,0.0,1.0,0.68,0.825,0.784,-4.296,117.987,193533.0,0.00173,0.0702,0.000122,0.27,5Qyu0SLOpSyn4yKercAsUc
style,taylor swift,82.0,,2014-01-01,100.0,145489371.0,0.0,0.0,,,,,,,,,,,0ug5NqcwcFR2xrfTkc7k8e
style (taylor's version),taylor swift,73.0,,2023-10-26,100.0,145443567.0,0.0,0.0,,,,,,,,,,,1hjRhYpWyqDpPahmSlUTlc
style stealer (lil baby & gunna),gunna,47.0,,2018-10-05,85.0,10342615.0,0.0,0.0,,,,,,,,,,,1jzOG0T6JjvaOoHgzl91Nd
suburbia,tove lo,65.0,,2022-10-14,72.0,3676957.0,0.0,0.0,0.61,0.555,0.286,-8.349,166.007,199071.0,0.0839,0.067,0.0461,0.144,5VRXsiG9SmI3znIWtcp4FQ
such a night,elvis presley,54.0,,1998,,,0.0,0.0,0.418,0.766,0.906,-11.415,171.755,178760.0,0.747,0.0862,0.0,0.222,1vGfZYrNSxT72PdgToMubU
sucker,jonas brothers,79.0,,2019-03-01,75.0,7761454.0,0.0,0.0,0.842,0.734,0.952,-5.065,137.958,181026.0,0.0427,0.0588,0.0,0.106,22vgEDb5hykfaTwLuskFGD
suddenly i see,kt tunstall,73.0,,2018,,,0.0,0.0,0.595,0.7735000000000001,0.6785,-5.622,100.4395,200373.0,0.182,0.04435,0.0,0.138,5p9XWUdvbUzmPCukOmwoU3
suga suga - instrumental,baby bash,39.0,,2003-01-01,62.0,1056466.0,0.0,0.0,,,,,,,,,,,5Z83wx7EqLCTEn9FuAvqSJ
sugar,maroon 5,80.0,,2014-09-02,85.0,45777722.0,0.0,1.0,,,,,,,,,,,2iuZJX9X9P0GKaE93xcPjk
sugar on my tongue,"tyler, the creator",90.0,,2025-07-21,86.0,24420596.0,0.0,0.0,,,,,,,,,,,6xV7Be6XEvkSnighmh2Tzj
sugar talking,sabrina carpenter,84.0,,2025-08-29,91.0,26559943.0,0.0,0.0,,,,,,,,,,,5B3GZOZYXNzWpUXQC42hxZ
sugar wraith,post malone,61.0,,2018-04-27,86.0,47722935.0,0.0,0.0,,,,,,,,,,,0MrRAUcB8AZiB9ue2VOBYe
"sugar, we're goin down",fall out boy,78.0,,2006-02-06,77.0,11415609.0,0.0,0.0,0.498,0.872,0.612,-4.088,162.00566666666666,230319.66666666666,0.005043333333333333,0.0765,0.0,0.11666666666666665,1EmoXFZ5oXu6u6oxBUzafC
suge,dababy,67.0,,2019-03-01,77.0,12954295.0,0.0,0.0,,,,,,,,,,,2gwkD6igEhQbDQegRCcdoB
suicidal,ynw melly,71.0,,2020-03-13,71.0,12755534.0,0.0,0.0,,,,,,,,,,,4S2uhQE8L9V6p7rj7SiauJ
suicidal thoughts - 2005 remaster,the notorious b.i.g.,69.0,,1995-08-29,75.0,12762931.0,0.0,0.0,0.604,0.501,0.0956,-10.171,78.61,170213.0,0.466,0.425,9.09e-06,0.091,00t7QTffOR3SA3L1BvSQVq
suit & tie,justin timberlake,68.0,,2013-03-15,82.0,15830822.0,0.0,0.0,,,,,,,,,,,6vt0I1cw1YmAIKDJvHVIM5
summer,calvin harris,82.0,,2014-10-31,84.0,23078931.0,0.0,0.0,0.596,0.856,0.743,-3.556,127.949,222533.0,0.0211,0.0346,0.0178,0.141,6YUTL4dYpB9xZO5qExPf05
summer,marshmello,57.0,,2017-03,80.0,34476607.0,0.0,0.0,0.583,0.748,0.254,-4.798,142.029,233239.0,0.00695,0.0292,0.0241,0.22,1Hk0QRlUFCHYG6zIvUh0Xd
summer days,martin garrix,69.0,,2019-10-25,74.0,15121684.0,0.0,0.0,0.661,0.723,0.316,-6.976,113.778,163804.0,0.179,0.0566,1.23e-05,0.14,7Feaw9WAEREY0DUOSXJLOM
summer games,drake,64.0,,2018-06-29,95.0,103067383.0,0.0,0.0,,,,,,,,,,,4HG1YiGBseVKzjyKcmAJen
summer renaissance,beyoncé,60.0,,2022-07-29,84.0,41176723.0,0.0,0.0,,,,,,,,,,,3HyR1j49TY5ACP2lseF1jx
summerboy,lady gaga,49.0,,2009-11-05,88.0,42256604.0,0.0,1.0,,,,,,,,,,,12LDPGVv7KpIIefOofYETx
summers over interlude,drake,72.0,,2016-05-06,95.0,103039388.0,0.0,0.0,,,,,,,,,,,3ppVO2tyWRRznNmONvt7Se
summertime,my chemical romance,27.0,,2010-11-05,78.0,10298850.0,0.0,0.0,0.6,0.799,0.647,-3.51,130.031,246720.0,0.000252,0.0332,0.0121,0.0932,4N6Y0z2oOC6M4StjTSIPEB
summertime sadness,lana del rey,83.0,,2012-01-01,88.0,51821190.0,0.0,0.0,0.559,0.674,0.197,-6.125,111.976,263973.0,0.0312,0.0329,0.0,0.121,1L9lVBNz63TWO3mNxbiIa5
summertime sadness (lana del rey vs. cedric gervais) - cedric gervais remix,lana del rey,74.0,,2013-02-01,88.0,51773650.0,0.0,0.0,,,,,,,,,,,6PUIzlqotEmPuBfjbwYWOB
summertime sadness - sped up,lana del rey,58.0,,2022-09-26,88.0,51821190.0,0.0,0.0,,,,,,,,,,,78dtqFPt7cvYgS2zTXtZKV
summit,skrillex,57.0,,2011-12-27,74.0,7528373.0,0.0,0.0,,,,,,,,,,,1SbqxemPdwGlvmirtQVkCU
sun daze,florida georgia line,0.0,,2014-10-14,70.0,5588772.0,0.0,0.0,0.484,0.944,0.839,-3.652,170.064,185400.0,0.0901,0.0413,0.0,0.471,2wSZhX2Yvslh1oZFFjj45p
sun king,the beatles,56.0,,1969-09-26,82.0,30718195.0,0.0,0.0,0.483,0.177,0.192,-17.629,74.994,146266.0,0.284,0.0277,0.499,0.116,4nwKdZID1ht0lDBJ5h2p87
sunday best,surfaces,4.0,,2019-01-06,61.0,983406.0,0.0,0.0,0.872,0.55575,0.7164999999999999,-5.952249999999999,112.00475,158621.25,0.1635,0.049025,0.0,0.072975,1Cv1YLb4q0RzL6pybtaMLo
sunday night,jack harlow,1.0,,2019-09-20,75.0,4349241.0,0.0,0.0,0.764,0.776,0.772,-5.329,119.92,191778.0,0.124,0.0329,0.000512,0.327,4xZwBITWeGPWVTDVmLfuDf
sundown,jack harlow,4.0,,2018-08-03,75.0,4349241.0,0.0,0.0,0.816,0.754,0.703,-5.922,92.023,125217.0,0.163,0.152,0.00199,0.105,2W3Pabwcki4u8XZhxWLkEw
sundress,a$ap rocky,79.0,,2018-11-20,82.0,17333176.0,0.0,0.0,,,,,,,,,,,2aPTvyE09vUCRwVvj0I8WK
sunflower - spider-man: into the spider-verse,post malone,81.0,,2018-12-14,85.0,47716988.0,0.0,0.0,,,,,,,,,,,0RiRZpuVRbi7oqRdSMwhQY
"sunflower, vol. 6",harry styles,65.0,,2019-12-13,80.0,34130771.0,0.0,0.0,,,,,,,,,,,6iYMfxznTBlcVOgRHab2W0
sunkissing,hailee steinfeld,50.0,,2023-03-24,66.0,8862622.0,0.0,0.0,,,,,,,,,,,5YbGrhQCpOT4aOTlFgACke
sunlight,hozier,55.0,,2023-07,82.0,9114093.0,0.0,0.0,0.464,0.559,0.368,-4.209,115.349,257346.0,0.368,0.0287,0.000176,0.106,0bgP0aKOxvdFxB2EfDrulY
sunshine,buckcherry,27.0,,2006-04-11,,,0.0,0.0,0.515,0.981,0.611,-3.855,145.97,253786.0,0.00101,0.0532,0.0,0.077,1AUP3FcXE7mpJAotmbVyoO
sunshine,onerepublic,83.0,,2024-07-12,,,0.0,0.0,0.697,0.875,0.774,-4.621,140.069,163854.0,0.137,0.034,0.0,0.28,0VBe5Wi5e0Gc3BD1MIos0i
sunshine overtime,chris young,39.0,,2015-11-13,65.0,2918550.0,0.0,0.0,,,,,,,,,,,7EyTP9nFCr4rxZTdtsQevI
supalonely,benee,65.0,,2019-11-15,62.0,869770.0,0.0,0.0,,,,,,,,,,,3GZoWLVbmxcBys6g0DLFLf
super bass,nicki minaj,78.0,,2010-01-01,84.0,34297934.0,0.0,0.0,,,,,,,,,,,0iYebKFUSfF72fUu2OW6ZT
super board,stray kids,73.0,,2022-10-07,,,0.0,0.0,0.751,0.87,0.412,-2.551,103.019,185960.0,0.00653,0.0713,0.0,0.077,078fJxqEUz0LvbHSM6AoXJ
super freaky girl,nicki minaj,83.0,,2023-09-29,84.0,34295707.0,0.0,0.0,0.9504999999999999,0.8845000000000001,0.9175,-2.609,133.012,170977.0,0.0577,0.22599999999999998,1.6899999999999997e-05,0.315,2yjlYDiNiQkdxVqTlaSrlX
super graphic ultra modern girl,chappell roan,68.0,,2023-09-22,82.0,7310428.0,0.0,0.0,,,,,,,,,,,1rNSCrsOoWyhKH4g47mehU
super gremlin,kodak black,66.0,,2021-10-30,79.0,12478974.0,0.0,0.0,0.825,0.414,0.106,-6.634,72.993,200547.0,0.00265,0.144,0.0,0.357,0Nb0A0yuiYHiVyMyZm0Wh8
super shy,newjeans,78.0,,2023-07-07,77.0,11611877.0,0.0,0.0,,,,,,,,,,,5sdQOyqq2IDhvmx2lHOpwd
supercut,lorde,78.0,,2017-06-16,80.0,10539134.0,0.0,0.0,,,,,,,,,,,6K8VQ84MqhsoakN5MjrnVR
superhero (heroes & villains),metro boomin,79.0,,2022-12-02,84.0,11687489.0,0.0,0.0,,,,,,,,,,,0vjeOZ3Ft5jvAi9SBFJm1j
superheroes,the script,76.0,,2014-09-15,74.0,8809453.0,0.0,0.0,0.49,0.885,0.64,-4.121,166.996,245466.0,0.00218,0.0396,0.0,0.0741,37sINbJZcFdHFAsVNsPq1i
superman,eminem,82.0,,2003-12-31,88.0,104559284.0,0.0,1.0,0.802,0.755,0.58,-3.138,130.027,350320.0,0.0215,0.0564,0.0,0.295,4woTEX1wYOTGDqNXuavlRC
supermarket flowers,ed sheeran,73.0,,2017-03-03,88.0,122773292.0,0.0,0.0,,,,,,,,,,,4VuS959DSpr82t3qBqCrWG
supernatural,ariana grande,82.0,,2024-03-08,90.0,107374593.0,0.0,0.0,,,,,,,,,,,142PiXzA84lmEw2RstFHFa
supernovacane,marshmello,47.0,,2021-06-11,80.0,34476607.0,0.0,0.0,0.514,0.926,0.556,-3.188,151.921,179955.0,0.000845,0.0317,0.0345,0.0891,1bW2JNdrpTOUew8G7UeUhP
superstar,artemas,68.0,,2025-10-01,74.0,1378935.0,0.0,0.0,,,,,,,,,,,2Zq3Trov36G0TtrUt4ZklL
superstar,taylor swift,39.0,,2008-11-11,100.0,145396321.0,0.0,0.0,,,,,,,,,,,14Bljc3pOOG0xQX3wqhLN9
superstar (taylor’s version),taylor swift,55.0,,2021-04-09,100.0,145396321.0,0.0,0.0,,,,,,,,,,,51A8eKvvZz9uydvIZ7xRSV
sure be cool if you did,blake shelton,56.0,,2013-03-26,69.0,7506632.0,0.0,0.0,,,,,,,,,,,5yIiXdLRE85OBiQmCaUenq
sure thing,miguel,84.0,,2010-11-26,78.0,6132588.0,0.0,0.0,,,,,,,,,,,0JXXNGljqupsJaZsgSbMZV
sure thing - sped up,miguel,62.0,,2023-01-27,78.0,6129109.0,0.0,0.0,,,,,,,,,,,559SdaPI7mqy9IQiscuaMj
surfin' u.s.a.,the beach boys,72.0,,1999,,,0.0,0.0,0.5473333333333333,0.87,0.9643333333333333,-5.006666666666667,159.147,149106.33333333334,0.6716666666666667,0.03713333333333333,0.0,0.122,0wz1LjDb9ZNEYwOmDJ3Q4b
surrender,elvis presley,53.0,,1987,,,0.0,0.0,0.454,0.666,0.894,-8.193,82.61,112226.0,0.758,0.0379,2.89e-05,0.275,1aECQTfv5SO42lU4fvrdJJ
survival,drake,58.0,,2018-06-29,95.0,103039388.0,0.0,0.0,,,,,,,,,,,2yg9UN4eo5eMVJ7OB4RWj3
survival,eminem,60.0,,2013-11-05,88.0,104584370.0,0.0,1.0,,,,,,,,,,,3stOygN0I7CIvkEB2LJGbv
survive,jimmy buffett,0.0,,1979-08,,,0.0,0.0,0.448,0.13,0.369,-16.808,146.689,291400.0,0.399,0.0318,1.05e-05,0.103,0BmDnvzaP80sTEdyrtdICS
survive,lewis capaldi,78.0,,2025-06-27,79.0,14043382.0,0.0,0.0,,,,,,,,,,,5vXPLxljVKyHDHuv3kIuKV
suspicious minds,elvis presley,76.0,,1969-08-26,,,0.0,0.0,0.5145,0.552,0.6615,-7.977,115.8835,266819.5,0.0469,0.02855,8.27e-06,0.271,1H5IfYyIIAlgDX8zguUzns
swag,justin bieber,65.0,,2025-07-11,91.0,85008100.0,0.0,0.0,,,,,,,,,,,3WQ5w7ruC3c861lHXF9Gs2
swalla,jason derulo,69.0,,2017-07-07,76.0,12460874.0,0.0,0.0,0.696,0.817,0.782,-3.862,98.064,216408.0,0.075,0.109,0.0,0.187,6kex4EBAj0WHXDKZMEJaaF
swan song,lana del rey,57.0,,2015-09-18,88.0,51821190.0,0.0,0.0,,,,,,,,,,,1DYRRZ5rSlc1PopnB7azLZ
swan upon leda,hozier,70.0,,2022-10-07,82.0,9114093.0,0.0,0.0,0.312,0.399,0.144,-8.506,126.025,222026.0,0.471,0.0321,0.583,0.13,3TjoLn6AliBGi3QbwwTxKp
sway with me (with galxara),saweetie,20.0,,2020-02-06,65.0,2640883.0,0.0,0.0,,,,,,,,,,,5f04IVo2fdXfCo1asRh84S
sweet but psycho,ava max,82.0,,2018-08-17,77.0,7753423.0,0.0,0.0,0.7200000000000001,0.706,0.62,-4.719,133.002,187436.0,0.0684,0.0473,0.0,0.166,25sgk305KZfyuqVBQIahim
sweet caroline - live,elvis presley,56.0,,2010-10-19,,,0.0,0.0,0.401,0.488,0.621,-12.607,147.132,162560.0,0.537,0.0534,5.77e-05,0.828,6vG4oazWuYOaMnHyLJmOMe
sweet child o' mine,guns n' roses,87.0,,1987-07-21,80.0,35205629.0,0.0,0.0,0.45,0.931,0.6265000000000001,-6.5435,125.20949999999999,355293.0,0.08835,0.048549999999999996,0.09265,0.114,7o2CTH4ctstm8TNelqjb51
sweet dream,alessia cara,1.0,,2021-09-24,72.0,12274759.0,0.0,0.0,0.76,0.532,0.5,-9.177,123.064,181881.0,0.252,0.127,0.0,0.252,3qNUzF2dXD6TO5FLiLtrxU
sweet nothing,calvin harris,77.0,,2012-10-29,84.0,23078931.0,0.0,0.0,0.573,0.929,0.582,-3.942,127.934,212560.0,0.197,0.109,0.000112,0.0567,24LS4lQShWyixJ0ZrJXfJ5
sweet nothing,taylor swift,68.0,,2022-10-21,100.0,145489371.0,0.0,0.0,,,,,,,,,,,0wavGRldH0AWyu2zvTz8zb
sweet spot,justin bieber,66.0,,2025-07-11,91.0,85022258.0,0.0,0.0,,,,,,,,,,,6AX3i1TluzbvpJpKrY7NoD
sweet virginia,the rolling stones,57.0,,1991-10,77.0,15714574.0,0.0,0.0,0.477,0.74,0.56,-5.397,107.384,266560.0,0.502,0.0446,1.31e-06,0.263,1hJrWWK74fKL7eeV3CFOvF
sweetest devotion,adele,53.0,,2015-11-20,83.0,66734917.0,0.0,0.0,0.416,0.752,0.266,-5.471,155.89,251701.0,0.251,0.0396,0.0,0.125,2Eb7QQ5soJQBEYTfSb5BS6
sweetest pie,megan thee stallion,66.0,,2022-03-11,76.0,10892928.0,0.0,0.0,,,,,,,,,,,7mFj0LlWtEJaEigguaWqYh
sweettalk my heart,tove lo,50.0,,2019-09-18,72.0,3676957.0,0.0,0.0,0.79,0.684,0.236,-4.372,110.984,179830.0,0.0825,0.0525,0.0,0.106,4Cgedth1L3nBdVLU5Z42m1
swim good,frank ocean,69.0,,2011-11-25,83.0,20280852.0,0.0,0.0,0.653,0.668,0.711,-8.183,160.048,257186.0,0.00116,0.0881,0.00269,0.0731,3CgZCQyuyxHRMWB9BTwmni
swish swish,katy perry,63.0,,2017-06-09,83.0,38385499.0,0.0,0.0,,,,,,,,,,,3OtMnyUaiipcAT23A8liyi
sword from the stone,passenger,62.0,,2021-01-08,67.0,3758140.0,0.0,0.0,0.618,0.457,0.447,-9.326,79.942,201720.0,0.594,0.0352,4.86e-05,0.136,32PwKptR5PhpP4Gxv8Lvps
sympathy for the devil,the rolling stones,64.0,,1991,77.0,15714574.0,0.0,0.0,0.6544000000000001,0.6722,0.5731999999999999,-10.955,115.65039999999999,377556.8,0.5875999999999999,0.24980000000000002,0.0,0.047420000000000004,1ELYwM8YlN3CavWlE1pwqy
sympathy for the devil - 50th anniversary edition,the rolling stones,72.0,,1991,77.0,15714574.0,0.0,0.0,0.702,0.668,0.561,-9.237,116.063,378146.0,0.518,0.214,0.0,0.0588,1Ud6moTC0KyXMq1Oxfien0
sympathy for the devil - 50th anniversary edition / remastered 2018,the rolling stones,0.0,,1991,77.0,15714574.0,0.0,0.0,0.703,0.668,0.561,-9.237,116.039,378146.0,0.516,0.22,0.0,0.0588,5qn8lrBA1qlgfzPEVDiDRg
sympathy for the devil - live,the rolling stones,28.0,,2008,77.0,15714574.0,0.0,0.0,0.614,0.929,0.551,-5.471,107.978,475217.0,0.405,0.0446,0.109,0.954,7cSrZ9Uu1c4JImssIyqsvP
sympathy is a knife,charli xcx,74.0,,2024-06-07,82.0,6322030.0,0.0,0.0,,,,,,,,,,,5c9tBmJKbTdn1vhzXHeAwW
sympathy is a knife featuring ariana grande,charli xcx,63.0,,2024-10-11,82.0,6318755.0,0.0,0.0,,,,,,,,,,,3nQ24dxqvxZEVwlHTeuLz0
symphony,clean bandit,78.0,,2017-10-27,74.0,5975530.0,0.0,0.0,0.711,0.617,0.4555,-4.8545,122.90950000000001,212596.0,0.249,0.04955,1.505e-05,0.1635,1x5sYLZiu9r5E43kMlt9f8
system reach,michael jackson,55.0,2000.0,2023-10-24,85.0,37446069.0,0.0,0.0,0.62,0.17,,-19.71,169.17,172807.0,,,0.765,,TRK-BAE6E77AD2D8
são paulo,the weeknd,84.0,,2024-10-31,93.0,112957721.0,0.0,1.0,,,,,,,,,,,0xGQTpN4ESETtl1Sp6rzd2
sígueme y te sigo,daddy yankee,66.0,,2015-03-12,85.0,37817461.0,0.0,0.0,0.7360000000000001,0.878,0.6623333333333333,-3.6040000000000005,100.02433333333333,209786.0,0.06846666666666666,0.0428,6.396666666666667e-05,0.7559999999999999,2mBTuHj5xrXHF3BeXD9ebN
t-shirt,migos,1.0,,2017-04-07,74.0,14639621.0,0.0,0.0,,,,,,,,,,,7KOlJ92bu51cltsD9KU5I7
t-shirt,thomas rhett,62.0,,2015-01-01,73.0,4983771.0,0.0,0.0,,,,,,,,,,,1zWZvrk13cL8Sl3VLeG57F
t.n.t.,ac/dc,78.0,,2000,,,0.0,0.0,0.754,0.759,0.435,-5.218,126.366,214666.0,0.153,0.302,0.000108,0.101,7LRMbd3LEoV5wZJvXT1Lwb
table,cody johnson,44.0,1000.0,2024-01-25,73.0,1943383.0,0.0,0.0,0.79,0.88,,-28.97,117.34,289790.0,,,0.445,,TRK-A6B31C2F1D50
take a bite,beabadoobee,70.0,,2024-08-09,78.0,6522709.0,0.0,0.0,,,,,,,,,,,1GClDyMiSLrpzjzwIfWRIa
take care,drake,76.0,,2011-11-15,95.0,103067383.0,0.0,0.0,,,,,,,,,,,124NFj84ppZ5pAxTuVQYCQ
take care - bonus track,jennifer lopez,21.0,,2011-04-29,74.0,13708054.0,0.0,1.0,,,,,,,,,,,3KjuiMXpRawzcPXogFiwB9
take care of you,onerepublic,48.0,,2021-08-27,,,0.0,0.0,0.461,0.704,0.25,-6.451,98.539,228364.0,0.00788,0.0377,8.88e-06,0.148,2ExaKO7GhafvrUHOjWxjgC
take it all,adele,54.0,,2011-11-25,83.0,66705650.0,0.0,0.0,0.415,0.266,0.282,-8.44,138.096,228293.0,0.957,0.0308,1.18e-06,0.183,43Bcg5ckW8WchRzyPZA0u1
take it back,ed sheeran,49.0,,2014-06-21,88.0,122802777.0,0.0,0.0,,,,,,,,,,,2dmOWlEHrP266Qgz6wnUrd
take it easy,surfaces,0.0,,2020-02-28,61.0,983406.0,0.0,0.0,0.764,0.69,0.501,-5.616,144.956,212849.0,0.239,0.0453,7.42e-06,0.114,4Ve2rEC6QHuhjf2D2t1CW4
take it easy - 2013 remaster,eagles,77.0,,1994-11-07,75.0,12152190.0,0.0,0.0,0.575,0.67,0.74,-10.39,139.191,211577.0,0.343,0.0318,4.95e-06,0.129,4yugZvBYaoREkJKtbG08Qr
take it out on me,onerepublic,45.0,,2021-08-27,,,0.0,0.0,0.437,0.314,0.13,-8.007,119.888,147800.0,0.81,0.0372,0.0,0.116,7lISY14A9I1w3m7to2kWv1
take me away,avril lavigne,53.0,,2004-06-30,76.0,12010110.0,0.0,0.0,,,,,,,,,,,4e8HF8QcD4HlfgRT6TGDlO
take me back to la,the weeknd,67.0,,2025-01-31,93.0,112918137.0,0.0,1.0,,,,,,,,,,,7rVmzyFA7f4rNGl9onF21E
take me home for christmas,dan + shay,1.0,,2020-11-06,66.0,3203185.0,0.0,0.0,0.694,0.769,0.663,-4.665,93.033,203880.0,0.163,0.0325,0.0,0.0976,74neN8NvU5LnqgzBibX6MH
take me on the floor,the veronicas,45.0,,2005-06-30,55.0,984364.0,0.0,0.0,,,,,,,,,,,3sOhS9SLsbY3fG1nVVk00P
take me thru dere,metro boomin,69.0,,2025-08-01,84.0,11683338.0,0.0,0.0,,,,,,,,,,,2GFawZaMjG8QLxiR4OD3db
take me to church,hozier,83.0,,2014-05-20,82.0,9114093.0,0.0,0.0,0.566,0.664,0.437,-5.303,128.945,241688.0,0.634,0.0464,0.0,0.116,1CS7Sd1u5tWkstBhpssyjP
take my breath - single version,the weeknd,54.0,,2021-08-05,94.0,112995439.0,0.0,1.0,0.747,0.739,0.523,-6.008,120.996,220196.0,0.0106,0.0487,2.22e-05,0.101,3HoQtJWvaadVDZPgQevKIh
take my name,parmalee,33.0,,2021-07-30,,,0.0,0.0,0.559,0.66,0.574,-4.143,163.957,157906.0,0.222,0.0512,0.0,0.193,7g0Zfd5J6Hzx9M2fRUMuba
take what you want,post malone,79.0,,2019-09-06,86.0,47720209.0,0.0,0.0,,,,,,,,,,,7CZyCXKG6d5ALeq41sLzbw
take you dancing,jason derulo,71.0,,2020,76.0,12460242.0,0.0,0.0,0.789,0.711,0.753,-4.248,112.985,190306.0,0.0332,0.041,0.0,0.0876,1PfKlI3meKa8CBfDxJiCwy
take your time,sam hunt,63.0,,2014-10-24,65.0,2473903.0,0.0,0.0,,,,,,,,,,,6DEaND0SHv3sC11xobZLiy
takeaway,the chainsmokers,68.0,,2019-07-24,80.0,21359561.0,0.0,0.0,0.528,0.511,0.351,-8.144,100.1,209880.0,0.126,0.0324,0.0,0.101,3g0mEQx3NTanacLseoP0Gw
taken,one direction,58.0,,2012-05-25,83.0,40273571.0,0.0,0.0,,,,,,,,,,,4K0M12PIWJjA4H0NAP142y
taki taki,dj snake,73.0,,2019-07-25,77.0,9277034.0,0.0,0.0,0.842,0.801,0.617,-4.167,95.881,212500.0,0.157,0.228,4.82e-06,0.0642,0KoiMHhqKLoL4xM54rcWYY
"taki taki (with selena gomez, ozuna & cardi b)",dj snake,71.0,,2018-12-18,77.0,9277034.0,0.0,0.0,0.842,0.801,0.617,-4.167,95.881,212500.0,0.157,0.228,4.82e-06,0.0642,4w8niZpiMy6qz1mntFA5uM
talk,coldplay,68.0,,2005-06-07,88.0,60818952.0,0.0,0.0,,,,,,,,,,,4wzt5Rrk3W98pHXAqutuJw
talk,hozier,54.0,,2023-07,82.0,9114093.0,0.0,0.0,0.397,0.538,0.247,-6.503,154.342,206546.0,0.179,0.0339,0.148,0.113,29bXfCo3mQVzohwPJXohaU
talk,khalid,71.0,,2019-02-07,82.0,16946293.0,0.0,0.0,,,,,,,,,,,0rTV5WefWd1J3OwIheTzxM
talk about georgia,jason aldean,46.0,,2019-11-22,74.0,7052478.0,0.0,0.0,0.434,0.889,0.527,-4.243,154.088,164786.0,0.0232,0.0649,0.0,0.0464,5ALPzPUKl3Np5BrYTFs4Pb
talk dirty,jason derulo,67.0,,2013-09-16,76.0,12460242.0,0.0,0.0,,,,,,,,,,,6g6A7qNhTfUgOSH7ROOxTD
talk talk,charli xcx,68.0,,2024-06-07,82.0,6315216.0,0.0,0.0,,,,,,,,,,,62fqMvguJbsSs9HKhhRfuS
talk that talk,rihanna,72.0,,2011-11-19,90.0,68997177.0,0.0,1.0,,,,,,,,,,,57mKcbEq7nMqtJ4gqJvWcp
talk up,drake,55.0,,2018-06-29,95.0,103067383.0,0.0,0.0,,,,,,,,,,,4ksuI04WMvUnJbHQjgs3L5
talking body,tove lo,70.0,,2014-09-24,72.0,3677060.0,0.0,0.0,0.736,0.761,0.114,-5.449,119.999,238426.0,0.0966,0.0338,0.0,0.0823,2tpfxAXiI52znho4WE3XFA
talking to myself,linkin park,60.0,,2017-05-19,88.0,31785695.0,0.0,0.0,0.593,0.712,0.473,-6.325,124.013,231306.0,0.00184,0.0286,0.0,0.128,7nAfXgeHfDO50upcOjJOaq
talking to the moon,bruno mars,82.0,,2010-05-11,90.0,75474551.0,0.0,0.0,0.498,0.59,0.0784,-4.721,145.867,217866.0,0.511,0.032,0.0,0.107,161DnLWsx1i3u1JT05lzqU
talkin’ 2 myself,eminem,55.0,,2010-06-18,88.0,104517308.0,0.0,1.0,,,,,,,,,,,66h8hB4In6t725WtAPL23J
tarot,bad bunny,78.0,,2022-05-06,95.0,102500980.0,0.0,1.0,0.795,0.684,0.419,-3.971,114.011,237894.0,0.0225,0.0419,0.0,0.658,41oY4WCTj5kccfesTVFnvN
taste,sabrina carpenter,86.0,,2024-08-23,91.0,26538275.0,0.0,0.0,,,,,,,,,,,1d7Ptw3qYcfpdLNL5REhtJ
taste,tyga,72.0,,2018-05-16,78.0,7315854.0,0.0,0.0,,,,,,,,,,,2toVe5hfuIi97ytDPDbQFt
"taste (lee know, hyunjin, felix)",stray kids,77.0,,2022-10-07,,,0.0,0.0,0.626,0.623,0.123,-5.718,140.209,216120.0,0.0559,0.0653,0.0,0.199,05ib88vsMeLfwlAfrZyz99
tattoo,ava max,0.0,,2020-09-18,77.0,7750481.0,0.0,0.0,0.64,0.637,0.793,-5.228,114.994,159459.0,0.129,0.0322,0.0,0.109,7ozoh92RhH9OIxLRLNuCZF
tattoo - uk pop mix,hunter hayes,0.0,,2014-05-06,53.0,1214595.0,0.0,0.0,0.443,0.9,0.72,-4.294,194.038,201475.0,0.0102,0.0589,1.36e-06,0.16,1KAx9cgcFiavMltMk6MeMr
tattoos together,lauv,67.0,,2020-03-06,73.0,6816695.0,0.0,0.0,0.862,0.4,0.598,-7.486,122.961,186613.0,0.00575,0.0723,7.49e-06,0.123,1Srt81FTalOhRw7t7l8Yh8
taxman,the beatles,58.0,,2017,82.0,30721676.0,0.0,0.0,0.469,0.596,0.783,-8.348,133.586,158853.0,0.0101,0.0749,0.0,0.321,4BRkPBUxOYffM2QXVlq7aC
taxman - 2022 mix,the beatles,60.0,,2017,82.0,30721676.0,0.0,0.0,0.493,0.762,0.708,-6.114,133.227,158266.0,0.00216,0.147,0.0,0.713,1NcQkuennLBhTIqms4b6ob
te felicito,shakira,69.0,,2022-04-11,85.0,39798156.0,0.0,1.0,0.695,0.636,0.575,-4.654,174.14,172235.0,0.234,0.317,0.0,0.081,2rurDawMfoKP4uHyb2kJBt
te marchaste,ozuna,60.0,,2022-10-07,,,0.0,0.0,0.738,0.67,0.475,-4.407,90.004,240026.0,0.487,0.0792,3.25e-06,0.295,5Os2tLxqWCi3FexbWdWDAm
te mudaste,bad bunny,81.0,,2020-11-27,95.0,102571645.0,0.0,1.0,0.811,0.637,0.471,-4.835,92.025,130013.0,0.234,0.0591,0.000572,0.118,5RubKOuDoPn5Kj5TLVxSxY
te pienso,ozuna,66.0,,2022-10-04,,,0.0,0.0,0.668,0.533,0.676,-7.409,163.733,147760.0,0.117,0.098,0.0,0.305,2snbAel9GoxA6i6iH0Wvw9
teacher's pet,melanie martinez,76.0,,2020-02-05,75.0,22219090.0,0.0,0.0,0.686,0.794,0.532,-6.136,140.952,241893.0,0.27,0.0385,2.25e-05,0.125,5o5akY9xnEk6lpMkD8RwD9
team,lorde,80.0,,2013-09-27,80.0,10539134.0,0.0,0.0,,,,,,,,,,,3G6hD9B2ZHOsgf4WfNu7X1
tear,bts,51.0,,2018-08-24,85.0,81181104.0,0.0,0.0,,,,,,,,,,,3smbno1dKL410vC27M5KOS
tear in my heart,twenty one pilots,74.0,,2015-05-15,83.0,25759662.0,0.0,0.0,,,,,,,,,,,3bnVBN67NBEzedqQuWrpP4
teardrop,hayley williams,1.0,,2021-01-15,,,0.0,0.0,0.708,0.567,0.578,-7.836,155.931,206000.0,0.828,0.0595,0.282,0.0969,6tX41Di5fwIaOyW2h02DmO
teardrops on my guitar - radio single remix,taylor swift,29.0,,2017-11-09,100.0,145443567.0,0.0,0.0,,,,,,,,,,,7eGeUVeCEvEQrivmjl9Qn3
tears,sabrina carpenter,92.0,,2025-08-29,91.0,26538275.0,0.0,0.0,,,,,,,,,,,42VUCXerQ5qTr4Qp6PhKo4
tears dry on their own,amy winehouse,72.0,,2006-06-30,75.0,9748123.0,0.0,0.0,0.634,0.543,0.467,-13.391,121.557,186440.0,0.525,0.181,0.0,0.232,7MDfN1ldfTMtuXXdVz2Pzc
tears in the rain,the weeknd,56.0,,2013-09-10,93.0,112957721.0,0.0,1.0,,,,,,,,,,,5oAOK7xCJD8hzp9PuxjULL
tears on my piano,charlie puth,67.0,,2022-10-07,79.0,25301942.0,0.0,0.0,0.5595000000000001,0.7295,0.8334999999999999,-5.504,192.1835,181254.5,0.237,0.09325,1.715e-05,0.1125,7mWBvNosCez1ry9f1ba197
teen x,playboi carti,57.0,,2020-12-25,86.0,15026799.0,0.0,0.0,,,,,,,,,,,5uYqmEN6TAAE8ss8YmprNV
teenage dream,katy perry,74.0,,2010-01-01,83.0,38393243.0,0.0,0.0,,,,,,,,,,,235LXPXfi0SmOaS9TaCh3c
teenage dream,olivia rodrigo,71.0,,2023-09-08,84.0,49050008.0,0.0,0.0,,,,,,,,,,,1dyfBMMklpbqRbuvjnVwap
teenage dream - kaskade club remix,katy perry,28.0,,2010-08-24,83.0,38385499.0,0.0,0.0,,,,,,,,,,,3CVi9Tc6zZgaHnkjvj7obb
teenagers,my chemical romance,81.0,,2011-07-18,78.0,10298850.0,0.0,0.0,0.4603333333333333,0.8576666666666667,0.8553333333333333,-3.063,111.67033333333335,161920.0,0.0506,0.06280000000000001,0.0,0.18400000000000002,27pyhbC00sCtwKPhlQtOGe
teeth,5 seconds of summer,66.0,,2023-04-14,75.0,10246277.0,0.0,0.0,0.756,0.448,0.431,-2.993,139.031,204887.0,0.0508,0.0404,3.87e-06,0.11,26wLOs3ZuHJa2Ihhx6QIE6
teeth,lady gaga,50.0,,2009-11-05,89.0,42275793.0,0.0,1.0,0.713,0.833,0.552,-5.198,96.012,220693.0,0.0295,0.0483,0.0,0.0868,0BkWoJ1DbYrruv8srcPkmp
telefono nuevo,bad bunny,72.0,,2023-10-13,95.0,102571645.0,0.0,1.0,,,,,,,,,,,01ppKlDRCmPpusO3yNrSRY
telekinesis,travis scott,76.0,,2023-07-28,89.0,41119579.0,0.0,1.0,,,,,,,,,,,1i9lZvlaDdWDPyXEE95aiq
telepathy,bts,70.0,,2025-07-18,,,0.0,0.0,0.787,0.669,0.57,-4.333,104.994,202313.0,0.00782,0.0428,0.0,0.123,6Fnvi5QnVkTskSzeRvvQds
telepatía,kali uchis,82.0,,2020-12-04,83.0,9475754.0,0.0,0.0,,,,,,,,,,,6tDDoYIxWvMLTdKpjFkc1B
telephone,lady gaga,78.0,,2009-01-01,89.0,42275793.0,0.0,1.0,,,,,,,,,,,1IaYWv32nFFMdljBIjMY5T
tell her you love her,echosmith,0.0,,2013-09-30,55.0,606152.0,0.0,0.0,0.636,0.556,0.175,-7.624,120.021,246653.0,0.265,0.0352,0.000324,0.105,5APQOJFtqvpRAQY9YuXz5U
tell her you love her - acoustic,echosmith,0.0,,2013-09-30,55.0,606152.0,0.0,0.0,0.465,0.195,0.235,-9.832,117.634,259786.0,0.609,0.0329,0.0,0.119,1yWaofHPkoqaQfpGKSEwaw
tell me a lie,one direction,56.0,,2012-05-25,83.0,40273571.0,0.0,0.0,,,,,,,,,,,6N5ruusDFjQPYvCka8ejwP
tell me it's a nightmare,kim petras,1.0,,2018-10-01,69.0,1192832.0,0.0,0.0,0.651,0.758,0.227,-5.791,109.983,248743.0,0.00217,0.0651,0.0,0.149,7lpMBvnGxzpmEp8f09hwjx
tell me something i don't know,selena gomez & the scene,55.0,,2009-01-01,67.0,10379778.0,0.0,0.0,,,,,,,,,,,6nhvIZeu7g6OsDCLj1DKLl
tell me why (taylor’s version),taylor swift,57.0,,2021-04-09,100.0,145489371.0,0.0,0.0,,,,,,,,,,,0k0vFacOHNuArLWMiH60p7
tell më,yeat,62.0,,2024-02-16,79.0,5976603.0,0.0,0.0,,,,,,,,,,,1ObrUCFugAMJoXcvpggbOd
tell your friends,the weeknd,66.0,,2015-08-28,94.0,112995439.0,0.0,1.0,,,,,,,,,,,1mhVXWduD8ReDwusfaHNwU
temperature,sean paul,82.0,,2005-09-27,81.0,5279150.0,0.0,0.0,0.951,0.6,0.822,-4.675,125.04,218573.0,0.106,0.0685,0.0,0.0712,0k2GOhqsrxDTAbFFSdNJjT
temperature rising,tory lanez,56.0,,2020-05-15,79.0,8268519.0,0.0,0.0,,,,,,,,,,,1FKFLWFa7fVoftc7UmYhDC
ten crack commandments - 2014 remaster,the notorious b.i.g.,64.0,,2014-05-12,75.0,12762931.0,0.0,0.0,0.612,0.85,0.781,-4.703,173.497,204026.0,0.0393,0.5,0.0,0.255,1Z7C8ClE8UEaH70jCCeJH2
tenerife sea,ed sheeran,66.0,,2014-06-21,88.0,122789460.0,0.0,0.0,,,,,,,,,,,1HbcclMpw0q2WDWpdGCKdS
tennessee orange,megan moroney,78.0,,2022-09-02,73.0,1163610.0,0.0,0.0,0.38,0.488,0.268,-6.637,156.031,223119.0,0.126,0.029,7.23e-06,0.115,29zZmiBDLykYYTj7RN6VhV
tennessee whiskey,chris stapleton,84.0,,2015-05-04,81.0,9020741.0,0.0,0.0,0.392,0.37,0.512,-10.888,48.718,293293.0,0.205,0.0298,0.0096,0.0821,3fqwjXwUGN6vbzIwvyFMhx
tennis court - flume remix,lorde,63.0,,2014-04-24,80.0,10540190.0,0.0,0.0,,,,,,,,,,,4fnBNNoBiRqDgTTk3ZQo3E
tequila,dan + shay,67.0,,2018-10-10,66.0,3203185.0,0.0,0.0,0.489,0.581,0.494,-5.731,86.016,196746.0,0.0312,0.0281,0.0,0.132,42fw0rxRO2xbesF6mJfd4Y
tequila - mushroom people remix,dan + shay;mushroom people,0.0,,2018-01-10,,,0.0,0.0,0.545,0.713,0.476,-6.944,189.985,197817.0,0.0187,0.0543,0.0,0.0775,4cDX4xSAxCH2ckaU6cJM25
territorial pissings,nirvana,59.0,,1991-09-26,81.0,23391272.0,0.0,0.0,0.285,0.979,0.108,-4.428,182.7,142946.0,0.000144,0.175,0.0,0.334,2I8X1dNALNQhyDjVI1Nwjo
territorial pissings - boombox rehearsals,nirvana,18.0,,1991-09-26,81.0,23384088.0,0.0,0.0,,,,,,,,,,,2PcGgcJ9Pp8KeDHqk3VX2S
territorial pissings - devonshire mix,nirvana,23.0,,1991-09-26,81.0,23391272.0,0.0,0.0,,,,,,,,,,,2UdgERUlcBOP42g02PeSDc
territorial pissings - live at the paramount,nirvana,23.0,,1991-09-26,81.0,23398010.0,0.0,0.0,,,,,,,,,,,0qiF6IW5g4Fld8lyN7DRTM
texas hold 'em,beyoncé,73.0,,2024-02-10,84.0,41172203.0,0.0,0.0,,,,,,,,,,,0Z7nGFVCLfixWctgePsRk9
texas tea,post malone,61.0,,2023-07-28,86.0,47722935.0,0.0,0.0,,,,,,,,,,,0cuNKdwaFrDJ4G1hYxI6aI
"thank u, next",ariana grande,81.0,,2018-11-03,90.0,107401919.0,0.0,0.0,0.717,0.653,0.412,-5.634,106.966,207320.0,0.229,0.0658,0.0,0.101,2rPE9A1vEgShuZxxzR2tZH
thank you aimee,taylor swift,65.0,,2024-04-19,100.0,145489371.0,0.0,0.0,,,,,,,,,,,7ogK4lJDVDMU6A6vYR5rvD
thank you for loving me,bon jovi,67.0,,2008,78.0,15810313.0,0.0,0.0,0.385,0.342,0.131,-7.749,132.864,308933.0,0.416,0.0285,0.0,0.119,577MNC3o3L0lNIzx9abqOk
thank you for the venom,my chemical romance,67.0,,2004-06-08,78.0,10298850.0,0.0,0.0,0.486,0.977,0.413,-3.463,103.501,221093.0,0.00237,0.0603,0.0,0.298,0BpKPyXhWsTaWkgXeOd1Sn
that way,shakira,25.0,,2014-03-21,85.0,39798156.0,0.0,1.0,,,,,,,,,,,7GMiEYPbQgEHYouceWWxQr
that way,tate mcrae,78.0,,2020-01-24,88.0,9241516.0,0.0,0.0,,,,,,,,,,,7l97ElWmIdVHWUaOeeU5ZC
that's all right,elvis presley,59.0,,2005,,,0.0,0.0,0.655,0.405,0.696,-9.825,105.272,115280.0,0.808,0.036,1.33e-06,0.116,0tHcXWIYt99GY8BONrPIfA
that's hilarious,charlie puth,72.0,,2022-10-08,79.0,25301942.0,0.0,0.0,0.7135,0.442,0.546,-5.909,108.0385,145894.0,0.7404999999999999,0.060450000000000004,0.0,0.113,0wPKDeY4fZXT6k9bzV0kx0
that's my kind of night,luke bryan,44.0,,2022-09-01,74.0,9407321.0,0.0,0.0,,,,,,,,,,,2cWjptVqIiakuWdzlM36qy
that's not me,jennifer lopez,23.0,,2001-01-23,74.0,13710072.0,0.0,1.0,,,,,,,,,,,7BY7e8RE2XPFfZ7qnB2mSb
that's the way,jennifer lopez,23.0,,2001-01-23,74.0,13710072.0,0.0,1.0,,,,,,,,,,,2DVKtgf415MQv7OOXwVec9
that's what i like,bruno mars,87.0,,2016-11-17,89.0,75455093.0,0.0,0.0,0.853,0.56,0.86,-4.961,134.066,206693.0,0.013,0.0406,0.0,0.0944,0KKkJNfGyhkQ5aFogxQAPU
that's what you get,paramore,68.0,,2007-06-12,79.0,9792848.0,0.0,0.0,0.528,0.831,0.632,-3.607,131.094,220480.0,9.43e-05,0.0429,0.0,0.141,0UY4FvG4f9JI6kBR1BlWrZ
thats what i want,lil nas x,73.0,,2021-09-17,71.0,12310527.0,0.0,0.0,0.737,0.846,0.546,-4.51,87.981,143901.0,0.00614,0.22,0.0,0.0486,0e8nrvls4Qqv5Rfa2UhqmO
that’s how you feel,drake,65.0,,2018-06-29,95.0,103094105.0,0.0,0.0,,,,,,,,,,,41a7dZcq30Ss5kPMayWRV0
that’s so true,gracie abrams,89.0,,2024-10-18,82.0,7420507.0,0.0,0.0,,,,,,,,,,,7ne4VBA60CxGM75vw0EYad
that’s when,taylor swift,59.0,,2021-04-09,100.0,145443567.0,0.0,0.0,,,,,,,,,,,7eResoqEJJAVTkQYSqvO3P
the 1,taylor swift,66.0,,2020-08-18,100.0,145542136.0,0.0,0.0,,,,,,,,,,,4pfrrhvplbJZAIsfosGWQP
the 30th,billie eilish,76.0,,2022-07-21,90.0,118728633.0,0.0,0.0,,,,,,,,,,,5SHpuW2qjkQtFRpE6P9Nks
the a team,ed sheeran,75.0,,2011-09-09,88.0,122802777.0,0.0,0.0,,,,,,,,,,,1VdZ0vKfR5jneCmWIUAMxK
the abyss,the weeknd,75.0,,2025-01-31,93.0,112918137.0,0.0,1.0,,,,,,,,,,,5ZDKPFRZC6QlJpf8bCIXTs
the albatross,taylor swift,67.0,,2024-04-19,100.0,145489371.0,0.0,0.0,,,,,,,,,,,4EF6IyONolQy0bIQXm2EmX
the alchemy,taylor swift,69.0,,2024-04-18,100.0,145443567.0,0.0,0.0,,,,,,,,,,,1dhMTsEZz6ZEquGvmzVoHn
the answer,blue october,26.0,,2000-08-15,,,0.0,0.0,0.525,0.728,0.663,-9.727,110.625,356560.0,0.00151,0.0361,0.0,0.243,2vGfSJIriK1fFJEyLHZVTd
the archer,taylor swift,74.0,,2019-08-23,100.0,145396321.0,0.0,0.0,,,,,,,,,,,3pHkh7d0lzM2AldUtz2x37
the bakery,melanie martinez,50.0,,2020-09-24,75.0,22220366.0,0.0,0.0,,,,,,,,,,,5xlntPcXIDzcpHZjpQKcU2
the ballad of john and yoko,the beatles,56.0,,1993,82.0,30721676.0,0.0,0.0,0.651,0.892,0.962,-6.551,135.309,179480.0,0.00465,0.0313,2.85e-06,0.127,1F7s27lLKshLPt9TPCgMDL
the beast,lady gaga,56.0,,2025-09-01,88.0,42237551.0,0.0,1.0,,,,,,,,,,,51opBUruRqfn4bgIuf5nwU
the best day,taylor swift,27.0,,2017-11-09,100.0,145396321.0,0.0,0.0,,,,,,,,,,,7APTsjmZbj7TFXQJAiRti4
the best day (taylor’s version),taylor swift,58.0,,2021-04-09,100.0,145542136.0,0.0,0.0,,,,,,,,,,,6ON9UuIq49xXY9GPmHIYRp
"the best hunter, tyrannosaurus",pinkfong,48.0,,2018-05-28,,,0.0,0.0,0.592,0.731,0.574,-4.719,66.197,59694.0,0.0245,0.031,1.06e-05,0.127,6DiAaMqHinjIYgwPZfcb8J
"the best part - from high school musical: the musical: the series (season 2)""""",olivia rodrigo,51.0,,2021-05-28,85.0,49083617.0,,,,,,,,,,,,,0nZkXIhuH183AKwF1LAZUy
the birds pt. 1,the weeknd,54.0,,2012-11-13,94.0,113039308.0,0.0,1.0,,,,,,,,,,,6ojrylBvc8SkXGjr02FjRX
the birds pt. 2,the weeknd,56.0,,2012-11-13,93.0,112957721.0,0.0,1.0,,,,,,,,,,,4Mnnd0fBRucoxGhtG7MccI
the black dog,taylor swift,71.0,,2024-04-19,100.0,145443567.0,0.0,0.0,,,,,,,,,,,62E2nR0od0M5HYxuYLaDz7
the blackest day,lana del rey,67.0,,2015-09-18,88.0,51821190.0,0.0,0.0,,,,,,,,,,,45pI8224KKX9Gx5fiyvEAh
the bolter,taylor swift,69.0,,2024-04-19,100.0,145396321.0,0.0,0.0,,,,,,,,,,,2913xXOVAIDAqxzV2g4VcU
the bones,maren morris,66.0,,2020-05-08,67.0,888857.0,0.0,0.0,0.612,0.57,0.334,-6.642,77.004,197293.0,0.278,0.0347,0.0,0.0963,7yFhA2fUsL2oIMWlw5DaHQ
the box,roddy ricch,81.0,,2019-12-06,74.0,11846410.0,0.0,0.0,,,,,,,,,,,0nbXyq5TXYPCO7pr3N8S4I
the boxer feat. mumford & sons and paul simon,jerry douglas;paul simon;mumford & sons,58.0,,2012-09-21,,,0.0,0.0,0.502,0.372,0.257,-10.996,98.607,245106.0,0.677,0.0313,5.61e-05,0.104,73C8vVm2BRLLBQ8FH6N6Qm
the boy is mine,ariana grande,79.0,,2024-03-08,90.0,107401919.0,0.0,0.0,,,,,,,,,,,0Lmbke3KNVFXtoH2mMSHCw
the boy's gone,jason mraz,18.0,,2003,71.0,7312594.0,0.0,0.0,0.686,0.556,0.36,-8.5,112.997,255047.0,0.532,0.0271,0.0,0.0922,5ZetMq21bMQN5oo4TtdOxu
the catalyst,linkin park,36.0,,2011-07-08,88.0,31785695.0,0.0,0.0,0.56,0.925,0.178,-5.48,135.009,339853.0,0.0372,0.0362,0.0,0.104,6mQD0vGdFrQMeTADOSIEwx
the cave,mumford & sons,62.0,,2010-07-21,73.0,6613930.0,0.0,0.0,0.592,0.499,0.346,-9.463,141.937,215626.0,0.0536,0.0375,4.52e-05,0.113,2F79HavLHwJlfvvJOkkIQD
the chain - 2004 remaster,fleetwood mac,86.0,,1977-02-04,83.0,13970025.0,0.0,0.0,,,,,,,,,,,5e9TFTbltYBg2xThimr0rU
the chills,blue october,27.0,,2011-05-31,,,0.0,0.0,0.478,0.827,0.313,-6.023,140.028,214106.0,0.00739,0.0722,8.83e-06,0.322,0plpKMaZ8QLxNQDuFRO37s
the christmas song,aloe blacc,0.0,,2015-12-11,,,0.0,0.0,0.57,0.0696,0.18200000000000002,-13.124,139.348,196853.0,0.888,0.0504,0.0,0.11,0FJbRqdbFxcrBRlRv5bdTV
the christmas song (merry christmas to you),nat king cole,1.0,,1991,,,0.0,0.0,0.3507,0.19111666666666666,0.20513333333333333,-15.2205,77.8055,191676.3,0.9275333333333333,0.03713666666666667,0.026223576666666668,0.1318666666666667,0B7DQ0n6Va9cGN1HCbzY0R
the city we call home,icona pop,0.0,,2017-12-02,66.0,778810.0,0.0,0.0,0.588,0.606,0.536,-6.46,155.067,171306.0,0.00786,0.102,7.33e-06,0.0679,2pLGsPKNR52B42vkKEC9tB
the color violet,tory lanez,84.0,,2021-12-10,79.0,8276031.0,0.0,0.0,,,,,,,,,,,3azJifCSqg9fRij2yKIbWz
the comeback song,olivia rodrigo,32.0,,2016-10-07,84.0,49050008.0,0.0,0.0,,,,,,,,,,,2WLp3CjnM7iLR7aTrNdwcX
the crow & the butterfly - acoustic; live from kansas city,shinedown,25.0,,2011-05-03,,,0.0,0.0,0.443,0.721,0.305,-5.36,149.025,276626.0,0.0165,0.0311,0.0,0.986,203V9RupC0inPRjWOkpEII
the crow & the butterfly - live from washington state,shinedown,26.0,,2011-05-03,,,0.0,0.0,0.29,0.857,0.235,-3.001,148.946,256600.0,0.00125,0.043,0.0,0.973,5XRuPxMShwVlQVS8jdCSbp
the cure,lady gaga,0.0,,2017-04-15,89.0,42275793.0,0.0,1.0,0.696,0.506,0.516,-4.863,100.003,211363.0,0.0799,0.0325,0.0,0.0893,6eAqQwedSE2wsOm8K08BHv
the day that never comes,metallica,65.0,,2009-03-26,81.0,32161423.0,0.0,0.0,0.334,0.982,0.501,-2.293,126.883,476266.0,9.11e-05,0.0619,0.149,0.106,13Uvqll8OQDjw3wDweIK9y
the days,avicii,0.0,,2014-12-19,79.0,23434221.0,0.0,0.0,0.59,0.724,0.526,-3.278,127.05,278480.0,0.04,0.0439,4.07e-05,0.142,0g2zW7vCyWkUJg5aQjOwi7
the dead dance,lady gaga,84.0,,2025-09-01,89.0,42275793.0,0.0,1.0,,,,,,,,,,,3NFs3XUduzBfvc5Bx1gmzh
the diner,billie eilish,76.0,,2024-05-17,90.0,118692183.0,0.0,0.0,,,,,,,,,,,1LLUoftvmTjVNBHZoQyveF
the door,teddy swims,86.0,,2023-09-15,83.0,5674855.0,0.0,0.0,,,,,,,,,,,3dj4wgM3cPeuLwMNHDuBon
the downeaster 'alexa',billy joel,57.0,,2010-11-16,78.0,7402824.0,0.0,0.0,0.457,0.808,0.681,-5.914,89.893,223266.0,0.11,0.0349,0.0,0.127,39cFQHfY6tsdMRmSbFse3X
"the downeaster 'alexa' - live at yankee stadium, bronx, ny - june 1990",billy joel,35.0,,2022-11-04,78.0,7402824.0,0.0,0.0,0.396,0.847,0.501,-4.808,93.607,283506.0,0.0458,0.0634,0.0,0.983,5tQ2Zd9ZZ80feVfXje7gWk
the drummer,red hot chili peppers,68.0,,2022-10-14,82.0,23218829.0,0.0,0.0,0.536,0.894,0.784,-5.687,174.899,202888.0,0.00596,0.0479,0.0168,0.118,5KnqauuLF6qyZA9RzfeKxG
the edge of glory,lady gaga,63.0,,2011-01-01,89.0,42275793.0,0.0,1.0,0.583,0.766,0.395,-6.47,127.95,320626.0,0.000348,0.0408,0.0125,0.108,0JNdS1n0ifOP25XvhwAMgM
the edge of heaven,wham!,56.0,,2023-07-28,,,0.0,0.0,0.493,0.665,0.877,-13.817,152.644,270800.0,0.117,0.0424,0.0,0.159,5AhRNIjYPBleR1lfHphcrE
the emptiness machine,linkin park,77.0,,2024-09-05,88.0,31785695.0,0.0,0.0,,,,,,,,,,,2PnlsTsOTLE5jnBnNe2K0A
the end,the beatles,58.0,,1969-09-26,82.0,30714318.0,0.0,0.0,0.647,0.487,0.222,-10.119,123.444,141613.0,0.00101,0.0689,0.285,0.138,5aHHf6jrqDRb1fcBmue2kn
the end of the world,brenda lee,50.0,,1994,,,0.0,0.0,0.327,0.223,0.31,-11.803,176.86,189653.0,0.939,0.0293,0.000197,0.121,6en4NMn5Mac3lqJKNxUdaz
the end.,my chemical romance,62.0,,2007-12-11,78.0,10298850.0,0.0,0.0,0.292,0.548,0.207,-4.977,175.053,112920.0,0.0827,0.0363,0.0,0.414,6s2yqZbiPNPL1B2IeCMsUA
the fall,cody johnson,75.0,,2024-11-01,73.0,1943383.0,0.0,0.0,,,,,,,,,,,4QpuZ1Qbcd11aOtY1kGMRg
the fall,the weeknd,45.0,,2012-11-13,93.0,112918137.0,0.0,1.0,,,,,,,,,,,71wzVT1X4S2LTvsnyrWyPt
the fame,lady gaga,45.0,,2009-11-05,89.0,42275793.0,0.0,1.0,,,,,,,,,,,1orWJSHmbn7JttLxOYr1R5
the fate of ophelia,taylor swift,100.0,,2025-10-02,100.0,145489371.0,0.0,0.0,,,,,,,,,,,1dosSsKwYF7hoQA2kuu6wI
the feeling,la roux,25.0,,2014-07-07,60.0,668219.0,0.0,0.0,0.598,0.625,0.319,-9.256,125.652,246179.0,0.026,0.0427,0.000112,0.12,57xQRVkK1BB4JePQOqL6Xh
the first noel,gabby barrett,0.0,,2020-10-23,,,0.0,0.0,0.458,0.351,0.102,-6.049,79.993,261303.0,0.696,0.0244,0.0,0.143,2afvcSsn0RqhIRbMpECV8b
the fool on the hill,the beatles,57.0,,1985,82.0,30721676.0,0.0,0.0,0.356,0.26,0.49,-10.577,144.184,179106.0,0.913,0.0314,2.1e-06,0.105,6rHh8urosEFRI67xVa6fzU
the foundations of decay,my chemical romance,70.0,,2022-05-12,78.0,10298850.0,0.0,0.0,0.363,0.67,0.198,-6.651999999999999,150.15,360760.0,0.000582,0.055200000000000006,0.548,0.317,0Re4mDIlMH1IK5Tr9QArVl
the four horsemen,metallica,60.0,,1983-07-25,81.0,32161423.0,0.0,0.0,0.224,0.938,0.327,-6.907,203.79,432546.0,0.00157,0.408,0.0765,0.106,2YTwVDQOSGclX2N3AKetOP
the fox (what does the fox say?),ylvis,64.0,,2013-09-02,47.0,180681.0,0.0,0.0,,,,,,,,,,,5HOpkTTVcmZHnthgyxrIL8
the ghost of you,my chemical romance,70.0,,2005-12-01,78.0,10298850.0,0.0,0.0,0.202,0.886,0.192,-3.805,145.781,194253.0,0.0286,0.0816,0.0,0.643,1yKAqZoi8xWGLCf5vajroL
the girl of my best friend,elvis presley,50.0,,1960-04-08,,,0.0,0.0,0.644,0.42,0.89,-14.931,132.892,142640.0,0.795,0.0349,0.0146,0.4,2NeKjEryWM5VZToeosUsUu
the giver,chappell roan,73.0,,2025-03-13,82.0,7305071.0,0.0,0.0,,,,,,,,,,,5xHgo5JN0wfsV41HnRaos5
the good ones,gabby barrett,74.0,,2019-12-20,,,0.0,0.0,0.519,0.552,0.331,-5.023000000000001,89.957,215140.0,0.18,0.0259,0.0,0.149,0TgKHlvgZEfaiALjWqyidx
the good part,ajr,67.0,,2017-06-02,,,0.0,0.0,0.287,0.473,0.577,-3.551,186.283,227266.0,0.0858,0.034,4.4e-05,0.383,0dgrFwOa0RrFzWcM0azTzx
the great escape,boys like girls,55.0,,2006-08-22,,,0.0,0.0,0.423,0.94,0.505,-4.012,149.934,206520.0,0.00166,0.0635,0.0,0.178,72XWsiLW8q2g8Lv0a010ha
the great war,taylor swift,65.0,,2022-10-22,100.0,145443567.0,0.0,0.0,,,,,,,,,,,3UMrglJeju5yWyYIW6o99b
the greatest,billie eilish,81.0,,2024-05-17,90.0,118692183.0,0.0,0.0,,,,,,,,,,,6TGd66r0nlPaYm3KIoI7ET
the greatest,sia,65.0,,2016-10-21,82.0,30541347.0,0.0,0.0,,,,,,,,,,,7xHWNBFm6ObGEQPaUxHuKO
the grudge,olivia rodrigo,75.0,,2023-09-08,84.0,49050008.0,0.0,0.0,,,,,,,,,,,3Nl5OkkmS5DaBZvuYofpAt
the happiest christmas tree,nat king cole,0.0,,2003,,,0.0,0.0,0.49399999999999994,0.644,0.866,-11.781,206.13000000000002,105346.0,0.704,0.905,0.0,0.781,3TxT6HozPL7b4ZBfEVs60L
the harvest,tyler childers,44.0,,2011-10-11,,,0.0,0.0,0.588,0.163,0.559,-13.481,73.303,184520.0,0.936,0.0341,0.0,0.115,6rGkeKNrpmTOHNsgiKU429
the heart of life,john mayer,63.0,,2008-05-29,,,0.0,0.0,0.495,0.238,0.357,-11.026,175.958,198200.0,0.958,0.03,0.0118,0.0875,78DwRIo6Vj6wqteyerGetr
the heart wants what it wants,selena gomez,72.0,,2014-01-01,81.0,53263844.0,0.0,0.0,,,,,,,,,,,6wJwkMo278iWVlWl1XQ4WA
the hills,the weeknd,86.0,,2015-08-28,94.0,113039308.0,0.0,1.0,0.575,0.5575,0.131,-7.035,112.9915,242266.5,0.0758,0.0601,0.0,0.137,25khomWgBVamSdKw7hzm3l
the hook up,britney spears,44.0,,2003-11-13,80.0,17755451.0,0.0,0.0,,,,,,,,,,,4rl0xZYeGwqV43wh8qhQXX
the hype,twenty one pilots,0.0,,2019-12-08,83.0,25759662.0,0.0,0.0,0.53,0.816,0.371,-6.149,87.019,265373.0,0.0105,0.0503,0.000613,0.379,7pBZjE2CwQEASbtd6gnDQv
the interlude that never ends,xxxtentacion,50.0,,2019-12-06,,,0.0,0.0,0.597,0.232,0.094,-9.411,78.912,148759.0,0.831,0.0332,0.0,0.0723,6Q0KBExmZVG7KVoFA8CRag
the joker and the queen,ed sheeran,61.0,,2021-10-29,88.0,122773292.0,0.0,0.0,0.567,0.211,0.289,-9.975,134.019,185586.0,0.952,0.0315,5.24e-05,0.275,66tlNiBE1g0a2IJgAkCIId
the kids aren't alright,fall out boy,60.0,,2014-12-24,77.0,11415609.0,0.0,0.0,0.615,0.763,0.333,-4.189,115.991,260920.0,0.000246,0.0322,0.141,0.298,3x7NGlfDKQYN2wnwEnL7r9
the kind of love we make,luke combs,82.0,,2022-06-16,83.0,13400486.0,0.0,0.0,0.608,0.745,0.464,-4.13,102.025,224426.0,0.0226,0.0277,6.47e-06,0.0942,28n8z9IQKyjMPxmvYMBqZa
the kiss - skit,eminem,49.0,,2002-05-26,88.0,104517308.0,0.0,1.0,,,,,,,,,,,2J3CYFUn6eAuHz5S9IKape
the knowing,the weeknd,50.0,,2012-11-13,94.0,112995439.0,0.0,1.0,,,,,,,,,,,4FuSnjXKARcUOwiPnEnh1p
the lakes - bonus track,taylor swift,65.0,,2020-08-18,100.0,145443567.0,0.0,0.0,,,,,,,,,,,0eFQWVz0qIxDOvhLpZ40P7
the lakes - the long pond studio sessions,taylor swift,51.0,,2020-11-25,100.0,145443567.0,0.0,0.0,,,,,,,,,,,6mqyTq948oap5AkyTsd6XF
the last dj,tom petty and the heartbreakers,0.0,,2002-10-08,,,0.0,0.0,0.597,0.76,0.496,-3.94,131.767,227986.0,0.0135,0.029,9.02e-06,0.407,2Oe8rQW8EwvIO8DKTZNduS
the last great american dynasty,taylor swift,64.0,,2020-08-18,100.0,145396321.0,0.0,0.0,,,,,,,,,,,2olxzvoFI9IpxqFeUv7WOX
the last of the real ones,fall out boy,62.0,,2017-09-14,77.0,11415609.0,0.0,0.0,0.5774999999999999,0.872,0.558,-5.2935,115.0425,230400.0,0.005965,0.045700000000000005,0.0,0.19,1f6xYh2HSx8ttCjl4Pckep
the last time,taylor swift,48.0,,2012-10-22,100.0,145542136.0,0.0,0.0,,,,,,,,,,,2Tz4JnXZOcjcp8fWfMjBBk
"the launch - from treasure planet""/score""",james newton howard,33.0,,2002-01-01,62.0,412759.0,0.0,0.0,,,,,,,,,,,6kYvTlnmv3jPY4vTk4QkqO
the lazy song,bruno mars,73.0,,2010-05-11,90.0,75474551.0,0.0,0.0,,,,,,,,,,,1ExfPZEiahqhLyajhybFeS
the life,hinder,49.0,,2010-12-07,61.0,2078962.0,0.0,0.0,0.396,0.72,0.289,-3.854,152.125,217186.0,0.000835,0.0311,0.0,0.24,1xLJ3vYuidvAGFZAHMKgl9
the life,kenny chesney,0.0,,2008-10-14,69.0,4887584.0,0.0,0.0,0.797,0.53,0.721,-8.876,101.953,266813.0,0.575,0.025,0.000203,0.107,0dZlCvNl7rcMxdjm3VZqND
the life of a showgirl,taylor swift,93.0,,2025-10-03,100.0,145489371.0,0.0,0.0,,,,,,,,,,,5eXgqtg3T8Av0m1FUaGHex
the light behind your eyes,my chemical romance,60.0,,2012-12-18,78.0,10298850.0,0.0,0.0,0.407,0.459,0.113,-4.837,75.016,312760.0,0.0455,0.0263,2.98e-05,0.111,3HyDpKAuR3e4l6QB7hSB2l
the lighthouse keeper,sam smith,1.0,,2020-11-20,81.0,26275803.0,0.0,0.0,0.394,0.17,0.315,-10.368,130.721,247493.0,0.889,0.0451,0.0,0.105,0Lo0FVFHLDrhBoA22WVVG6
the little things give you away,linkin park,43.0,,2007-12-05,88.0,31785695.0,0.0,0.0,0.559,0.485,0.11,-7.298,140.017,383506.5,0.0508,0.0282,0.0001125,0.0545,6R1yUVtY4dPrGFOD7Eghrl
the london,young thug,70.0,,2019-08-16,84.0,12418681.0,0.0,0.0,,,,,,,,,,,3s4mrPrEFFPF0LmAfutW0n
the lonely,christina perri,0.0,,2011-01-01,71.0,4308239.0,0.0,0.0,0.236,0.269,0.0681,-9.61,81.254,233480.0,0.573,0.0299,0.000274,0.101,1wC1QmgIXk53Dv9VDKkrCw
the long and winding road,the beatles,64.0,,1988,82.0,30721676.0,0.0,0.0,0.299,0.329,0.392,-10.096,132.282,218186.0,0.756,0.0279,0.0105,0.0559,3mlMpmY8oZIBFc39D9zLbh
the longest time,billy joel,68.0,,1993,78.0,7402824.0,0.0,0.0,0.637,0.333,0.588,-9.603,84.347,217906.0,0.181,0.0262,0.0,0.147,5DH7nDryMhpixm4G4B7RP9
the lucky one,taylor swift,44.0,,2012-10-22,100.0,145443567.0,0.0,0.0,,,,,,,,,,,24ksPWXKg1k7OOG57pufED
the man,ed sheeran,49.0,,2014-06-21,88.0,122789460.0,0.0,0.0,,,,,,,,,,,1gHF0I223J5pv06SuBcmkz
the man,taylor swift,75.0,,2019-08-23,100.0,145489371.0,0.0,0.0,,,,,,,,,,,3RauEVgRgj1IuWdJ9fDs70
the man i want to be,chris young,56.0,,2009-09-01,65.0,2918228.0,0.0,0.0,,,,,,,,,,,5zMRkxgFscsPItPsMy4ItS
the man who can't be moved,the script,75.0,,2008-07-14,74.0,8810761.0,0.0,0.0,0.605,0.629,0.308,-5.051,99.894,241373.0,0.437,0.0279,0.0,0.097,3nqqDo8CcCLke3ZoTgiOKf
the man who sold the world,nirvana,76.0,,2000,81.0,23384088.0,0.0,0.0,0.483,0.753,0.42,-8.937,115.102,261093.0,0.425,0.0832,0.000142,0.257,15VRO9CQwMpbqUYA7e6Hwg
the man who sold the world - live version,nirvana,62.0,,2000,81.0,23384088.0,0.0,0.0,0.476,0.706,0.368,-7.839,114.858,227466.0,0.379,0.0289,0.000242,0.877,1XnPVbzLhuBv0sHaCTgyoi
the man with all the toys - 1991 remix,the beach boys,0.0,,1964-10,,,0.0,0.0,0.708,0.491,0.657,-8.596,138.347,91186.0,0.442,0.0365,9.88e-06,0.0624,45skzwZt6b2YX5ap828goG
the man with all the toys - mono version,the beach boys,0.0,,1964-10,,,0.0,0.0,0.748,0.378,0.433,-10.803,138.4,95147.0,0.379,0.0524,0.0,0.0781,6PjE8V6NzXRAJq1PvxQOVQ
the man with the child in his eyes,kate bush,0.0,,2003,70.0,2516750.0,0.0,0.0,0.3,0.21,0.18,-13.589,86.038,160626.0,0.964,0.031,0.00323,0.124,5eQ65mobue34pbrlcx8IuU
the manuscript,taylor swift,66.0,,2024-04-19,100.0,145489371.0,0.0,0.0,,,,,,,,,,,1DTRUYVd8rYpla9hhVVwjo
the middle,zedd,77.0,,2018-01-23,73.0,6111369.0,0.0,0.0,0.753,0.657,0.437,-3.061,107.01,184732.0,0.171,0.0449,0.0,0.112,09IStsImFySgyp0pIQdqAc
the moment i knew,taylor swift,44.0,,2012-10-22,100.0,145396321.0,0.0,0.0,,,,,,,,,,,4qTAwKJQ68gmnrnfPD3vlO
the monster,eminem,81.0,,2013-11-05,88.0,104517308.0,0.0,1.0,,,,,,,,,,,48RrDBpOSSl1aLVCalGl5C
the morning,the weeknd,76.0,,2011-03-21,94.0,112995439.0,0.0,1.0,,,,,,,,,,,1FFShrKUIq1JiOLiZbg2JC
the most wonderful time of the year,idina menzel,0.0,,2019-10-18,68.0,570812.0,0.0,0.0,0.545,0.578,0.586,-7.48,92.014,184426.0,0.604,0.0368,0.0,0.281,36K83NSa1c470M7wLV7kyR
the motto,drake,73.0,,2011-11-15,95.0,103039388.0,0.0,0.0,,,,,,,,,,,4Kz4RdRCceaA9VgTqBhBfa
the next best american record,lana del rey,58.0,,2019-08-30,88.0,51773650.0,0.0,0.0,,,,,,,,,,,7vRfxLcDDwgYW2WTrtEgUV
the next episode,dr. dre,79.0,,2000,78.0,15085473.0,0.0,1.0,0.922,0.909,0.309,-2.429,95.295,161506.0,0.0281,0.27,0.0,0.0856,4LwU4Vp6od3Sb08CsP99GC
the night before,the beatles,54.0,,1994,82.0,30721676.0,0.0,0.0,0.461,0.762,0.632,-6.727,84.496,154933.0,0.0537,0.0379,0.0,0.238,5xcfepnz1v7a83T8An9gjw
the night is still young,nicki minaj,71.0,,2014-12-12,84.0,34295707.0,0.0,0.0,,,,,,,,,,,6cIV1mZX0yyDozyZtyGJru
the nights,avicii,83.0,,2014-09-23,79.0,23434221.0,0.0,0.0,0.5278571428571429,0.8247142857142856,0.6814285714285715,-5.2945714285714285,125.99071428571429,177857.14285714287,0.019685714285714286,0.04107142857142857,0.0,0.22157142857142856,0ct6r3EGTcMLPtrXHDvVjc
the one,the chainsmokers,54.0,,2022,80.0,21357977.0,0.0,0.0,0.76,0.303,0.15,-11.362,99.991,177573.0,0.238,0.0284,8.09e-06,0.294,0wfbD5rAksdXUzRvMfM3x5
the one that got away,katy perry,73.0,,2010-01-01,83.0,38400585.0,0.0,0.0,0.691,0.795,0.876,-4.021,133.971,227333.0,0.000812,0.0355,1.02e-06,0.156,2k3MdyqMHmfZubFg3pmtby
the one that got away - acoustic,katy perry,62.0,,2012-03-12,83.0,38400585.0,0.0,0.0,,,,,,,,,,,5jx8tCxiO0uIbo2uNia23K
the one thing,shakira,21.0,,2014-03-21,85.0,39777995.0,0.0,1.0,,,,,,,,,,,2vEuxSbxYtQFKcjN04UVKJ
the only exception,paramore,81.0,,2009-09-25,79.0,9797201.0,0.0,0.0,0.452,0.563,0.209,-6.607,137.715,267653.0,0.144,0.0272,0.0,0.143,2bK6Z4eleadgkBcw4X7cZy
"the only exception - live at red rocks amphitheatre, morrison, co, 8/12/2014",paramore,39.0,,2013-04-09,79.0,9792848.0,0.0,0.0,,,,,,,,,,,14UFeUG8RCx1XwSuGF9Tcs
the other side,jason derulo,62.0,,2013-09-16,76.0,12460874.0,0.0,0.0,,,,,,,,,,,4ot2lykiAQeZC1GAnNQNJ4
the other side (from trolls world tour),sza,58.0,,2020-02-26,87.0,33029522.0,0.0,0.0,,,,,,,,,,,463PQggkmk5tTw8ug0ahOX
the other side of paradise,glass animals,72.0,,2016-08-26,73.0,4568462.0,0.0,0.0,0.689,0.338,0.568,-7.634,128.012,320654.0,0.349,0.0629,5.7e-05,0.0649,0rRjGruFonCGOt0S5zAJNQ
the other side of the door (taylor’s version),taylor swift,60.0,,2021-04-09,100.0,145396321.0,0.0,0.0,,,,,,,,,,,1cSFlSBdpT4F5vb1frQ231
the other woman,lana del rey,75.0,,2014-01-01,88.0,51798111.0,0.0,0.0,,,,,,,,,,,1KuVEZR4xuQVNr1KkanAV4
the party & the after party,the weeknd,77.0,,2011-03-21,94.0,112995439.0,0.0,1.0,,,,,,,,,,,0GROiXm03OrMC5ltXLhGIu
the penguin dance,pinkfong,53.0,,2017-07-27,,,0.0,0.0,0.947,0.959,0.867,-3.158,130.019,109453.0,0.205,0.322,0.0,0.0414,4UUMA9msejPgKPn2vHFI0G
the perfect pair,beabadoobee,82.0,,2022-07-15,78.0,6522709.0,0.0,0.0,0.634,0.663,0.6,-6.818,146.053,177533.0,0.433,0.0331,0.124,0.102,41P6Tnd8KIHqON0QIydx6a
the phoenix,fall out boy,70.0,,2013-04-12,77.0,11415609.0,0.0,0.0,0.562,0.964,0.41,-2.991,138.063,244960.0,0.000539,0.072,1.57e-06,0.579,7jwDuO7UZvWs77KNj9HbvF
the plan,travis scott,42.0,,2020-09-02,89.0,41131037.0,,,,,,,,,,,,,3zKxgW0eUAw1v4m7eZcrns
the pool,stephen sanchez,60.0,,2021-10-15,71.0,1873452.0,0.0,0.0,0.438,0.527,0.403,-7.414,93.992,291826.0,0.899,0.0263,0.000419,0.131,66h3xcrTooMC9AxV8g0Y75
the prayer,kid cudi,0.0,,2009,79.0,7688970.0,0.0,0.0,0.735,0.76,0.687,-6.572,140.068,219093.0,0.366,0.114,1.52e-05,0.606,0UGoctruuLwFBXHjXpDpcd
the prophecy,taylor swift,74.0,,2024-04-19,100.0,145396321.0,0.0,0.0,,,,,,,,,,,18WFFUIsewmA8g31KAeo3e
the real slim shady,eminem,84.0,,2008,88.0,104559284.0,0.0,1.0,0.949,0.661,0.76,-4.244,104.504,284200.0,0.0302,0.0572,0.0,0.0454,3yfqSUWxFvZELEM4PmlwIR
the remedy (i won't worry),jason mraz,60.0,,2009-11-10,71.0,7312594.0,0.0,0.0,0.589,0.867,0.795,-4.523,94.52,256440.0,0.041,0.0385,0.0,0.306,4tK4ARuilOrBzwVQK73E0Y
the remedy for a broken heart (why am i so in love),xxxtentacion,79.0,,2019-09-06,,,0.0,0.0,0.699,0.304,0.271,-11.192,119.705,160184.0,0.779,0.0993,0.000993,0.137,2nLXZbiP2QzdV7YdmXPJSS
the remedy for a broken heart (why am i so in love) - instrumental,xxxtentacion,44.0,,2019-09-06,,,0.0,0.0,0.909,0.237,0.079,-11.229,119.828,113506.0,0.721,0.0833,0.023,0.211,7vUZEGiBy9oZ2LxRnIEbs8
the river of dreams,billy joel,65.0,,1994,78.0,7402824.0,0.0,0.0,0.631,0.749,0.437,-8.15,89.646,247626.0,0.205,0.0576,5.21e-06,0.0667,30qVCFYKBtAENjTIBA8FPZ
"the rose song - from high school musical: the musical: the series (season 2)""""",olivia rodrigo,57.0,,2021-06-18,84.0,49050008.0,,,,,,,,,,,,,3qxzozdGFaBxQ0X4HkrMr0
the scientist,coldplay,88.0,,2002-08-27,88.0,60804949.0,0.0,0.0,0.557,0.442,0.213,-7.224,146.277,309600.0,0.731,0.0243,1.46e-05,0.11,5DMirbBpNmJdTU9rGH2VW4
the search,nf,74.0,,2019-05-30,,,0.0,0.0,0.789,0.786,0.39,-4.788,119.957,248040.0,0.596,0.297,0.0,0.0997,2OKo7g3KfmCt3kyLvUAL0g
the sharpest lives,my chemical romance,66.0,,2007-04-02,78.0,10298850.0,0.0,0.0,0.513,0.937,0.543,-3.427,155.015,200880.0,0.000111,0.0532,0.000102,0.083,2kMjk14RmYyYhhSbipoa9U
the show goes on,lupe fiasco,71.0,,2011-03-04,66.0,1984424.0,0.0,0.0,,,,,,,,,,,4NTWZqvfQTlOMitlVn6tew
the smallest man who ever lived,taylor swift,71.0,,2024-04-19,100.0,145443567.0,0.0,0.0,,,,,,,,,,,1xtw1krCR6Dw2KwkXw5z63
the story never ends,lauv,65.0,,2018-02-14,73.0,6816695.0,0.0,0.0,0.614,0.126,0.351,-9.403,119.945,229029.0,0.911,0.0376,0.0,0.148,3u5bTqHMM1P34ZkbwzdckV
the story of the paper boy,powfu,45.0,,2018-12-12,66.0,1474124.0,0.0,0.0,0.83,0.457,0.203,-11.382,100.024,196800.0,0.662,0.0998,3.53e-05,0.291,4gHT8xMLhkESyOZhQ1zNIO
the story of us,taylor swift,29.0,,2017-11-09,100.0,145443567.0,0.0,0.0,,,,,,,,,,,2fF3QzbGCrtrDXIdWcg1mv
the subway,chappell roan,87.0,,2025-08-01,82.0,7310428.0,0.0,0.0,,,,,,,,,,,2SsY5k7UWFqgye3PUMG3Oq
the sweet escape,gwen stefani,76.0,,2006-01-01,73.0,7067574.0,0.0,0.0,,,,,,,,,,,66ZcOcouenzZEnzTJvoFmH
the time (dirty bit),black eyed peas,72.0,,2010-01-01,81.0,9553224.0,0.0,0.0,,,,,,,,,,,7vWFaMq63AwkFDhS2OAg5u
the tortured poets department,taylor swift,70.0,,2024-04-19,100.0,145443567.0,0.0,0.0,,,,,,,,,,,4PdLaGZubp4lghChqp8erB
the truth untold,bts,59.0,,2018-05-18,85.0,81189603.0,0.0,0.0,0.571,0.422,0.169,-7.561,113.016,242292.0,0.374,0.0422,0.0,0.127,4eP8Syl3aBEQw3Jy5Bhq0D
the unforgiven,metallica,74.0,,2016-02-06,81.0,32161423.0,0.0,0.0,0.54,0.584,0.244,-9.579,139.261,386493.0,0.0108,0.0254,0.00296,0.253,4aYLAF6ckQ5ooGGGM7sWAa
the unforgiven ii,metallica,66.0,,1998,81.0,32161423.0,0.0,0.0,0.497,0.89,0.249,-4.559,133.047,396440.0,0.00055,0.0445,0.00129,0.255,6nswV1Lz3OZkaiCJfmVUOa
the unforgiven iii,metallica,60.0,,2008-09-12,81.0,32161423.0,0.0,0.0,0.297,0.692,0.103,-5.625,121.52,466586.0,0.00196,0.0344,3.75e-06,0.115,0qbV4e18lWrTTxlswVoLbI
the way,ariana grande,71.0,,2013-01-01,90.0,107374593.0,0.0,0.0,,,,,,,,,,,06EL94D0TA27Ik0Ke5usbj
the way i am,charlie puth,0.0,,2018-05-11,79.0,25301942.0,0.0,0.0,0.755,0.77,0.642,-5.658,114.965,186080.0,0.312,0.187,2.34e-06,0.0628,6BJ98GYC2njuEOqg1y3ss3
the way i are,timbaland,84.0,,2007-01-01,79.0,3469963.0,0.0,0.0,,,,,,,,,,,2bLqfJjuC5syrsgDsZfGmn
the way i loved you (taylor’s version),taylor swift,76.0,,2021-04-09,100.0,145396321.0,0.0,0.0,,,,,,,,,,,22bPsP2jCgbLUvh82U0Z3M
the way that i love you - single version,passenger,56.0,,2020-11-13,67.0,3758140.0,0.0,0.0,0.508,0.323,0.472,-13.239,120.861,159761.0,0.714,0.0347,1.93e-05,0.118,7DZ8n63a46dU6iUyN9OeRl
the way you make me feel - 2012 remaster,michael jackson,77.0,,1987-08-31,84.0,37431031.0,0.0,0.0,,,,,,,,,,,0sKlV58cODrjxGFOyf9IXY
the weekend,brantley gilbert,40.0,,2017-01-27,63.0,3029394.0,0.0,0.0,,,,,,,,,,,2sSgZkaAOIfkzNDhndiLvZ
the weekend - funk wav remix,sza,69.0,,2017-12-15,87.0,33068979.0,0.0,0.0,,,,,,,,,,,0P6AWOA4LG1XOctzaVu5tt
the woman i love,jason mraz,48.0,,2012-02-28,71.0,7312594.0,0.0,0.0,0.591,0.647,0.678,-8.34,79.68,190751.0,0.067,0.0277,6.57e-05,0.231,6Vn8lTVMjILXQCjZUXS8n4
the wonder of you,elvis presley,64.0,,1970-04-20,,,0.0,0.0,0.448,0.691,0.633,-6.957,88.836,153200.0,0.286,0.0286,0.00111,0.945,0LfJkvPNCNEMLpZJgDQiV1
the woo,pop smoke,69.0,,2020-07-03,75.0,15612601.0,0.0,0.0,,,,,,,,,,,1H7KnK26kc1YyellpbINEn
the world is ugly,my chemical romance,60.0,,2012-12-18,78.0,10298850.0,0.0,0.0,0.447,0.781,0.102,-4.801,96.004,294680.0,0.0047,0.0314,3.4e-05,0.0976,6VtcgrVYo2xfygcWAfRpd1
the zephyr song,red hot chili peppers,76.0,,2002-07-09,82.0,23223067.0,0.0,0.0,0.725,0.803,0.403,-4.083,117.391,231933.0,0.013,0.0337,3.66e-05,0.0891,1ndGB6rvxKYN9seCYO1dTF
the zone,the weeknd,53.0,,2012-11-13,93.0,112957721.0,0.0,1.0,,,,,,,,,,,6HrLsSVEk6C1X2EKmOEBxA
thelma + louise,bastille,1.0,,2021-08-18,72.0,5647181.0,0.0,0.0,0.766,0.83,0.756,-3.335,121.948,137476.0,0.0146,0.1,0.0,0.035,0wepMSfRNcIxazhOsL6w0x
then,brad paisley,59.0,,2009-06-30,64.0,2898444.0,0.0,0.0,,,,,,,,,,,3XKbdb9GB6u3hsnUklQTav
therapy session,justin bieber,58.0,,2025-07-11,91.0,85022258.0,0.0,0.0,,,,,,,,,,,7tZlvvEpX3FEFoYsOI55FB
there for you,martin garrix,63.0,,2017-08-18,74.0,15121577.0,0.0,0.0,0.611,0.644,0.13,-7.607,105.969,221904.0,0.124,0.0553,0.0,0.124,6jA8HL9i4QGzsj6fjoxp8Y
there it go (the whistle song),juelz santana,61.0,,2006-04-07,,,0.0,0.0,0.942,0.892,0.595,-6.363,100.007,180493.0,0.023,0.196,0.000897,0.264,50UkypyQJbSQLaXHke5Yep
there will be blood,kim petras,6.0,,2019-10-01,70.0,1192996.0,0.0,0.0,0.563,0.879,0.602,-4.735,107.01299999999999,197651.0,0.00125,0.0907,1.76e-05,0.166,0VxtVyUZs8b96yP9NmftiA
there's nothing holdin' me back,shawn mendes,86.0,,2017-04-20,81.0,45706269.0,0.0,0.0,0.866,0.8116666666666666,0.969,-4.063,121.996,199440.0,0.37666666666666665,0.05533333333333334,0.0,0.07796666666666667,2NHF4FRoRRCn6dk1IDhbZN
therefore i am,billie eilish,72.0,,2020-11-12,90.0,118728633.0,0.0,0.0,0.8856666666666667,0.34833333333333333,0.6983333333333333,-7.775666666666666,94.01133333333333,174060.33333333334,0.221,0.07726666666666666,0.13166666666666668,0.056100000000000004,0OZYXc58HooMgBNWyp6cuO
there’s a first time for everything,charlie puth,67.0,,2022-10-07,79.0,25301942.0,0.0,0.0,0.551,0.737,0.611,-5.573,197.997,136769.0,0.466,0.103,2.74e-06,0.21,0I3FXz5RssOlMNI0FmPAkc
they don't know - radio edit,disciples,57.0,,2015,,,0.0,0.0,0.801,0.79,0.874,-4.436,120.006,161726.0,0.0135,0.0467,0.586,0.0522,3ddsRCIG5TcpytqsfTOnX1
they wanna fuck,kim petras,57.0,,2022-02-11,69.0,1192832.0,0.0,0.0,,,,,,,,,,,27mMvmKRyrsz7i2cfTMgSQ
things you do,justin bieber,70.0,,2025-07-11,91.0,85022258.0,0.0,0.0,,,,,,,,,,,1j8TmNa6vaFAEAws43kP0Q
think of christmas,anne-marie,1.0,,2020-11-06,75.0,12848260.0,0.0,0.0,0.546,0.829,0.76,-5.557,90.062,170306.0,0.221,0.0769,0.0,0.139,0ooaQGSWjhcuhsDQHrnL7t
think of you,chris young,61.0,,2015-11-13,65.0,2918467.0,0.0,0.0,,,,,,,,,,,6W9W8dSswA8KNegvl3W97V
thinkin bout you,frank ocean,78.0,,2012-10-05,83.0,20280852.0,0.0,0.0,0.721,0.339,0.2,-11.195,129.83,200746.0,0.409,0.0532,0.00153,0.0973,7DfFc7a6Rwfi3YQMRbDMau
thinking 'bout you,dua lipa,49.0,,2017-06-02,85.0,46891061.0,0.0,0.0,,,,,,,,,,,0gtSPYz0OHoF7k09Auq1uC
thinking about you,calvin harris,68.0,,2012-10-29,84.0,23078931.0,0.0,0.0,0.725,0.874,0.748,-3.715,127.985,247933.0,0.00262,0.0396,0.000412,0.0958,1KtD0xaLAikgIt5tPbteZQ
thinking bout you,ariana grande,60.0,,2016-04-01,90.0,107389514.0,0.0,0.0,,,,,,,,,,,1UujO43qVZnWObydH4MLT5
thinking out loud,ed sheeran,84.0,,2014-06-21,88.0,122802777.0,0.0,0.0,,,,,,,,,,,34gCuhDGsG4bRPIf9bb02f
thique,beyoncé,60.0,,2022-07-29,84.0,41180800.0,0.0,0.0,,,,,,,,,,,1LCm0lFnEsxR2oPqyHLGX9
this afternoon,nickelback,60.0,,2010-08-31,78.0,7846032.0,0.0,0.0,0.507,0.875,0.647,-7.697,160.079,273493.0,0.00257,0.0389,0.0,0.346,1RG8MABX0VciDk6WYb8pBv
this ain't a love song,bon jovi,64.0,,2017,78.0,15810313.0,0.0,0.0,0.348,0.635,0.144,-6.836,87.974,306240.0,0.0932,0.0386,0.0,0.126,0ZLBD6hHGN9LYOtNlu2n8e
"this ain't a scene, it's an arms race",fall out boy,70.0,,2013-08-07,77.0,11415609.0,0.0,0.0,0.435,0.887,0.408,-4.07,199.935,212040.0,0.000747,0.0636,0.0,0.0327,1oagRT7LfpVlNJN6FSZDGp
this boy,the beatles,52.0,,1991,82.0,30721676.0,0.0,0.0,0.66,0.337,0.703,-11.524,110.173,136080.0,0.213,0.0286,1.57e-05,0.142,0oQshbv1BFLZ61b1tQ4Eqg
this christmas,hunter hayes,0.0,,2018-11-23,53.0,1214595.0,0.0,0.0,0.438,0.649,0.745,-10.139,178.114,171910.0,0.17899999999999996,0.068,1.4600000000000002e-06,0.0676,05nVzquNFrojXKRkyuZrPV
this could be us,rae sremmurd,77.0,,2015-01-06,69.0,7767429.0,0.0,0.0,,,,,,,,,,,4jTiyLlOJVJj3mCr7yfPQD
this forever,kodak black,1.0,,2018-12-14,79.0,12474509.0,0.0,0.0,0.753,0.701,0.517,-5.249,161.657,161115.0,0.00291,0.405,7.77e-06,0.151,5ONoPS5pUghXhLhqaKsFal
this i love,guns n' roses,68.0,,2011-12-08,80.0,35196831.0,0.0,0.0,0.263,0.442,0.133,-8.279,92.179,334373.0,0.603,0.0309,2.99e-06,0.106,2FEWcWHnDmGD6WSqpW4VYu
this is america,childish gambino,66.0,,2018-05-06,78.0,14561716.0,0.0,0.0,,,,,,,,,,,0b9oOr2ZgvyQu88wzixux9
this is how i disappear,my chemical romance,64.0,,2007-04-02,78.0,10298850.0,0.0,0.0,0.242,0.983,0.301,-2.679,163.366,239053.0,5.08e-05,0.106,4.43e-05,0.303,0rUNZQuYQvOz6A6zwyT6tM
this is how we do,katy perry,56.0,,2013-10-18,83.0,38385499.0,0.0,0.0,,,,,,,,,,,5vL0yvddknhGj7IrBc6UTj
this is how we roll,florida georgia line,69.0,,2013-01-01,70.0,5589145.0,0.0,0.0,,,,,,,,,,,2TR7A4ulH9R1PNwMyd8o8U
this is love,will.i.am,59.0,,2013-01-01,73.0,4427316.0,0.0,0.0,,,,,,,,,,,7IohFKIwrb75c4XaqX7WWo
this is me trying,taylor swift,75.0,,2020-07-24,100.0,145396321.0,0.0,0.0,,,,,,,,,,,7cm50Lw03k6VvRauJtkyTj
this is what falling in love feels like,jvke,73.0,,2021-09-03,,,0.0,0.0,0.422,0.44,0.332,-5.53,128.934,120308.0,0.617,0.0544,0.0,0.0837,2PWTZV5znjLtZC5T1EVJvL
this is what falling out of love feels like,jvke,40.0,,2022-09-23,,,0.0,0.0,0.323,0.807,0.366,-5.031,173.874,141163.0,0.649,0.251,0.00568,0.638,5zEsgJyUE3Fg84mtxwf1et
this is what heartbreak feels like,jvke,67.0,,2022-09-23,,,0.0,0.0,0.707,0.474,0.538,-4.603,109.991,157636.0,0.578,0.0672,0.0,0.11,4RxdAzEmkPXTiIU6ULLoXh
this is what makes us girls,lana del rey,58.0,,2012-01-01,88.0,51847587.0,0.0,0.0,,,,,,,,,,,1Lw2xRuW5fcieRPfoskgog
this is what sadness feels like,jvke,62.0,,2022-09-23,,,0.0,0.0,0.483,0.321,0.148,-10.401,141.28,191830.0,0.82,0.0719,0.000107,0.128,5GpYt1p4z2EPVKv5t7XDof
this is what you came for,calvin harris,78.0,,2017,84.0,23079295.0,0.0,1.0,0.631,0.927,0.465,-2.787,123.962,222160.0,0.199,0.0332,0.119,0.148,0azC730Exh71aQlOt9Zj3y
this is why,paramore,80.0,,2022-09-28,79.0,9792848.0,0.0,0.0,0.723,0.737,0.689,-7.566,123.039,207652.0,0.00435,0.0386,0.00261,0.116,7HdXRMw14roDx2a0COWk3M
this is why we can't have nice things,taylor swift,67.0,,2017-11-10,100.0,145489371.0,0.0,0.0,,,,,,,,,,,07NxDD1iKCHbAldceD7QLP
this love,maroon 5,61.0,,2002-06-25,85.0,45764832.0,0.0,1.0,,,,,,,,,,,6YgV0EF8xJMZz0Zm6BTaT4
this love,taylor swift,54.0,,2014-01-01,100.0,145443567.0,0.0,0.0,,,,,,,,,,,1kTPQnabROVkW9bUXdCGrB
this love (taylor’s version),taylor swift,69.0,,2023-10-26,100.0,145443567.0,0.0,0.0,,,,,,,,,,,5QVVjX0ZItqlVpEuVCM9Yg
this moment,katy perry,39.0,,2013-10-18,83.0,38385499.0,0.0,0.0,,,,,,,,,,,0NfwNHAyi4s9HVes4JkaXA
this one's for you,david guetta,67.0,,2016-05-13,87.0,27139342.0,0.0,0.0,0.367,0.915,0.365,-3.456,110.169,207272.0,0.0022,0.0488,5.81e-05,0.0905,46NBoIAHrmR7qcUGCIFEjR
this town,niall horan,77.0,,2016-12-02,70.0,10238134.0,0.0,0.0,0.677,0.401,0.195,-8.467,111.825,232852.0,0.712,0.0308,0.0,0.116,0qvzXomUDJVaUboy2wMfiS
thnks fr th mmrs,fall out boy,78.0,,2008-01-01,77.0,11415609.0,0.0,0.0,0.4585,0.894,0.595,-5.0315,154.8355,204133.0,0.0050550000000000005,0.06485,0.0,0.1045,3Zwu2K0Qa5sT6teCCHPShP
those days,nickelback,23.0,,2024-11-15,78.0,7846032.0,0.0,0.0,0.504,0.918,0.674,-5.475,165.911,219043.0,0.00228,0.0462,0.0,0.147,0MrEZmX29lJCJHMeTnxRBx
thousand miles,miley cyrus,57.0,,2023-08-18,81.0,26558356.0,0.0,0.0,,,,,,,,,,,3DoSolxGSDoV7G7MtcIPiZ
thousand miles,the kid laroi,64.0,,2022-04-22,79.0,6593079.0,0.0,0.0,0.376,0.657,0.203,-4.658,80.565,164781.0,0.0858,0.0768,0.0,0.0884,1r8ZCjfrQxoy2wVaBUbpwg
thousand miles,tove lo,50.0,,2014-09-24,72.0,3676957.0,0.0,0.0,0.585,0.813,0.422,-5.206,175.932,214626.0,0.167,0.173,2.34e-06,0.1,32UKoTb2CIuM9YeqYnWcvk
three little birds,bob marley & the wailers,78.0,,1980,,,0.0,0.0,0.826,0.49,0.627,-10.477,74.126,180266.0,0.00916,0.0676,4.41e-06,0.0415,75FYqcxt1YEAtqDLrOeIJn
thrift shop,macklemore & ryan lewis,77.0,,2012-10-09,69.0,2671075.0,0.0,0.0,,,,,,,,,,,4YMqbFcDIFiCBd02PzUBcM
thriller,michael jackson,77.0,,1993,85.0,37446069.0,0.0,0.0,0.764,0.887,0.72,-3.726,118.427,358053.0,0.0816,0.0744,0.00011,0.847,3S2R0EVwBSAVMd5UMgKTL0
through east,katelyn brown,75.0,13000.0,2025-01-26,,,0.0,0.0,0.3,0.08,,-33.54,96.71,174152.0,,,0.456,,TRK-DDAF86E3E14C
thru your phone,cardi b,71.0,,2018-04-06,81.0,25957976.0,0.0,0.0,,,,,,,,,,,74cVJfmK18rhWnscIpGXjt
thuggish ruggish bone,bone thugs-n-harmony,70.0,,1994-06-21,64.0,3304029.0,0.0,0.0,,,,,,,,,,,7qHAjAL7CpadaZLamuBZRm
thunder,boys like girls,57.0,,2006-08-22,,,0.0,0.0,0.508,0.821,0.463,-5.279,75.057,236680.0,0.223,0.0395,0.0,0.316,3TMvKeEMDeZNzeFeU8kJCx
thunder,imagine dragons,84.0,,2017,85.0,58375520.0,0.0,0.0,0.6014999999999999,0.82375,0.25125,-4.7665,167.969,187146.0,0.00841625,0.04695,0.168125,0.154,0Dm4JS6pIFChNqk7ScUbHe
thunder y lightning,bad bunny,70.0,,2023-10-13,95.0,102500980.0,0.0,1.0,,,,,,,,,,,4pcafPzLDSqQktqSpxHL3E
thunderclouds,sia,67.0,,2019-04-12,82.0,30545962.0,0.0,0.0,,,,,,,,,,,4lJNen4SMTIJMahALc3DcB
thunderous,stray kids,76.0,,2021-08-23,,,0.0,0.0,0.601,0.786,0.79,-3.706,172.156,183266.0,0.213,0.234,0.0,0.209,0nwTMzpatarzvLvtwwzdCt
thunderstruck,ac/dc,85.0,,1990-09-24,80.0,32304988.0,0.0,0.0,0.502,0.89,0.259,-5.175,133.52,292880.0,0.000147,0.0364,0.0117,0.217,57bgtoPSgt236HzfBOd8kj
thursday,the weeknd,48.0,,2012-11-13,94.0,112995439.0,0.0,1.0,,,,,,,,,,,7Kd39JsnLyJLEXNeWUi3T9
tiburones de halloween,pinkfong,24.0,,2020-07-24,,,0.0,0.0,0.604,0.638,0.635,-3.551,138.699,99016.0,0.502,0.292,0.0,0.163,1FySpw7J03qy2hcm4WIgAb
tiburones zombi de halloween,pinkfong,20.0,,2022-10-07,,,0.0,0.0,0.639,0.498,0.573,-8.206,98.031,114541.0,0.857,0.0529,0.0,0.0697,7cc31Uz5vC9ErZqd4dz8KR
tiburón bebé pirate,pinkfong,23.0,,2022-10-07,,,0.0,0.0,0.789,0.833,0.937,-1.533,115.015,91530.0,0.752,0.0929,0.0,0.0329,7xR0jelBPdxj1oCGNYMkvq
tiburón bebé truco o trato,pinkfong,21.0,,2020-11-13,,,0.0,0.0,0.916,0.854,0.965,-2.38,115.131,81228.0,0.524,0.0849,0.0,0.0703,47e8GwCyF3yDKeI168IOCI
tick tock,clean bandit,63.0,,2020,74.0,5975530.0,0.0,0.0,0.779,0.705,0.946,-3.895,101.022,178373.0,0.369,0.0344,7.91e-06,0.124,27u7t9d7ZQoyjsCROHuZJ3
ticket to ride,the beatles,65.0,,1984,82.0,30721676.0,0.0,0.0,0.5365,0.877,0.775,-6.548,123.431,189900.0,0.05474999999999999,0.060700000000000004,0.0,0.246,7CZiDzGVjUssMSOXrDNYHL
tied together with a smile,taylor swift,24.0,,2017-11-09,100.0,145443567.0,0.0,0.0,,,,,,,,,,,4qNEi8zGIYLiMtoW8OaJdx
tik tok,kesha,84.0,,2010-01-01,78.0,9160918.0,0.0,0.0,,,,,,,,,,,0HPD5WQqrq7wPWR7P7Dw1i
til the right one comes,john mayer,61.0,,2022-02-20,,,0.0,0.0,0.807,0.563,0.925,-8.996,112.985,219226.0,0.242,0.0287,0.00322,0.0488,4f0xBbWvKWmuB17yebh24a
til there was you,christina perri,49.0,,2019-01-17,71.0,4307803.0,0.0,0.0,,,,,,,,,,,7fmVIBMLYiXRtTFOlxv90i
til there was you (sing-a-long),christina perri,36.0,,2019-01-17,71.0,4308713.0,0.0,0.0,,,,,,,,,,,4MfUR0Jx3uOdnqodR2JLGF
till dawn (here comes the sun),the weeknd,55.0,,2012-11-13,94.0,113039308.0,0.0,1.0,,,,,,,,,,,0kXHpsg9SmpRqsQ4wQvQsK
till i collapse,eminem,83.0,,2011,88.0,104517308.0,0.0,1.0,0.548,0.847,0.1,-3.237,171.447,297786.0,0.0622,0.186,0.0,0.0816,4xkOaSrkexMciUUogZKVTS
till the world ends,britney spears,65.0,,2011-03-28,81.0,17766757.0,0.0,0.0,,,,,,,,,,,38iU2jg98IZZEIJPrP7aWD
till there was you,the beatles,61.0,,2011,82.0,30721676.0,0.0,0.0,0.727,0.338,0.646,-13.887,122.421,133506.0,0.79,0.0454,0.0,0.105,0ESIjVxnDnCDaTPo6sStHm
timber,pitbull,82.0,,2012-06-30,84.0,11936949.0,0.0,0.0,,,,,,,,,,,3cHyrEgdyYRjgJKSOiOtcS
time after time - live at abbey road studios,sam smith,1.0,,2021-03-19,81.0,26275803.0,0.0,0.0,0.595,0.459,0.272,-9.413,129.661,232128.0,0.571,0.0461,0.000165,0.10100000000000002,0DMgXXS27oK9z8clKWU0Ok
time bomb,the chainsmokers,62.0,,2022-06-08,80.0,21360805.0,0.0,0.0,0.842,0.681,0.872,-5.73,109.97,203061.0,0.232,0.0361,2.32e-05,0.125,5d8a5B6RlYnquvR4X4OIrX
time of our lives,pitbull,84.0,,2014-11-24,84.0,11939612.0,0.0,0.0,,,,,,,,,,,2bJvI42r8EF3wxjOuDav4r
timeless,the weeknd,19.0,,2024-09-27,94.0,112995439.0,0.0,1.0,,,,,,,,,,,1Es7AUAhQvapIcoh3qMKDL
timeless (feat playboi carti),the weeknd,90.0,,2025-01-31,93.0,112918137.0,0.0,1.0,,,,,,,,,,,0FIDCNYYjNvPVimz5icugS
tiny dancer,elton john,78.0,,2008-10-28,80.0,15542286.0,0.0,0.0,0.414,0.428,0.282,-11.097,145.075,377093.0,0.382,0.0278,0.000243,0.148,2TVxnKdb3tqe1nhQWwwZCO
tippa my tongue,red hot chili peppers,68.0,,2022-08-19,82.0,23218829.0,0.0,0.0,0.5729999999999998,0.913,0.795,-6.5200000000000005,88.418,260808.0,0.00861,0.0409,0.0273,0.114,3FkFxMaunvWoOXr7oEM9Qj
tired,beabadoobee,73.0,,2018-12-07,,,0.0,0.0,0.63,0.418,0.345,-7.111,140.037,199514.0,0.483,0.0254,0.15,0.111,6F5mZpEEjhsAW8UEqbIpz1
tit for tat,tate mcrae,91.0,,2025-09-26,88.0,9256589.0,0.0,0.0,,,,,,,,,,,04a44cx2PJthIbN2aLMXhl
titanium,david guetta,71.0,,2011-08-24,87.0,27139342.0,0.0,0.0,,,,,,,,,,,0lHAMNU8RGiIObScrsRgmP
tití me preguntó,bad bunny,83.0,,2023-12-29,95.0,102536542.0,0.0,1.0,0.65,0.715,0.187,-5.198,106.672,243716.0,0.0993,0.253,0.000291,0.126,1IHWl5LamUGEuP4ozKQSXZ
to be free,sam smith,61.0,,2025-07-24,81.0,26278854.0,0.0,0.0,,,,,,,,,,,47mNWUCgJoXqVWb3UZytVa
to be loved,adele,64.0,,2021-11-19,83.0,66751662.0,0.0,0.0,0.356,0.176,0.289,-8.291,170.425,403961.0,0.843,0.0391,0.0,0.231,10ImcQk9tihY1EKMDIbvXJ
to be loved by you,parker mccollum,43.0,,2021-01-01,,,0.0,0.0,0.475,0.805,0.488,-4.456,145.976,199680.0,0.000453,0.0377,0.0,0.143,6WuG5vCUiW5c4GTWIb9AI2
to be so lonely,harry styles,63.0,,2019-12-13,80.0,34130771.0,0.0,0.0,,,,,,,,,,,5JiH89mHrv9oWHlD0T326z
"to the spaceport - from treasure planet""/score""",james newton howard,35.0,,2002-01-01,62.0,412983.0,0.0,0.0,,,,,,,,,,,0do7XjC62nDUC2HKE6XKR1
today was a fairytale (taylor’s version),taylor swift,59.0,,2021-04-09,100.0,145489371.0,0.0,0.0,,,,,,,,,,,2JoJrsEV15OzbijS47lids
todo de ti,rauw alejandro,82.0,,2021-09-17,88.0,31093918.0,0.0,0.0,0.78,0.7184999999999999,0.339,-3.609,127.9555,199604.0,0.306,0.0506,0.0001795,0.09315000000000001,3rdAz1fbUfZxYgaCviYhRo
together,marshmello,49.0,,2018-06-22,80.0,34476607.0,0.0,0.0,0.567,0.703,0.309,-2.08,142.019,246760.0,0.00114,0.0311,0.921,0.101,6kwH41LJ6hfxlGn2c4oh6Y
tolerate it,taylor swift,69.0,,2020-12-11,100.0,145489371.0,0.0,0.0,,,,,,,,,,,0PurA4JVJ8YQgSVopY8fn6
tomorrow,chris young,62.0,,2011-07-12,65.0,2918228.0,0.0,0.0,,,,,,,,,,,1qjl8UJtWTHrk4SFpwftSN
tomorrow never knows,the beatles,55.0,,1966-08-05,82.0,30721676.0,0.0,0.0,0.38,0.829,0.0534,-6.105,125.887,179546.0,8.4e-05,0.0405,0.00208,0.342,00oZhqZIQfL9P5CjOP6JsO
tomorrow never knows - take 1,the beatles,62.0,,1993,82.0,30721676.0,0.0,0.0,0.423,0.819,0.144,-8.122,116.49,212880.0,0.0381,0.0931,0.878,0.676,0u2WxM0Jw062o0XyNv1RDT
toneladas,shakira,43.0,,2017-05-26,85.0,39788275.0,0.0,1.0,,,,,,,,,,,5VD3oQilL00HfIEW6ICSQq
tonight (i'm fuckin' you),enrique iglesias,47.0,,2010-01-01,77.0,11935198.0,0.0,0.0,,,,,,,,,,,3rDFqo8yv93PtTmdOYOPzX
tonight tonight,hot chelle rae,67.0,,2011-12-22,51.0,558316.0,0.0,0.0,0.686,0.783,0.814,-4.977,99.978,200466.0,0.0764,0.119,0.0,0.163,2i0AUcEnsDm3dsqLrFWUCq
tonight you belong to me,christina perri,45.0,,2019-01-17,71.0,4307803.0,0.0,0.0,,,,,,,,,,,3mPn97K8T07095yVSpYr6d
tonight you belong to me (sing-a-long),christina perri,35.0,,2019-01-17,71.0,4308713.0,0.0,0.0,,,,,,,,,,,1f9HYCR1ead1mNn5WsnMEn
"tonight, not again",jason mraz,18.0,,2004-08-24,71.0,7312594.0,0.0,0.0,0.595,0.805,0.359,-7.926,102.44,289041.0,0.0167,0.0543,1.06e-05,0.0691,14vExHBkh1prEAN94wZug8
"tonight, not again - live",jason mraz,19.0,,2004-08-24,71.0,7312594.0,0.0,0.0,0.56,0.278,0.594,-12.501,102.187,264280.0,0.733,0.0921,0.0,0.112,1BECZPXBXzobsfmlzj0g3I
too bad,nickelback,60.0,,2002-10-29,78.0,7846032.0,0.0,0.0,0.598,0.808,0.288,-5.209,128.025,232240.0,0.00304,0.0388,0.0,0.147,2cCWbBmadLbKvr9xddC79R
too close,alex clare,59.0,,2011-06-30,51.0,502300.0,0.0,0.0,,,,,,,,,,,4sK96UnGx3NjBaqvfTG2dm
too good,drake,73.0,,2016-05-06,95.0,103094105.0,0.0,0.0,,,,,,,,,,,3BtuIIrQlkujKPuWF2B85z
too good at goodbyes,sam smith,82.0,,2017-09-08,81.0,26278854.0,0.0,0.0,0.681,0.372,0.476,-8.237,91.873,201000.0,0.64,0.0432,0.0,0.169,1mXVgsBdtIVeCLJnSnmtdV
too good at goodbyes - live from the royal albert hall,sam smith,30.0,,2023-04-12,81.0,26275803.0,0.0,0.0,,,,,,,,,,,6zbFdd9rFfZjWrvj4tiJa3
too good to say goodbye,bruno mars,74.0,,2016-11-17,89.0,75455093.0,0.0,0.0,,,,,,,,,,,0B0tYbVp7pDQAqKDhgMeaL
too long,justin bieber,65.0,,2025-07-11,91.0,85008100.0,0.0,0.0,,,,,,,,,,,422PeUrBywndaCCxL6bDBj
too many nights,metro boomin,83.0,,2022-12-02,84.0,11683338.0,0.0,0.0,,,,,,,,,,,2Hh3ETdQKrmSI3QS0hme7g
too much,the kid laroi,63.0,,2023-10-19,79.0,6596750.0,0.0,0.0,,,,,,,,,,,0rKWJnmo6Q0ovoPOLoLm0t
too much blood,the rolling stones,0.0,,1983,77.0,15714574.0,0.0,0.0,0.592,0.909,0.479,-5.887,116.433,374240.0,0.0149,0.051,0.177,0.0571,0llVmVvhhn5vS5OdiYhq8C
too much food,jason mraz,20.0,,2004-08-24,71.0,7312594.0,0.0,0.0,0.626,0.926,0.548,-4.441,99.997,221425.0,0.0265,0.0477,0.0,0.159,3ixLIO5BsTmic0Pp27FaPY
too much to ask,niall horan,64.0,,2017-10-20,70.0,10237757.0,0.0,0.0,,,,,,,,,,,39jXnbACjiaiTwwhsr5sY5
too sweet,hozier,81.0,,2024-03-22,82.0,9114093.0,0.0,0.0,,,,,,,,,,,19XpFsce28aByvCC4g89tJ
too young,post malone,61.0,,2016-12-09,85.0,47716988.0,0.0,0.0,,,,,,,,,,,4SYUUlkScpNR1QvPscXf8t
took my love,pitbull,36.0,,2011-06-17,84.0,11933906.0,0.0,0.0,,,,,,,,,,,2yazRoolWXk58jAmKgxcDd
toosie slide,drake,69.0,,2020-04-03,95.0,103094105.0,0.0,0.0,,,,,,,,,,,127QTOFJsJQp5LbJbu3A1y
top,playboi carti,58.0,,2018-05-11,86.0,15031490.0,0.0,0.0,,,,,,,,,,,7HsvTUJcXRQVK6QuALkAvW
tora tora tora,max,21.0,,1996-02-21,,,0.0,0.0,0.588,0.979,0.923,-5.44,150.167,223933.0,0.00151,0.0336,0.0146,0.0729,3dfyuF6ieekxpLW0di9Cfy
touch it,ariana grande,63.0,,2016-04-01,90.0,107389514.0,0.0,0.0,,,,,,,,,,,6WikCGNUbXFmXoLre7vjeW
touch it,busta rhymes,60.0,,2006,70.0,3165404.0,0.0,0.0,0.658,0.551,0.442,-6.62,138.335,214960.0,0.0043,0.37,0.000108,0.197,3HVJbdz0V402U5YggQK4Ao
touch of my hand,britney spears,45.0,,2003-11-13,81.0,17766757.0,0.0,0.0,,,,,,,,,,,1mRyi7vfCdLyQW4AeQKlnD
touch too much,ac/dc,63.0,,1987,,,0.0,0.0,0.524,0.906,0.605,-4.301,123.1,266266.0,0.037,0.0963,3.64e-05,0.309,2j0zExWFB0PowLOeoZosjK
tough,quavo,70.0,,2024-07-03,76.0,8079123.0,0.0,0.0,,,,,,,,,,,22DH8NChecsgPxDjA4pqer
toxic,britney spears,85.0,,2003-11-13,81.0,17773300.0,0.0,0.0,,,,,,,,,,,6I9VzXrHxO9rA9A5euc8Ak
toxic,kehlani,66.0,,2020-05-08,78.0,8661889.0,0.0,0.0,,,,,,,,,,,5nexAvWNhwg51EavnDgViy
toxic (with skepta),playboi carti,79.0,,2025-03-14,86.0,15026799.0,0.0,0.0,,,,,,,,,,,4evMMKc2HD6fV9slMfgkMx
toxic till the end,rosé,79.0,,2024-12-06,78.0,13313690.0,0.0,0.0,,,,,,,,,,,1z5ebC9238uGoBgzYyvGpQ
tqg,karol g,80.0,,2023-02-24,87.0,60358474.0,0.0,0.0,,,,,,,,,,,0DWdj2oZMBFSzRsi2Cvfzf
train food,xxxtentacion,58.0,,2018-12-06,,,0.0,0.0,0.492,0.712,0.23,-7.278,137.453,164082.0,0.564,0.691,9.1e-05,0.357,5lar0mCUejpILVkAz50s2J
train wreck,james arthur,79.0,,2016-10-28,79.0,20852039.0,0.0,0.0,,,,,,,,,,,55Am8neGJkdj2ADaM3aw5H
training season,dua lipa,79.0,,2024-02-15,85.0,46891061.0,0.0,0.0,,,,,,,,,,,5b5cPscqVEMChvDqscVw26
training wheels,melanie martinez,67.0,,2015-08-14,75.0,22220366.0,0.0,0.0,0.571,0.481,0.0807,-7.179,113.753,205680.0,0.697,0.0444,0.0,0.089,3EGW6TGGbdk6Ys1Y3HU3lj
traitor,olivia rodrigo,86.0,,2022-04-07,85.0,49083617.0,0.0,0.0,0.38,0.339,0.0849,-7.885,100.607,229226.0,0.691,0.0338,0.0,0.12,5CZ40GBx1sQ9agT82CLQCT
trampoline (with zayn),shaed,32.0,,2019-05,52.0,196043.0,0.0,0.0,0.619,0.459,0.498,-5.782,126.803,184280.0,0.56,0.0334,0.0,0.137,1iQDltZqI7BXnHrFy4Qo1k
trance (with travis scott & young thug),metro boomin,82.0,,2022-12-02,84.0,11683338.0,0.0,0.0,,,,,,,,,,,5wG3HvLhF6Y5KTGlK0IW3J
trap,shakira,53.0,,2017-05-26,85.0,39788275.0,0.0,1.0,,,,,,,,,,,7GncL3nyKUjsEm8Z5gvTpW
trap queen,fetty wap,77.0,,2015-09-25,70.0,5124204.0,0.0,0.0,0.746,0.873,0.817,-3.803,148.075,222093.0,0.0244,0.128,0.0,0.354,0TzxcB6dK46vgXZT2P8qeR
treacherous,taylor swift,46.0,,2012-10-22,100.0,145489371.0,0.0,0.0,,,,,,,,,,,0r3U7SOcoj4DIEyN44Lt5z
treacherous (taylor's version),taylor swift,64.0,,2021-11-12,100.0,145396321.0,0.0,0.0,,,,,,,,,,,3S7HNKPakdwNEBFIVTL6dZ
treacherous - original demo recording,taylor swift,40.0,,2012-10-22,100.0,145443567.0,0.0,0.0,,,,,,,,,,,7BT9K9BDqq6HI2oWH5UMZQ
treasure,bruno mars,80.0,,2012-12-07,90.0,75474551.0,0.0,0.0,,,,,,,,,,,55h7vJchibLdUkxdlX3fK7
treasure - cash cash radio mix,bruno mars,2.0,,2013-11-08,89.0,75455093.0,0.0,0.0,0.664,0.944,0.745,-2.027,121.936,208278.0,0.101,0.0995,0.0,0.766,3eCnsTxwGCSiADS26T5ES7
treat people with kindness,harry styles,60.0,,2019-12-13,80.0,34130771.0,0.0,0.0,,,,,,,,,,,03mMSLEJCPoGJwQhHpN5y0
treat you better,shawn mendes,85.0,,2016,81.0,45706269.0,0.0,0.0,0.44325000000000003,0.81975,0.765,-4.08775,82.6965,187973.0,0.10675,0.34025000000000005,0.0,0.107,3AFfyUXTfj12PgrOkZiiJo
tried to tell ya,brantley gilbert,46.0,,2017-01-27,63.0,3029394.0,0.0,0.0,,,,,,,,,,,2rtaCqqM8hotwXKThsbKWb
trip,ella mai,73.0,,2018-10-12,69.0,6192505.0,0.0,0.0,,,,,,,,,,,6CTWathupIiDs7U4InHnDA
trippy mane (ft. project pat),diplo,0.0,,2025-10-31,77.0,2812821.0,0.0,0.0,,,,,,,,,,,3EJS5LyekDim1Tf5rBFmZl
triumph,xxxtentacion,63.0,,2019-12-06,,,0.0,0.0,0.446,0.407,0.141,-3.056,81.041,166032.0,0.718,0.031,0.0,0.0732,3arQDLbkZnujJVfhoyEDlM
trivia 承 : love,bts,57.0,,2018-08-24,85.0,81189603.0,0.0,0.0,0.761,0.761,0.484,-5.721,121.971,225697.0,0.242,0.0899,0.0,0.103,6bSwpQYEguyMlkCoWiBt3Y
trivia 起 : just dance,bts,60.0,,2018-08-24,85.0,81181104.0,0.0,0.0,0.723,0.906,0.393,-4.777,125.023,225220.0,0.0929,0.281,0.0,0.0771,4YDHRtzm0OGuieCTVQjVuk
trivia 轉 : seesaw,bts,64.0,,2022-06-10,85.0,81197976.0,0.0,0.0,0.707,0.791,0.674,-4.483,106.985,246334.0,0.179,0.035,0.0,0.102,0mZI1NpihIVcho2f9MmqSW
trouble,coldplay,75.0,,2000-07-10,88.0,60830643.0,0.0,0.0,,,,,,,,,,,0R8P9KfGJCDULmlEoBagcO
trouble,elvis presley,62.0,,2010-10-19,,,0.0,0.0,0.42,0.371,0.882,-10.952,85.539,136546.0,0.873,0.315,0.0,0.294,7JO9xpBP2uwgMMINJkc43y
trouble / guitar man - live from the '68 comeback special,elvis presley,58.0,,1990,,,0.0,0.0,0.435,0.828,0.743,-8.764,116.141,206373.0,0.31,0.101,4.07e-05,0.667,5blcqgpsuKhm0WQwMsmywj
trouble with you,riley green,42.0,,2018-01,75.0,1372158.0,0.0,0.0,0.764,0.646,0.434,-6.919,96.041,168673.0,0.254,0.0403,0.0,0.113,7KFDQGhs0YtDCjmoayP48I
troublemaker,olly murs,74.0,,2012-11-26,62.0,3186182.0,0.0,0.0,,,,,,,,,,,6s8nHXTJVqFjXE4yVZPDHR
true colors,the weeknd,60.0,,2016-11-25,93.0,112918137.0,0.0,1.0,,,,,,,,,,,1oGdVdYjeQvojGKDddxLQQ
true disaster,tove lo,54.0,,2016-10-28,72.0,3676957.0,0.0,0.0,0.608,0.759,0.336,-6.096,96.959,204194.0,0.0528,0.0441,3.41e-06,0.103,6s7PleW93OfE3YnujL9yxw
true love,coldplay,57.0,,2014-05-16,88.0,60804949.0,0.0,0.0,,,,,,,,,,,0fQuzbQNLcD1ofo7B2NcFI
true love,kanye west,71.0,,2022-05-27,89.0,31052119.0,0.0,0.0,,,,,,,,,,,06JvOZ39sK8D8SqiqfaxDU
true love,p!nk,66.0,,2012-09-18,78.0,18205037.0,0.0,0.0,,,,,,,,,,,1QNqrsNQ1JVLEwncov3lEY
true romance,tove lo,61.0,,2022-06-21,72.0,3676957.0,0.0,0.0,0.4425,0.3165,0.0843,-7.743,105.01650000000001,245843.0,0.49,0.03125,1.185e-05,0.111,5cozKcTbz5DUdHHfgNdGOb
true story,ariana grande,66.0,,2024-03-08,90.0,107401919.0,0.0,0.0,,,,,,,,,,,14kyXBpg91RVq8bNRDS1q2
trumpets,jason derulo,66.0,,2013-09-16,76.0,12460242.0,0.0,0.0,,,,,,,,,,,5KONnBIQ9LqCxyeSPin26k
trust in you,lauren daigle,66.0,,2015-04-14,67.0,3134316.0,0.0,0.0,0.413,0.636,0.203,-5.651,176.048,211600.0,0.0186,0.0407,0.0,0.106,50f6Sc85lbQgEaOfQm41Zr
trust nobody,dj snake,49.0,,2020-06-24,,,0.0,0.0,0.45,0.912,0.328,-2.659,150.026,211200.0,0.00774,0.0485,8.48e-05,0.574,08bDGEzsYd9ebCc7p23X4j
truth hurts,lizzo,70.0,,2019-04-18,68.0,5739313.0,0.0,0.0,0.715,0.622,0.407,-3.046,158.088,173325.0,0.11,0.111,0.0,0.123,3HWzoMvoF3TQfYg4UPszDq
try,p!nk,81.0,,2012-09-18,78.0,18203604.0,0.0,0.0,,,,,,,,,,,1jF7IL57ayN4Ity3jQqGu0
tryin' to love me,jason aldean,58.0,,2014-10-07,75.0,7053393.0,0.0,0.0,,,,,,,,,,,4n2bcosyUN2mMAqovwqKRP
trying not to love you,nickelback,60.0,,2011-11-21,78.0,7846032.0,0.0,0.0,0.473,0.924,0.41,-4.297,160.017,251880.0,0.0132,0.0446,0.0,0.184,4Dq75eGDLZGM9EGP0XHbo2
trying to get to you - second 'sit-down' show - live,elvis presley,53.0,,1998,,,0.0,0.0,0.25,0.641,0.676,-10.52,92.833,177893.0,0.844,0.0516,0.266,0.958,7KCH88irjIT54TsDbP23GP
tu sancho,fuerza regida,87.0,,2025-05-02,89.0,19797218.0,0.0,0.0,,,,,,,,,,,6eLQXa6uk2EW8drsiKbABZ
tu veneno,j balvin,4.0,,2021-03-19,86.0,39113380.0,0.0,1.0,0.664,0.659,0.797,-4.232,175.826,157320.0,0.0625,0.0873,0.00024,0.0874,1oF3cqTJws6BixRDsyz0HU
tumbling dice,the rolling stones,64.0,,1991,77.0,15714574.0,0.0,0.0,0.615,0.91,0.77,-4.248,111.013,226333.0,0.5,0.0347,0.511,0.281,4hq0S6wznq7SHDyMOFXL9i
tumblr girls,g-eazy,56.0,,2014-07-21,74.0,6294820.0,0.0,0.0,,,,,,,,,,,3uAgHKnp9NtuWCRdnpI5U5
tunnel vision,kodak black,74.0,,2017-03-31,79.0,12474509.0,0.0,0.0,0.497,0.489,0.231,-7.724,171.853,268186.0,0.0576,0.294,9.91e-05,0.122,3F9SGJzTCkqIS3d99iz0p7
turn down for what,dj snake,70.0,,2014-08-29,77.0,9277034.0,0.0,1.0,0.818,0.799,0.0815,-4.1,100.014,213733.0,0.00107,0.156,0.128,0.057,67awxiNHNyjMXhVgsHuIrs
turn me on,david guetta,64.0,,2011-08-24,87.0,27141717.0,0.0,0.0,,,,,,,,,,,6JOlNkT0QdHeZB0wPbI9IR
turn the page,metallica,64.0,,1998-11-16,81.0,32161423.0,0.0,0.0,0.426,0.813,0.228,-3.963,149.013,366466.0,1.94e-05,0.0318,0.022,0.0937,1aXFBWnnPFRKUN7vuIA5h0
turning tables,adele,67.0,,2015,83.0,66720643.0,0.0,0.0,0.353,0.446,0.211,-6.044,155.476,250000.0,0.95,0.0285,1.35e-05,0.132,2eF2x1BkgilhaZ2AipRY8j
tusa,karol g,73.0,,2019-11-07,87.0,60395783.0,0.0,0.0,0.801,0.708,0.5905,-3.276,101.0155,201440.0,0.302,0.29,0.0001038,0.054400000000000004,0dKg2vGC1hFqcK5LGTaKzX
tusk - 2018 remaster,fleetwood mac,1.0,,1997-08-19,83.0,13966197.0,0.0,0.0,0.611,0.786,0.917,-11.856,180.773,218866.0,0.227,0.0841,0.836,0.168,0zkArhVIqihmqoj00hM56j
tutu,6ix9ine,52.0,,2020-09-04,,,0.0,0.0,0.833,0.778,0.55,-5.455,120.011,164000.0,0.0608,0.0575,0.0,0.12,6qnqHO6zpVCrPQiHDiKUc6
tv,billie eilish,83.0,,2022-07-21,90.0,118797451.0,0.0,0.0,0.412,0.236,0.119,-15.159,140.214,281380.0,0.83,0.0379,0.00653,0.147,2fLY3sJdbXHDj7FaQHNqKg
twenty eight,the weeknd,60.0,,2012-11-13,93.0,112957721.0,0.0,1.0,,,,,,,,,,,3dQEShIMs5TW8H3eUh11r7
twilight zone,ariana grande,73.0,,2025-03-27,90.0,107389514.0,0.0,0.0,,,,,,,,,,,1UrwJzlNC2oaTlxj1OZmcu
twist and shout,the beatles,75.0,,2010,82.0,30721676.0,0.0,0.0,0.482,0.849,0.937,-9.198,124.631,155226.0,0.641,0.0452,7.74e-06,0.0414,5ZBeML7Lf3FMEVviTyvi8l
two of us,the beatles,58.0,,1989,82.0,30721676.0,0.0,0.0,0.726,0.702,0.931,-10.757,109.114,216813.0,0.0974,0.032,3.46e-05,0.239,0CaBBQsaAiRHhiLmzi7ZRp
two people,gracie abrams,57.0,,2023-06-16,82.0,7430490.0,0.0,0.0,,,,,,,,,,,6LPi5m37Sv2N7N3ZdzH51T
tyler herro,jack harlow,74.0,,2020-10-22,75.0,4349241.0,0.0,0.0,0.792,0.793,0.775,-6.185,123.031,156578.0,0.0872,0.0841,0.0,0.22,3w1WjD2zJqjBjDz5fwqQPJ
type shit,future,80.0,,2024-03-22,88.0,22675640.0,0.0,0.0,,,,,,,,,,,28drn6tQo95MRvO0jQEo5C
u are my high,dj snake,71.0,,2022-05-16,,,0.0,0.0,0.503,0.783,0.213,-4.761,125.122,180480.0,0.0221,0.0385,0.00223,0.14,3S7A85bAWOd6ltk6r2ANOI
u don't have to tell me,artemas,65.0,,2025-08-29,74.0,1377042.0,0.0,0.0,,,,,,,,,,,6U5AgSYUubKMrMDEazfSsF
u with me?,drake,65.0,,2016-05-06,95.0,103039388.0,0.0,0.0,,,,,,,,,,,03L2AoiRbWhvt7BDMx1jUB
ugh!,bts,69.0,,2020-02-21,,,0.0,0.0,0.72,0.824,0.333,-5.086,165.996,225012.0,0.0394,0.128,0.0,0.0509,2QZe2H1f03t5PJWEMg2Mbe
ugly,xxxtentacion,57.0,,2019-12-06,,,0.0,0.0,0.528,0.325,0.0412,-12.501,83.651,91800.0,0.857,0.0293,0.0145,0.114,2QfkJ9lURgRpcFT2Y0B1e3
uh oh,tate mcrae,75.0,,2022-09-30,88.0,9249502.0,0.0,0.0,,,,,,,,,,,6qmvAJSUfVGMubvI2awW7p
ultraviolence,lana del rey,78.0,,2014-01-01,88.0,51798111.0,0.0,0.0,,,,,,,,,,,1y3r6RXiJZNBV1EI0NggpS
uma thurman,fall out boy,68.0,,2015-01-16,77.0,11415609.0,0.0,0.0,0.623,0.9613333333333333,0.6706666666666666,-2.616,149.963,211573.0,0.10233333333333333,0.08776666666666666,0.00017199999999999998,0.264,1ZntV75KmB90f7MZVLPDzO
umbrella,rihanna,83.0,,2008-06-02,90.0,69030894.0,0.0,1.0,,,,,,,,,,,1YiD079ne2nl9TEOrw43Gh
un coco,bad bunny,78.0,,2022-05-06,95.0,102610644.0,0.0,1.0,0.839,0.69,0.744,-4.464,151.991,196412.0,0.207,0.0615,8.33e-06,0.176,6VrQTLzzuyGIYjUDe4kAZk
un dia (one day),j balvin,69.0,,2016-06-03,86.0,39113380.0,0.0,1.0,0.5754999999999999,0.694,0.3975,-8.239,168.1465,232199.5,0.00587,0.06080000000000001,0.0,0.1735,0EhpEsp4L0oRGM0vmeaN5e
un preview,bad bunny,67.0,,2023-10-13,95.0,102536542.0,0.0,1.0,,,,,,,,,,,5ixdmTpCmH5diBA1j154wN
un ratito,bad bunny,75.0,,2022-05-06,95.0,102571645.0,0.0,1.0,0.787,0.546,0.222,-7.094,93.05,176936.0,0.305,0.0532,4.55e-05,0.122,5CzixCxDkRXX9mScCmah8O
un verano sin ti,bad bunny,76.0,,2022-05-06,95.0,102536542.0,0.0,1.0,,,,,,,,,,,18HOjcvTVV7W8YzBuOsAPS
un x100to,grupo frontera,75.0,,2023-04-17,83.0,7470903.0,0.0,0.0,,,,,,,,,,,6pD0ufEQq0xdHSsRbg9LBK
"unchained melody - live at ann arbor, mi",elvis presley,68.0,,1999,,,0.0,0.0,0.271,0.266,0.163,-13.703,79.079,151906.0,0.845,0.0348,0.00174,0.795,0OavtQSojULqejmC4Qbstr
unconditionally,katy perry,77.0,,2013-01-01,83.0,38400585.0,0.0,0.0,,,,,,,,,,,009ImBOrIUlWgla8U05RAC
uncover,zara larsson,65.0,,2013-01-21,77.0,10911229.0,0.0,0.0,0.556,0.529,0.308,-4.464,89.887,213543.0,0.4,0.025,0.0,0.268,3DQisSEr1TLp9H0BEeKiQS
under my thumb,the rolling stones,65.0,,1979,77.0,15714574.0,0.0,0.0,0.732,0.494,0.799,-13.571,126.986,221533.0,0.299,0.0406,0.205,0.0919,5lmGgOaixbwKHtpTzjJoqx
under the bridge,red hot chili peppers,82.0,,2000-12-05,82.0,23218829.0,0.0,0.0,0.559,0.345,0.458,-13.496,84.581,264306.0,0.0576,0.0459,0.000105,0.141,3d9DChrdc6BOeFsbrZ3Is0
under the influence,chris brown,83.0,,2019-10-04,87.0,28305692.0,0.0,0.0,0.733,0.69,0.31,-5.529,116.992,184613.0,0.0635,0.0427,1.18e-06,0.105,5IgjP7X4th6nMNDh4akUHb
under the influence (body language),chris brown,77.0,,2019-10-04,87.0,28305692.0,0.0,0.0,0.62,0.62,0.459,-6.322,144.835,148750.0,0.0388,0.0375,0.000213,0.129,71mHO4fFmS2Xu5XxZbcRND
under the mat,sombr,71.0,,2025-08-22,85.0,2789144.0,0.0,0.0,,,,,,,,,,,3t6vhRYuIpX4zlHCTC2h1d
underdog (lil baby & gunna),lil baby,49.0,,2018-10-05,84.0,21644763.0,0.0,0.0,,,,,,,,,,,2Am26UXisQ91vBLYdqd7Pa
underdogs,chris young,42.0,,2015-11-13,65.0,2918550.0,0.0,0.0,,,,,,,,,,,7fx3FT8eMbK6N0eMRbFNx7
undressed,sombr,88.0,,2025-03-21,85.0,2795852.0,0.0,0.0,,,,,,,,,,,0TFTAtCYhp2tQ9KcJIZb55
unforgettable,french montana,85.0,,2017-07-14,73.0,5838449.0,0.0,0.0,0.726,0.769,0.733,-5.043,97.985,233901.0,0.0293,0.123,0.0101,0.104,3B54sVLJ402zGa6Xm4YGNe
unforgettable,nat king cole,67.0,,2002,,,0.0,0.0,0.349,0.182,0.178,-13.507,136.094,191973.0,0.92,0.031,0.0152,0.143,648TTtYB0bH0P8Hfy0FmkL
ungodly hour,the fray,45.0,,2009-02-03,73.0,4290585.0,0.0,0.0,0.563,0.274,0.183,-12.995,81.928,304520.0,0.482,0.0333,0.000135,0.245,6V2SKZhymLim16ri8A7K6h
unholy,sam smith,77.0,,2023-01-27,81.0,26275803.0,0.0,0.0,0.714,0.472,0.238,-7.375,131.121,156943.0,0.013,0.0864,4.51e-06,0.266,1mLkmVH9jcPZ7lr5D3i7Sb
unlock it (lock it) - feat. kim petras and jay park,charli xcx,63.0,,2017-12-15,82.0,6318755.0,0.0,0.0,,,,,,,,,,,3qGHAKgjQruzj6doKkyEb5
unlonely,jason mraz,51.0,,2018-08-10,71.0,7312594.0,0.0,0.0,0.7955000000000001,0.667,0.754,-4.831,97.9875,231266.0,0.38,0.0392,0.0,0.221,3Hn3LfhrQOaKihdCibJsTs
unruly rave,popcaan,0.0,,2013-10-22,,,0.0,0.0,0.583,0.76,0.449,-5.71,97.675,205453.0,0.188,0.318,0.0,0.13,0V5GNdsrQlKBR1V4PeGX7x
unstable,justin bieber,62.0,,2021-03-19,91.0,85008100.0,0.0,0.0,,,,,,,,,,,137mSruegm1u6x9NvwiagR
unsteady,x ambassadors,73.0,,2015,69.0,3108097.0,0.0,0.0,0.389,0.665,0.199,-6.169,117.055,193546.0,0.178,0.0644,0.000732,0.116,7lGKEWMXVWWTt3X71Bv44I
unstoppable,sia,79.0,,2016-02-18,82.0,30550549.0,0.0,0.0,0.468,0.779,0.26,-4.839,173.799,217746.0,0.112,0.0779,0.000373,0.101,059ACLUOyEcdruA2m9f2jd
until i found you,stephen sanchez,78.0,,2022-06-28,71.0,1874891.0,0.0,0.0,0.514625,0.507,0.223,-6.05625,113.9765,177588.25,0.731,0.0300625,0.0,0.17662499999999998,0FnEFCpMwTzACVJ7nnDf4H
until i found you (with em beihold) - em beihold version,stephen sanchez,78.0,,2023-09-22,71.0,1873452.0,0.0,0.0,0.551,0.55,0.342,-5.339,101.19,176440.0,0.777,0.0286,0.0,0.202,1Y3LN4zO1Edc2EluIoSPJN
until i found you - piano version,stephen sanchez,64.0,,2022-06-28,71.0,1873452.0,0.0,0.0,0.603,0.148,0.228,-10.449,95.451,184895.0,0.927,0.0279,0.0,0.101,06vNG6CiV4k8oNA0wUUAO7
until it beats no more,jennifer lopez,30.0,,2011-04-29,74.0,13710072.0,0.0,1.0,,,,,,,,,,,1OSf8FuKnyRY0Tbm5ZyaoU
until it breaks,linkin park,48.0,,2012-06-20,88.0,31785695.0,0.0,0.0,0.316,0.835,0.415,-6.67,170.061,223400.0,0.0489,0.321,0.000774,0.287,2ww2xnkptug8KwF6XzEwMq
until it's gone,linkin park,58.0,,2014-05-06,88.0,31785695.0,0.0,0.0,0.47,0.878,0.322,-3.391,114.986,233240.0,0.0172,0.0429,0.054,0.235,2n1jBz26dVBtSbMvJNjGsu
until we're skin & bones,the weeknd,21.0,,2025-01-31,93.0,112957721.0,0.0,1.0,,,,,,,,,,,6jDGDtQPC46pFqxph3qdbD
untitled,eminem,52.0,,2010-06-18,88.0,104559284.0,0.0,1.0,,,,,,,,,,,44ut2KJnt0HQMnUaMlDv9W
untouchable (taylor’s version),taylor swift,63.0,,2021-04-09,100.0,145489371.0,0.0,0.0,,,,,,,,,,,0tQ9vBYpldCuikPsbgOVKA
unwanted,avril lavigne,49.0,,2002-06-04,76.0,12004691.0,0.0,0.0,,,,,,,,,,,1vjIHlmc4WfIaEl74YAvX0
unwritten,natasha bedingfield,85.0,,2004-08-30,71.0,1904542.0,0.0,0.0,,,,,,,,,,,3U5JVgI2x4rDyHGObzJfNf
up,olly murs,64.0,,2014-11-24,62.0,3186602.0,0.0,0.0,,,,,,,,,,,1RidHM9BC4M8DpfSQ6YLJh
up all night,jon pardi,37.0,,2020-05-08,73.0,2339392.0,0.0,0.0,,,,,,,,,,,2W0p1EYsUUy7OWNj68coug
up all night,one direction,62.0,,2012-05-25,83.0,40270893.0,0.0,0.0,,,,,,,,,,,1I93YiKgu2P5pwprWmziPI
up at night,kehlani,59.0,,2022-04-28,78.0,8667215.0,0.0,0.0,,,,,,,,,,,4WCAb7rGU70hyx3m9joKCx
up forever,popcaan,22.0,,2017-07-07,,,0.0,0.0,0.629,0.765,0.698,-4.786,102.847,209844.0,0.0996,0.302,0.0,0.218,69yu2HdVcQWSSYS0vo5aJY
up there,post malone,60.0,,2016-12-09,86.0,47722935.0,0.0,0.0,,,,,,,,,,,2rKmNEYrQxaOPZrOWKZpOc
up to you,echosmith,0.0,,2013-09-30,55.0,606152.0,0.0,0.0,0.571,0.911,0.345,-4.156,124.036,227466.0,0.133,0.0382,0.000127,0.102,39fN75yWiCLg88MpXw1Zdn
up!,forrest frank,66.0,,2024-03-01,77.0,2268298.0,0.0,0.0,,,,,,,,,,,50utqknCBo0N3QAQbXIPKV
up&up,coldplay,66.0,,2015-12-04,88.0,60830643.0,0.0,0.0,,,,,,,,,,,31L9yLXSj6LpCFupyMV6CR
uptown funk,mark ronson,83.0,,2015-01-12,74.0,1294408.0,0.0,0.0,0.856,0.609,0.928,-7.223,114.988,269666.0,0.00801,0.0824,8.15e-05,0.0344,32OlwWuMpZ6b0aN2RZOeMS
uptown girl,billy joel,79.0,,2001,78.0,7402824.0,0.0,0.0,0.6984999999999999,0.9435,0.812,-2.974,128.9975,196286.0,0.07455,0.04425,0.0,0.627,3CSpzkoL1XgDBZ1q9aDCUV
ur just horny,gayle,58.0,,2022-01-19,,,0.0,0.0,0.529,0.8969999999999999,0.8850000000000001,-4.713,180.11800000000002,178787.0,0.221,0.0726,0.0,0.0399,02gGfhPHk5NuN0mgbKpU4Y
ur special to me,artemas,42.0,,2024-01-26,74.0,1378074.0,0.0,0.0,,,,,,,,,,,28k0oooG5GnOmR6fnx4kPp
us,james bay,70.0,,2018-05-18,67.0,4106519.0,0.0,0.0,,,,,,,,,,,16XiTUC2rQvb5lmtOm3FYY
us against the world,coldplay,56.0,,2011-10-24,88.0,60830643.0,0.0,0.0,,,,,,,,,,,5zyfzNnBzN7f7PVkJFnW2g
us.,gracie abrams,75.0,,2024-06-21,82.0,7403257.0,0.0,0.0,,,,,,,,,,,0hhzNPE68LWLfgZwdpxVdR
usain boo,kodak black,0.0,,2022-02-25,79.0,12474509.0,0.0,0.0,0.782,0.669,0.598,-4.58,143.992,186677.0,0.0733,0.213,0.0,0.111,6rJNWcdEfyBJuy1X2bENL7
use somebody,kings of leon,80.0,,2008-09-23,76.0,5757305.0,0.0,0.0,,,,,,,,,,,5VGlqQANWDKJFl0MBG3sg2
used to be young,miley cyrus,68.0,,2023-08-18,81.0,26561582.0,0.0,0.0,,,,,,,,,,,0Nfh4u0J4bajcyp5pzaWCx
used to know me,charli xcx,5.0,,2022-03-17,,,0.0,0.0,0.711,0.931,0.775,-4.042,118.009,145840.0,0.0914,0.0323,4.41e-05,0.08920000000000002,0q6UFfew9uxNgxqWM0Q7wd
used to love her,guns n' roses,61.0,,1997,80.0,35196831.0,0.0,0.0,0.615,0.902,0.909,-7.232,135.46,192666.0,0.464,0.0331,2.44e-05,0.15,67q0QsfLcTa2SqhP2wQbia
used to love you sober,kane brown,51.0,,2016-03-25,71.0,5778198.0,0.0,0.0,,,,,,,,,,,6V3wTb4VVDWRw3YEDgc6Py
valentine's day,linkin park,45.0,,2008,88.0,31785695.0,0.0,0.0,0.647,0.65,0.4245,-5.7945,108.02850000000001,196848.5,0.02925,0.0287,0.0323,0.2595,5AMWj2Dc7oNb4qCHb5cOad
valentino,24kgoldn,65.0,,2019-11-22,65.0,2285613.0,0.0,0.0,,,,,,,,,,,6piAUJJQFD8oHDUr0b7l7q
valerie,the weeknd,57.0,,2012-11-13,93.0,112918137.0,0.0,1.0,,,,,,,,,,,5JaqApg5415jtjdyjY3wa9
"valerie - live at bbc radio 1 live lounge, london / 2007",amy winehouse,75.0,,2008,75.0,9747371.0,0.0,0.0,0.772,0.371,0.684,-5.743,96.574,233733.0,0.744,0.0348,0.0,0.167,6nLvaCZFR1wEzW3sIKpsnr
value own,john martin,61.0,10000.0,2015-05-13,,,0.0,0.0,0.64,0.31,,-6.49,120.4,156194.0,,,0.049,,TRK-585DF432F3A6
vamp anthem,playboi carti,69.0,,2020-12-25,86.0,15031490.0,0.0,0.0,,,,,,,,,,,4CzhtKifG867Lu5DNQVBSA
vampire,olivia rodrigo,84.0,,2023-06-30,84.0,49050008.0,0.0,0.0,,,,,,,,,,,1kuGVB7EU95pJObxwvfwKS
vanilla twilight,owl city,62.0,,2009-07-14,66.0,2503055.0,0.0,0.0,0.582,0.529,0.567,-7.637,166.134,231706.0,0.00961,0.0248,0.000554,0.113,0vCTQcxSGAgjHaiAsIANKn
vanish into you,lady gaga,61.0,,2025-09-01,88.0,42256604.0,0.0,1.0,,,,,,,,,,,6A331YYR5zoG6XixuHX7yE
vegas (from the original motion picture soundtrack elvis),doja cat,71.0,,2022-05-06,86.0,34735147.0,,,0.801,0.601,0.74,-7.574,159.969,182906.0,0.0777,0.255,3.23e-05,0.145,0hquQWY3xvYqN4qtiquniF
venice bitch,lana del rey,64.0,,2019-08-30,88.0,51773650.0,0.0,0.0,,,,,,,,,,,3hwQhakFwm9soLEBnSDH17
venom,ravyn lenae,0.0,,2022-05-20,76.0,843345.0,0.0,0.0,0.684,0.583,0.716,-5.058,135.011,209186.0,0.00348,0.0333,0.398,0.114,10tWekrcBpZ8Nh3vHZxYJY
venom,stray kids,71.0,,2022-03-22,,,0.0,0.0,0.812,0.807,0.4,-3.354,136.979,194840.0,0.11,0.339,0.0,0.211,4b3rGL8LDSkbARUUA20136
venom - music from the motion picture,eminem,67.0,,2018-09-21,88.0,104539036.0,,,0.75,0.789,0.467,-5.058,135.954,269573.0,0.0148,0.0647,0.0,0.501,3kpYJjvM8Ja6btr5hEJLWc
versace on the floor,bruno mars,80.0,,2016-11-17,90.0,75474551.0,0.0,0.0,,,,,,,,,,,0kN8xEmgMW9mh7UmDYHlJP
verse chorus verse - boombox rehearsals,nirvana,21.0,,1991-09-26,81.0,23398010.0,0.0,0.0,,,,,,,,,,,5DkITvoj0Xkdq7SePYuWT7
verse chorus verse - outtake,nirvana,54.0,,2004-11-23,81.0,23384088.0,0.0,0.0,0.453,0.938,0.39,-4.681,131.77,196200.0,0.000837,0.0478,0.000171,0.453,27sz8XfkjnUqTRJwxjHrS1
very ape,nirvana,59.0,,2004-11-23,81.0,23384088.0,0.0,0.0,0.262,0.886,0.965,-9.392,152.09,115813.0,3.11e-06,0.0336,0.368,0.188,0hUit24g1EIoATdKYWUiRj
vete,bad bunny,79.0,,2019-11-21,95.0,102571645.0,0.0,1.0,0.886,0.672,0.526,-4.394,91.976,192024.0,0.0363,0.188,8.78e-06,0.101,5DxXgozhkPLgrbKFY91w0c
vibr8,marshmello,51.0,,2021-06-11,80.0,34476607.0,0.0,0.0,0.508,0.915,0.171,-3.396,114.644,179903.0,0.005,0.0689,0.336,0.0892,4YT2CvoawmCGIHkMccm6qk
vice city,xxxtentacion,72.0,,2014-03-05,,,0.0,0.0,0.8534999999999999,0.467,0.3295,-6.843,87.0215,220740.5,0.00596,0.193,0.00171,0.20350000000000001,17wxJ7IZKboyECnxZw7Vo1
victimized,linkin park,51.0,,2012-06-20,88.0,31785695.0,0.0,0.0,0.557,0.99,0.128,-3.902,95.055,106360.0,0.0818,0.194,3.14e-05,0.373,35jdp4bY3CABKBroODRq7Y
vida,ozuna,61.0,,2022-10-07,,,0.0,0.0,0.728,0.577,0.318,-5.371,169.988,152626.0,0.0502,0.0538,0.000309,0.0589,7qUv2Tq895aJc6g4O1F6Zs
video games,lana del rey,78.0,,2012-01-01,88.0,51821190.0,0.0,0.0,,,,,,,,,,,0fBSs3fRoh1yJcne77fdu9
vienna,billy joel,83.0,,1977-06-30,78.0,7402824.0,0.0,0.0,0.532,0.495,0.308,-6.662,124.936,214240.0,0.659,0.0343,0.0,0.0754,4U45aEWtQhrm8A5mxPaFZ7
views,drake,62.0,,2016-05-06,95.0,103067383.0,0.0,0.0,,,,,,,,,,,7MjSipTto9QljYzZnloXOn
vigilante shit,taylor swift,67.0,,2022-10-21,100.0,145443567.0,0.0,0.0,,,,,,,,,,,1xwAWUI6Dj0WGC3KiUPN0O
villain,jennifer lopez,25.0,,2011-04-29,74.0,13710072.0,0.0,1.0,,,,,,,,,,,0FTvaBDtyB5SbbhVfY1xlY
violet chemistry,miley cyrus,50.0,,2023-08-18,81.0,26561582.0,0.0,0.0,,,,,,,,,,,4C2Y3Y2x2PbOqwdNBuLjP3
virgo's groove,beyoncé,62.0,,2022-07-29,84.0,41172203.0,0.0,0.0,,,,,,,,,,,0Fl4eWzVaMUOdXcOrj6F1q
visiting hours,ed sheeran,0.0,,2021-08-19,88.0,122773292.0,0.0,0.0,0.471,0.396,0.263,-6.654,149.609,215506.0,0.77,0.0336,0.0,0.0729,0MbP1Nr6DLXB7HFXD7QVwU
viva la vida,coldplay,86.0,,2008-06-06,88.0,60830643.0,0.0,0.0,,,,,,,,,,,1mea3bSkSGXuIRvnydlB5b
viva las vegas,elvis presley,64.0,,1964-04-28,,,0.0,0.0,0.608,0.567,0.861,-11.297,144.034,144840.0,0.819,0.0445,0.0,0.344,5Q7ayTarb9Tpmkik5cVMug
viva las vegas (bonus track),elvis presley,55.0,,1964-04-28,,,0.0,0.0,0.608,0.567,0.861,-11.297,144.022,144840.0,0.819,0.0445,0.0,0.344,6qNY8xr8GNcvskh5GkVS7b
viva las vengeance,panic! at the disco,1.0,,2022-06-01,76.0,12721192.0,0.0,0.0,0.211,0.821,0.371,-5.423,153.742,206580.0,1.25e-05,0.0732,0.0329,0.10400000000000001,1fvyYv3OG8g1V98OWDAthU
void,melanie martinez,53.0,,2023-04-05,75.0,22219090.0,0.0,0.0,,,,,,,,,,,6bbjMFCiXYhTRCfclucV4S
von dutch,charli xcx,79.0,,2024-06-07,82.0,6318755.0,0.0,0.0,,,,,,,,,,,3Y1EvIgEVw51XtgNEgpz5c
von dutch a. g. cook remix featuring addison rae,charli xcx,62.0,,2024-10-11,82.0,6315216.0,0.0,0.0,,,,,,,,,,,6nx4f2nVmFNWquoMtUrdYX
vote lay,john martin,68.0,568000.0,2017-06-29,,,0.0,0.0,0.14,0.84,,-5.82,68.69,310416.0,,,0.5,,TRK-6672D4B7C25C
vou 787,bad bunny,66.0,,2023-10-13,95.0,102536542.0,0.0,1.0,,,,,,,,,,,0rDQZJtSGgsB2rdkObpdFa
vroom vroom,charli xcx,0.0,,2025-06-02,,,0.0,0.0,0.835,0.684,0.517,-5.818,151.009,193270.0,0.122,0.239,0.0,0.0854,4QmaaHKCPL4YWW6L5AdQQs
vuelve candy b,bad bunny,69.0,,2023-10-13,95.0,102500980.0,0.0,1.0,,,,,,,,,,,3mRF0YNsDdFKFnxwg16hSz
w.t.p.,eminem,59.0,,2010-06-18,88.0,104517308.0,0.0,1.0,,,,,,,,,,,1ne7JVHEPnoncXzQunQVKW
wagon wheel,darius rucker,78.0,,2013-01-01,66.0,2773747.0,0.0,0.0,0.5356666666666667,0.6606666666666667,0.5886666666666667,-7.150666666666667,148.11266666666668,298391.0,0.4583333333333333,0.030133333333333335,0.0,0.13966666666666666,3hDSiWsdRj4e6iDV9Pc3tq
wait,maroon 5,63.0,,2018-06-15,85.0,45764832.0,0.0,1.0,,,,,,,,,,,3T9CfDxFYqZWSKxd0BhZrb
wait for u,future,82.0,,2022-06-10,88.0,22675640.0,0.0,0.0,0.463,0.642,0.339,-4.474,83.389,189893.0,0.314,0.34,0.0,0.0686,59nOXPmaKlBfGMDeOVGrIK
waiting for love,avicii,81.0,,2015-10-02,79.0,23434999.0,0.0,0.0,0.579,0.736,0.613,-3.863,127.999,230613.0,0.31,0.0527,0.0,0.198,2P4OICZRVAQcYAV2JReRfj
waiting for superman,daughtry,60.0,,2014,65.0,2382165.0,0.0,0.0,0.555,0.682,0.383,-5.711,105.987,266960.0,0.0029,0.0269,0.0,0.0662,4AU7z13HYmPMetlWbq1mys
waiting for the end,linkin park,42.0,,2013-03-22,88.0,31785695.0,0.0,0.0,0.487,0.961,0.3235,-4.139,170.005,231680.0,0.0415,0.132,1.145e-06,0.553,1EWDtcKzwZqflFqdiN3fyv
waiting on the world to change,john mayer,73.0,,2006,,,0.0,0.0,0.578,0.756,0.663,-5.82,176.739,201173.0,0.157,0.115,0.000232,0.249,5imShWWzwqfAJ9gXFpGAQh
waka waka (this time for africa),shakira,68.0,,2010-05-31,85.0,39809584.0,0.0,1.0,0.766,0.873,0.743,-6.381,126.988,202626.0,0.00627,0.143,0.0,0.0764,2Cd9iWfcOpGDHLz6tVA3G4
wake me up,avicii,85.0,,2013-08-06,79.0,23434999.0,0.0,0.0,0.532,0.783,0.643,-5.697,124.08,247426.0,0.0038,0.0523,0.0012,0.161,0nrRP2bk19rLc0orkWPQk2
wake me up,the weeknd,70.0,,2025-01-31,93.0,112957721.0,0.0,1.0,,,,,,,,,,,5673WA8EEUSPx1ir26lhGW
wake me up - radio edit,avicii,6.0,,2013-01-01,79.0,23434999.0,0.0,0.0,0.524,0.807,0.62,-4.16,124.127,246813.0,0.00415,0.0579,0.000834,0.212,25qayTeSbpmP80ZcP00eW8
wake me up before you go-go,wham!,80.0,,1996,,,0.0,0.0,0.62,0.573,0.897,-11.893,81.548,231333.0,0.271,0.0423,0.0,0.0607,0ikz6tENMONtK6qGkOrU3c
wake me up when september ends,green day,81.0,,2004-09-21,80.0,17333748.0,0.0,0.0,0.546,0.814,0.146,-5.146,104.98,285653.0,0.023,0.0314,0.0,0.0972,3ZffCQKLFLUvYM59XKLbVm
wake up,fetty wap,52.0,,2016-04-22,70.0,5124204.0,0.0,0.0,0.647,0.673,0.527,-5.992,179.971,224000.0,0.172,0.176,0.0,0.223,6BOtDFg6GJm0rPUDuNmx57
wake up,travis scott,64.0,,2018-08-03,89.0,41107596.0,0.0,1.0,0.741,0.645,0.488,-5.116,149.07,231963.0,0.192,0.0963,0.0,0.163,20MuVazoNMv6xjKPnRFOxG
wake up alone,amy winehouse,62.0,,2017,75.0,9747371.0,0.0,0.0,0.583,0.271,0.235,-15.866,102.678,222000.0,0.545,0.0299,0.0,0.148,2pxCOdnHEZZ3A1XRNxjc1v
wake up alone,the chainsmokers,45.0,,2017-04-07,80.0,21357977.0,0.0,0.0,,,,,,,,,,,0dj1CtyRxZ4bnIT4Q20jNT
wake up in the sky,gucci mane,75.0,,2018-09-14,76.0,5987438.0,0.0,0.0,,,,,,,,,,,0QIjsbm2fh1cJ45XO9eGqq
wake up loving you,old dominion,44.0,,2014-07-24,67.0,1738248.0,0.0,0.0,,,,,,,,,,,1E1LaXgZRkBOljpGXtlR7B
walk,kodak black,0.0,,2022-09-16,79.0,12474509.0,0.0,0.0,0.817,0.512,0.17,-6.943,130.04,166039.0,0.037,0.0984,0.0,0.216,41vUI66skZegzFHxwMkk8t
walk em down,nle choppa,69.0,,2020-08-07,73.0,10021011.0,0.0,0.0,,,,,,,,,,,1Z0cZI0UzNbP9L8MzzGxqf
walk in the park,jack harlow,0.0,,2019-09-20,75.0,4349241.0,0.0,0.0,0.956,0.519,0.529,-7.832,132.058,152991.0,0.0712,0.167,0.0,0.106,20Nm2cPyMiIStyDuZEh4DP
walk it talk it,migos,71.0,,2018-01-26,74.0,14641094.0,0.0,0.0,,,,,,,,,,,6n4U3TlzUGhdSFbUUhTvLP
walking away,justin bieber,74.0,,2025-07-11,91.0,85008100.0,0.0,0.0,,,,,,,,,,,0LutvoC2HqCfnaRSjrhtzo
walking on air,katy perry,45.0,,2013-10-18,83.0,38400585.0,0.0,0.0,,,,,,,,,,,0RCsGhR44nFVAd5WiZZcGq
walking on sunshine,jennifer lopez,31.0,,2001-01-23,74.0,13710072.0,0.0,1.0,,,,,,,,,,,6BqemgZaWt7VQxCU7dHrcj
walls could talk,halsey,1.0,,2017-06-02,80.0,22394475.0,0.0,0.0,0.626,0.423,0.571,-6.035,95.162,101789.0,0.128,0.0513,0.0,0.18,5ln5yQdUywVbf8HhFsOcd6
want to want me,jason derulo,76.0,,2015-05-29,76.0,12460618.0,0.0,0.0,0.772,0.643,0.669,-6.24,114.031,206280.0,0.0102,0.063,0.0,0.0705,5w7WThQajSkiot89EkoqRa
wanted,hunter hayes,63.0,,2011-06-30,53.0,1214595.0,0.0,0.0,0.4163333333333333,0.47533333333333333,0.3,-7.692,169.74533333333332,228840.0,0.268,0.029866666666666666,0.0,0.0816,0f1svjHSiaCJif6noKKVHa
wanted,onerepublic,58.0,,2021-08-27,,,0.0,0.0,0.6665000000000001,0.5365,0.6885,-6.599500000000001,145.822,136247.0,0.1645,0.0688,0.0,0.0956,3fT6xqEkC1jm4mHjOyXbKw
wanted - from one night in malibu,onerepublic,48.0,,2023-02-15,,,0.0,0.0,0.678,0.528,0.676,-11.071,145.833,137382.0,0.226,0.0779,0.0,0.0695,0LoY54m9XFnSaSxeQZEI00
wanted dead or alive,bon jovi,75.0,,1986-08-18,78.0,15810313.0,0.0,0.0,0.2585,0.81,0.252,-3.7645,150.19400000000002,308613.0,0.1037,0.0392,0.0193,0.316,0oerlffJSzhRVvtDfLcp3N
wants and needs,drake,76.0,,2021-03-05,95.0,103067383.0,0.0,0.0,,,,,,,,,,,65OVbaJR5O1RmwOQx0875b
wap,cardi b,74.0,,2020-08-07,81.0,25953771.0,0.0,0.0,,,,,,,,,,,4Oun2ylbjFKMPTiaSbbCih
war machine,ac/dc,61.0,,2012-11-16,,,0.0,0.0,0.518,0.718,0.531,-4.355,127.593,189786.0,4.85e-05,0.0343,0.244,0.25,5YnNWHKCJaJKwbagXDb5Uf
war of hormone,bts,65.0,,2014-08-20,,,0.0,0.0,0.612,0.993,0.488,-1.895,98.004,265602.0,0.116,0.24,0.0,0.307,29SjtKzBoJDgyIBusHylIS
warm,ariana grande,48.0,,2025-03-28,90.0,107374593.0,0.0,0.0,,,,,,,,,,,7IwMagdxfa8GLK0JOcDTsP
warning - 2005 remaster,the notorious b.i.g.,61.0,,2002,75.0,12762931.0,0.0,0.0,0.596,0.791,0.399,-7.582,171.919,220440.0,0.345,0.476,1.42e-05,0.136,33rsCCLHklTQav9klbpnAi
warriors,imagine dragons,75.0,,2015-10-30,85.0,58375520.0,0.0,0.0,0.365,0.851,0.309,-6.238,78.086,171040.0,0.0964,0.0645,0.003,0.237,1sWeSMifj6Z6kZyI6z3bRc
was it all worth it,queen,2.0,,1998-04-03,82.0,55209500.0,0.0,0.0,0.16,0.866,0.13,-5.277,179.739,347800.0,0.207,0.088,4.44e-05,0.0894,2zkfyPrPY0OlFJuui5j5FE
washing off the blood,powfu,56.0,,2022-08-19,66.0,1474124.0,0.0,0.0,0.564,0.622,0.578,-6.608,160.214,174750.0,0.796,0.127,0.0,0.0986,13L7MYNjVLkLqq1YnMn0IL
wasted on you,morgan wallen,83.0,,2021-01-08,88.0,14005617.0,0.0,0.0,0.505,0.657,0.252,-5.24,196.0,178520.0,0.373,0.0318,0.00107,0.126,3cBsEDNhFI9E82vPj3kvi3
"wasteland, baby!",hozier,58.0,,2023-07,82.0,9114093.0,0.0,0.0,0.427,0.407,0.244,-9.665,168.844,266466.0,0.612,0.0382,0.386,0.109,1IbgYIuVwJsibCcT5GFYHy
wastelands,linkin park,51.0,,2014-06-02,88.0,31785695.0,0.0,0.0,0.44,0.993,0.614,-3.481,169.77,195893.0,0.0104,0.184,0.0,0.964,3S8MFB68isPbRVgaU0MaIW
watati,karol g,44.0,,2023-07-21,87.0,60358474.0,0.0,0.0,,,,,,,,,,,5Pt5PdAOOXLdYiXAIl68K6
watch,billie eilish,79.0,,2017-12-22,90.0,118692183.0,0.0,0.0,0.441,0.599,0.35,-8.985,165.212,177523.0,0.333,0.225,0.00198,0.103,7eB1V5LvAdxCc7brfGhRRo
watch this - arizonatears pluggnb remix,lil uzi vert,72.0,,2023-02-05,82.0,19255400.0,0.0,0.0,,,,,,,,,,,0FA4wrjDJvJTTU8AepZTup
watching you,rodney atkins,67.0,,2006-07-18,60.0,2011461.0,0.0,0.0,,,,,,,,,,,5OusUgzHz6Ulb3GZT7WUo5
water,tyla,82.0,,2023-07-28,77.0,3509163.0,0.0,0.0,,,,,,,,,,,4Q2IUQo8YuoCqiRrDazKK4
water technology necessary rate,eric turner,52.0,2000.0,2015-09-05,,,0.0,0.0,0.93,0.2,,-43.62,69.97,386172.0,,,0.322,,TRK-0955B9EBC8A0
water under the bridge,adele,71.0,,2015-11-20,83.0,66734917.0,0.0,0.0,0.59,0.833,0.538,-6.503,94.963,240439.0,0.0142,0.0615,5.4e-06,0.105,2DRMuw0U0QbkVQxWxdJV3M
watercolor eyes - from “euphoria” an hbo original series,lana del rey,61.0,,2022-01-21,88.0,51821190.0,0.0,0.0,,,,,,,,,,,1G1R0XgChe18Zr1o6tlmN6
watermelon sugar,harry styles,82.0,,2019-11-17,80.0,34136120.0,0.0,0.0,0.548,0.816,0.557,-4.209,95.39,174000.0,0.122,0.0465,0.0,0.335,1e9oZCCiX42nJl0AcqriVo
wave of you,surfaces,70.0,,2021-06-25,61.0,983406.0,0.0,0.0,0.695,0.656,0.3459999999999999,-6.038,90.986,213842.0,0.057,0.0489,0.0,0.267,0KfNomDfIkM7suIHb105Oi
waves,dean lewis,75.0,,2019-03-22,75.0,4153847.0,0.0,0.0,,,,,,,,,,,6w8pFOKn42O418qwcQElZ3
waves - robin schulz radio edit,mr. probz,78.0,,2014-02-07,64.0,355026.0,0.0,0.0,0.829,0.51,0.45,-9.334,119.994,208133.0,0.00821,0.0369,0.00143,0.0829,1HFfMOxCAT4GAwaPfCdmUs
way 2 sexy (with future & young thug),drake,72.0,,2021-09-03,95.0,103039388.0,0.0,0.0,,,,,,,,,,,0k1WUmIRnG3xU6fvvDVfRG
way it is,justin bieber,71.0,,2025-07-11,91.0,85008100.0,0.0,0.0,,,,,,,,,,,1r3uOHPoiIv89Xb6K9bDH4
we almost broke up again last night,sabrina carpenter,82.0,,2025-08-29,91.0,26559943.0,0.0,0.0,,,,,,,,,,,6wkYQMrFfb0huLB5Qn19Iv
we are bulletproof : the eternal,bts,71.0,,2023-06-20,,,0.0,0.0,0.522,0.574,0.176,-5.225,84.044,261542.0,0.224,0.0317,0.0,0.108,133ocfbXXG4HTk76qgSeUb
we are bulletproof pt.2,bts,63.0,,2013-06-12,,,0.0,0.0,0.753,0.95,0.868,-5.09,144.02,223933.0,0.0104,0.16,6.32e-06,0.134,5pjHS3EpHurMyIpB2QBnEd
we are never ever getting back together,taylor swift,69.0,,2012-10-22,100.0,145489371.0,0.0,0.0,,,,,,,,,,,0VwNdo84DaVYLIkbVO86ND
we are young,fun.,78.0,,2012-02-14,66.0,3051567.0,0.0,0.0,0.378,0.638,0.735,-5.576,184.086,250626.0,0.02,0.075,7.66e-05,0.0849,5rgy6ghBq1eRApCkeUdJXf
we be burnin',sean paul,61.0,,2005,81.0,5279150.0,0.0,0.0,0.95,0.803,0.86,-4.195,117.0,213066.0,0.145,0.151,0.0,0.0748,4kOTDj4SiZPkW1p96WMDNv
we belong,dove cameron,0.0,,2020-07-24,70.0,5531839.0,0.0,0.0,,,,,,,,,,,6Z0sHILAQuUsmZQ7pMe90N
we can work it out,the beatles,61.0,,1984,82.0,30721676.0,0.0,0.0,0.3795,0.6425000000000001,0.6950000000000001,-9.345500000000001,106.185,135906.5,0.08825,0.0283,0.0,0.16549999999999998,1hTUFqJuQAMjXVGwUPWDqi
we can't be friends (wait for your love),ariana grande,87.0,,2024-03-08,90.0,107374593.0,0.0,0.0,,,,,,,,,,,46kspZSY3aKmwQe7O77fCC
we can't stop,miley cyrus,79.0,,2013-10-04,81.0,26558356.0,0.0,0.0,,,,,,,,,,,2y4lAQpi5VTNLu2ldeTdUH
we dem boyz,wiz khalifa,63.0,,2014-08-19,81.0,12078615.0,0.0,0.0,,,,,,,,,,,1ULa3GfdMKs0MfRpm6xVlu
we didn't start the fire,billy joel,76.0,,2022-08-22,78.0,7402824.0,0.0,0.0,0.712,0.967,0.895,-5.206,145.024,287733.0,0.0771,0.047,0.0,0.356,3Cx4yrFaX8CeHwBMReOWXI
"we didn't start the fire - live at yankee stadium, bronx, ny - june 1990",billy joel,35.0,,2011-03-08,78.0,7402824.0,0.0,0.0,0.428,0.968,0.501,-3.446,144.067,311066.0,0.18,0.152,0.0,0.86,5PqMlhjfgEYcipKzOmsHIa
we don't talk anymore,charlie puth,78.0,,2016-01-29,79.0,25301942.0,0.0,0.0,0.728,0.563,0.352,-8.053,100.017,217706.0,0.621,0.134,0.0,0.179,06KyNuuMOX1ROXRhj787tj
we don't trust you,future,67.0,,2024-03-22,88.0,22675640.0,0.0,0.0,,,,,,,,,,,1pnDvUuAEd6z8bKEsbAjk1
we found love,calvin harris,3.0,,2012-10-29,84.0,23079295.0,0.0,0.0,,,,,,,,,,,0385HqYimoTQaHZP17KwG1
we found love,rihanna,83.0,,2011-01-01,90.0,69030894.0,0.0,1.0,,,,,,,,,,,0U10zFw4GlBacOy9VDGfGL
we got the world,icona pop,43.0,,2013-08-27,66.0,778810.0,0.0,0.0,0.501,0.931,0.376,-3.839,128.055,187013.0,0.00156,0.0754,2.03e-06,0.186,0BJPGg90E6p2Ve0D8EcZGF
we gotta talk,jennifer lopez,23.0,,2001-01-23,74.0,13708054.0,0.0,1.0,,,,,,,,,,,3HsrcX8pSr7NCxYhfrtczZ
we never change,coldplay,66.0,,2000-07-10,88.0,60804949.0,0.0,0.0,,,,,,,,,,,5TB6QgrF0RPIxSCGfRDLoe
we never dated,sombr,78.0,,2025-08-22,85.0,2795852.0,0.0,0.0,,,,,,,,,,,0t1fdMrn7JOg9DDsT95bxt
we own it (fast & furious),2 chainz,69.0,,2013-01-01,74.0,8304470.0,0.0,0.0,,,,,,,,,,,2OQJKTtrH482waGFmOfJni
we r who we r,kesha,75.0,,2010-11-19,78.0,9154839.0,0.0,0.0,,,,,,,,,,,3LUWWox8YYykohBbHUrrxd
we three kings of orient are - 1991 remix,the beach boys,0.0,,2000,,,0.0,0.0,0.231,0.158,0.204,-11.508000000000001,106.031,245510.0,0.745,0.0297,0.0,0.123,1173MC1nfbaA5h3kEatH4R
we went,randy houser,57.0,,2016-03-11,57.0,1104896.0,0.0,0.0,,,,,,,,,,,3vFdNZTedff0LeqZjWxS1W
we were happy (taylor’s version) (from the vault),taylor swift,56.0,,2021-04-09,100.0,145396321.0,0.0,0.0,,,,,,,,,,,34V9RiEPe8MNdU32qJsJa1
we will rock you,nickelback,47.0,,2005-09-12,78.0,7846032.0,0.0,0.0,0.577,0.905,0.288,-5.018,80.98,119786.0,0.0404,0.114,0.0,0.0685,5BK5IvPzmTZBGsCnYRjSue
we will rock you,queen,77.0,,2010-10-18,82.0,55195235.0,0.0,0.0,0.692,0.497,0.475,-7.316,81.308,122066.0,0.676,0.119,0.0,0.259,4pbJqGIASGPr0ZpGpnWkDn
we will rock you - 2020 remaster,nickelback,56.0,,2005-09-20,78.0,7846032.0,0.0,0.0,0.58,0.903,0.218,-4.909,81.036,120293.0,0.0291,0.142,0.0,0.072,01YIoxhuISTSBh8cOvhIbG
we're good,dua lipa,67.0,,2021-02-11,85.0,46895665.0,0.0,0.0,,,,,,,,,,,1diS6nkxMQc3wwC4G1j0bh
we're the lucky ones,the marías,0.0,,2020-10-29,83.0,3777019.0,0.0,0.0,0.37,0.184,0.0581,-12.637,86.834,215933.0,0.969,0.0302,0.00119,0.101,2SsneDqgO7ZSi6Ktw5RbrV
we've had our fun,tyler childers,43.0,,2011-10-11,,,0.0,0.0,0.574,0.306,0.491,-11.877,90.575,187173.0,0.865,0.0292,0.00258,0.117,60mjh18gaMX1yrZPcAjtNB
weak,ajr,59.0,,2017-06-30,70.0,3667184.0,0.0,0.0,,,,,,,,,,,3BuLtAmXKy5uQYl4ED1zBT
weak when ur around,blackbear,51.0,,2015-06-02,71.0,5067759.0,0.0,0.0,,,,,,,,,,,3UWkbO4emEOu9YUeOGq3vU
weathered,creed,55.0,,2001-01-19,73.0,4303697.0,0.0,0.0,0.417,0.935,0.318,-4.658,143.893,330240.0,0.000968,0.0547,4.18e-06,0.228,33P0xVFGIPfCB2ZBCTGTY9
weekends!!!,skrillex,34.0,,2010-12-21,74.0,7528679.0,0.0,0.0,,,,,,,,,,,3Doc0i6JsXK3N1DhhYvmmV
welcome home (sanitarium),metallica,59.0,,1986-03-03,81.0,32170039.0,0.0,0.0,0.306,0.766,0.42,-9.693,96.668,387146.0,0.000324,0.0329,0.101,0.102,1FPSkRkDlthbAceSIIWc4C
welcome to new york,taylor swift,52.0,,2014-01-01,100.0,145443567.0,0.0,0.0,,,,,,,,,,,3YLA3NgzFRRa7LiHMtFPby
welcome to paradise,green day,69.0,,2011-03-18,80.0,17327094.0,0.0,0.0,0.37,0.96,0.717,-4.162,89.428,224133.0,0.000241,0.0378,0.0116,0.0563,5kr3j5Clb9rjEposoMyLVt
welcome to the black parade,my chemical romance,80.0,,2006-10-20,78.0,10298850.0,0.0,0.0,0.217,0.905,0.236,-4.103,96.95,311106.0,0.000289,0.0752,0.00011,0.222,5wQnmLuC1W7ATsArWACrgW
welcome to the jungle,guns n' roses,75.0,,2014-08-04,80.0,35205629.0,0.0,0.0,0.45,0.9704999999999999,0.3235,-6.277000000000001,123.4985,272753.0,0.0215,0.082,0.34299999999999997,0.28300000000000003,0G21yYKMZoHa30cYVi1iA8
went legit,g herbo,44.0,,2025-08-29,69.0,2482067.0,0.0,0.0,,,,,,,,,,,5eFnCUhiO9OjpsarGok0wf
west coast,lana del rey,82.0,,2014-01-01,88.0,51821190.0,0.0,0.0,0.359,0.611,0.427,-7.676,93.05,256768.0,0.206,0.0389,0.0254,0.0898,50pfrD2Dne6PZam0YaweZu
west coast,onerepublic,77.0,,2024-07-12,,,0.0,0.0,0.685,0.699,0.884,-7.803,134.057,192947.0,0.317,0.0349,0.0,0.08949999999999998,0VKAfRlgmLswXi4WoDxW0F
west senior door,jennifer lopez,70.0,15000.0,2022-10-16,74.0,13710072.0,0.0,1.0,0.06,0.9,,-2.95,181.81,227970.0,,,0.765,,TRK-FF5188D84A17
west side,ariana grande,62.0,,2020-10-30,90.0,107374593.0,0.0,0.0,,,,,,,,,,,1whfVLMKWqAX3uk97VXsNN
western union,elvis presley,23.0,,1968-05-01,,,0.0,0.0,0.656,0.72,0.95,-9.007,141.651,131413.0,0.774,0.0573,0.000349,0.324,2GM23TPqcL8zXBhWf1fjaD
weston road flows,drake,66.0,,2016-05-06,95.0,103039388.0,0.0,0.0,,,,,,,,,,,4PA16FAl8LPmFmOhARawdV
wet dreams,artemas,54.0,,2024-07-10,74.0,1378074.0,0.0,0.0,,,,,,,,,,,05EXzecgWqEuk5ph43jRq9
wet dreamz,j. cole,80.0,,2014-12-09,82.0,27077429.0,0.0,0.0,,,,,,,,,,,4tqcoej1zPvwePZCzuAjJd
we’re in this together,justin bieber,0.0,,2021-04-04,91.0,85008100.0,0.0,0.0,0.706,0.644,0.624,-6.055,149.452,181640.0,0.125,0.297,0.0,0.108,15KMnEWDdjBXMuGhYAZmkQ
wgft,gunna,78.0,,2025-08-08,85.0,10342615.0,0.0,0.0,,,,,,,,,,,0WsC4ETIXyiHDMXRaPMvKe
wharf talk,"tyler, the creator",63.0,,2023-03-31,86.0,24420596.0,0.0,0.0,,,,,,,,,,,3u9PAti8muEXXvEjeFpQK0
what a man gotta do,jonas brothers,70.0,,2020-01-17,75.0,7761676.0,0.0,0.0,,,,,,,,,,,4wNIkl5XGiAACjFBlDWuSd
what a time,julia michaels,73.0,,2019-01-24,69.0,5292781.0,0.0,0.0,0.516,0.467,0.386,-6.184,132.861,173306.0,0.662,0.0302,0.0,0.0853,5WtfUKzXircvW8l5aaVZWT
what about now,daughtry,53.0,,2014-05-30,65.0,2382165.0,0.0,0.0,0.3745,0.8485,0.3005,-2.5225,161.965,251079.5,0.09035,0.0448,0.0,0.1345,35SuLFF1dk9nBgjE2HzTzp
what about us,p!nk,78.0,,2017-10-13,78.0,18208465.0,0.0,0.0,,,,,,,,,,,0Qh38w01QRXK6KHIv0e3hb
what are you so afraid of,xxxtentacion,66.0,,2018-12-06,,,0.0,0.0,0.639,0.312,0.347,-9.902,103.369,150769.0,0.774,0.0301,0.469,0.0857,57nOpVSc3j9o03Cr928ZM4
what are you waiting for?,nickelback,63.0,,2014-09-05,78.0,7846032.0,0.0,0.0,0.49,0.907,0.418,-4.129,152.023,218906.0,0.045,0.0693,0.0,0.293,5yUFxEu2kx3WBghRvaHVcn
what do i know?,ed sheeran,64.0,,2017-03-03,88.0,122789460.0,0.0,0.0,,,,,,,,,,,2pJZ1v8HezrAoZ0Fhzby92
what do you mean?,justin bieber,82.0,,2015-11-13,91.0,85022258.0,0.0,0.0,,,,,,,,,,,0NpZenGEA81m99MX1Q677C
what don't belong to me,post malone,66.0,,2024-08-15,86.0,47720209.0,0.0,0.0,,,,,,,,,,,0lJNSfWnwJMIh94Dv9jQUt
what goes around.../...comes around (interlude),justin timberlake,78.0,,2006-09-12,81.0,15823760.0,0.0,0.0,,,,,,,,,,,3pD0f7hSJg2XdQ6udw5Tey
what hurts the most,rascal flatts,69.0,,2005,68.0,3672166.0,0.0,0.0,0.537,0.674,0.33,-5.134,136.002,214106.0,0.0088,0.0277,0.0,0.265,0DhvbmscwStZ6KyORk9w5j
what i am,zayn,47.0,,2024-03-15,77.0,24105967.0,0.0,0.0,,,,,,,,,,,7qZuRt0v6zox5gMAMCls5M
what i can't put down,jon pardi,57.0,,2014-01-01,73.0,2338518.0,0.0,0.0,,,,,,,,,,,1hc31O4qhv2tnSnW1290KC
what i did for love,david guetta,54.0,,2014-11-10,87.0,27141717.0,0.0,0.0,,,,,,,,,,,1YRjRHdl0aEtzHEn1uGi8k
what i want,morgan wallen,86.0,,2025-05-16,88.0,14005617.0,0.0,0.0,,,,,,,,,,,04emojnbYkrRmv5qtJcgVP
what i've been looking for - nini & e.j. version,olivia rodrigo,32.0,,2020-01-10,84.0,49050008.0,,,,,,,,,,,,,7pURIWDHFOnYIS96vZE4vz
what i've done,linkin park,84.0,,2007-05-14,88.0,31796892.0,0.0,0.0,0.6236666666666667,0.9256666666666667,0.293,-5.382000000000001,120.11033333333334,205557.66666666666,0.013900000000000001,0.03203333333333333,1.0933333333333334e-06,0.14533333333333334,18lR4BzEs7e3qzc0KVkTpU
what i've done - distorted remix,linkin park,33.0,,2011-06-27,88.0,31785695.0,0.0,0.0,0.565,0.894,0.595,-4.349,120.025,227573.0,6.71e-05,0.0433,0.0739,0.0802,5bp8r2lUzk4QOtoFeVPNZB
what if,creed,58.0,,1999-07-24,73.0,4303697.0,0.0,0.0,0.433,0.895,0.246,-5.548,149.896,318093.0,0.000127,0.0587,1.7e-05,0.358,22bX2FwXSvG49G0bPWm5nc
what if i stay,chris young,43.0,,2015-11-13,65.0,2918794.0,0.0,0.0,,,,,,,,,,,0v2pLTGuWGYaDr3bHyHOnV
what it is (solo version),doechii,72.0,,2023-03-17,76.0,3229233.0,0.0,0.0,,,,,,,,,,,73RbfOTJIjHzi2pcVHjeHM
what kinda man,parker mccollum,67.0,,2024-09-13,66.0,704570.0,0.0,0.0,,,,,,,,,,,2K6T1iKa7coghsISspjPv8
what lovers do,maroon 5,72.0,,2018-06-15,85.0,45771951.0,0.0,1.0,,,,,,,,,,,0GxQ1A5L9xnMOytbP6eKBG
what makes you beautiful,one direction,84.0,,2012-05-25,83.0,40275440.0,0.0,0.0,0.726,0.787,0.888,-2.494,124.99,199986.0,0.009,0.0737,0.0,0.0596,3SPDQfj2UfWq6A2NllZnzn
what the hell,avril lavigne,75.0,,2011-03-04,76.0,12004691.0,0.0,0.0,,,,,,,,,,,2z4U9d5OAA4YLNXoCgioxo
what the hell did i say,dierks bentley,46.0,,2016-06-10,65.0,3316476.0,0.0,0.0,,,,,,,,,,,00AxNl4D4jHL2AEf1W55j5
what was i made for?,billie eilish,84.0,,2023-07-13,90.0,118692183.0,,,,,,,,,,,,,6wf7Yu7cxBSPrRlWeSeK0Q
what was i thinkin',dierks bentley,69.0,,2003-01-01,65.0,3316476.0,0.0,0.0,,,,,,,,,,,0r8iDf65NHgFgZOGLwj5r8
what was that,lorde,41.0,,2025-04-24,80.0,10539134.0,0.0,0.0,,,,,,,,,,,2jNyiavSywmA472t2m6ZBz
what we said,shakira,38.0,,2017-05-26,85.0,39777995.0,0.0,1.0,,,,,,,,,,,0kM7Geaz7x7r17CPONjpOU
what you is,youngboy never broke again,74.0,,2025-09-26,84.0,14936207.0,0.0,0.0,,,,,,,,,,,2ZCDXVmOLnKUHYVpycIq5F
what you know bout love,pop smoke,77.0,,2020-07-03,75.0,15614717.0,0.0,0.0,,,,,,,,,,,1tkg4EHVoqnhR6iFEXb60y
what you need,the weeknd,52.0,,2012-11-13,93.0,112918137.0,0.0,1.0,,,,,,,,,,,6zKlGJXteHq8KRKaLnUfCs
what you wanted,onerepublic,38.0,,2021-12-21,,,0.0,0.0,0.553,0.843,0.219,-7.424,119.988,241106.0,0.00255,0.0404,0.184,0.108,0ILXYaWxMQVEXnKq2eTmjW
what's mine is yours,kane brown,51.0,,2017-10-06,71.0,5778418.0,0.0,0.0,,,,,,,,,,,1cG3sQOVItzKsvHzkCzuke
what's my name?,rihanna,76.0,,2010-01-01,90.0,69050055.0,0.0,1.0,,,,,,,,,,,1pYKzfOlpHWtVUiEIu4Vn7
what's the use?,mac miller,0.0,,2023-08-03,81.0,12177441.0,0.0,0.0,0.759,0.492,0.561,-10.338,104.973,288640.0,0.736,0.12,0.0102,0.107,5y8DBJkNfWYPpXUWQmPscR
what's this life for,creed,56.0,,1998-06-09,73.0,4303697.0,0.0,0.0,0.393,0.78,0.204,-4.771,141.772,248226.0,0.00966,0.0317,1.37e-05,0.105,01z3wyn02forxUQHEDAa0R
whataya want from me,adam lambert,61.0,,2009-11-23,57.0,1638163.0,0.0,0.0,,,,,,,,,,,2rDwdvBma1O1eLzo29p2cr
whatcha say,jason derulo,58.0,,2010-03-01,76.0,12460618.0,0.0,0.0,,,,,,,,,,,2zJZwWF7BTGIIvrAlgzJEx
whatever (with ava max) - tiësto remix,kygo,47.0,,2024-03-22,76.0,8670011.0,0.0,0.0,,,,,,,,,,,5uiQAY4i9oTGf79rgcf5jr
whatever it takes,imagine dragons,82.0,,2017-06-23,85.0,58375520.0,0.0,0.0,0.672,0.655,0.556,-5.021,134.945,201240.0,0.0362,0.0311,0.0,0.117,6Qn5zhYkTa37e91HC1D7lb
whatever it takes,lifehouse,58.0,,2007-06-19,63.0,2146238.0,0.0,0.0,0.439,0.874,0.527,-4.165,150.036,207240.0,0.00571,0.0299,0.0,0.176,3nzL5CIQiCEt6jRt1AlQ9d
whatever she wants,bryson tiller,76.0,,2024-02-13,80.0,10566213.0,0.0,0.0,,,,,,,,,,,57wp7VFnV8X0pSVnYArGeJ
whats poppin,jack harlow,64.0,,2020-01-21,75.0,4350533.0,0.0,0.0,0.904,0.723,0.835,-5.224,145.013,227478.0,0.0631,0.26,0.0,0.185,0ZLuW8uOXdFNWcI40C0OC2
whatsapp (wassam),gunna,58.0,,2024-05-10,85.0,10348240.0,0.0,0.0,,,,,,,,,,,6LAicOLiCrHw0bmaLBDbC8
wheel in the sky (re-recorded),journey,27.0,,2008-06-03,73.0,6505444.0,0.0,0.0,,,,,,,,,,,3cJ1d7X6UYMBHHPpM0ZKNQ
when a fire starts to burn,disclosure,0.0,,2016-03-18,74.0,2343253.0,0.0,0.0,0.863,0.732,0.672,-6.956,123.961,283705.0,0.00963,0.21,0.0012,0.243,6aanCQUqDjtuu2nwH1lSId
when a woman,shakira,40.0,,2017-05-26,85.0,39777995.0,0.0,1.0,,,,,,,,,,,6MFVCPU3QN3YqMjJz4mtFe
when did you get hot?,sabrina carpenter,91.0,,2025-08-29,91.0,26538275.0,0.0,0.0,,,,,,,,,,,0je57Uq5eTk1wrPzn9sWbl
when i come around,green day,76.0,,1999,80.0,17327094.0,0.0,0.0,0.531,0.909,0.814,-4.236,97.546,178000.0,0.0175,0.034,0.0,0.231,1Dr1fXbc2IxaK1Mu8P8Khz
when i get where i'm going,brad paisley,57.0,,2005-08-16,64.0,2898320.0,0.0,0.0,,,,,,,,,,,3VLCtStwYsAL4LKZgeUvy3
when i grow up,the pussycat dolls,71.0,,2008-09-23,69.0,6273404.0,0.0,0.0,,,,,,,,,,,21pySLskKIKrhDziCX5ojQ
when i was older - music inspired by the film roma,billie eilish,61.0,,2019-01-09,90.0,118692183.0,0.0,0.0,,,,,,,,,,,7tGEAA1f8MydT7eVbbO9Zy
when i was your man,bruno mars,87.0,,2012-12-05,90.0,75492598.0,0.0,0.0,,,,,,,,,,,0B7wvvmu9EISAwZnOpjhNI
when i'm gone,3 doors down,70.0,,2002-09,71.0,4908790.0,0.0,0.0,0.53,0.768,0.374,-5.611,148.095,260333.0,0.00385,0.0284,0.0,0.103,3WbphvawbMZ8FyqDxYGdSQ
when i'm sixty four,the beatles,63.0,,2005,82.0,30721676.0,0.0,0.0,0.704,0.241,0.661,-13.258,140.411,157666.0,0.625,0.0476,2.8e-05,0.0868,1NrbnHlR2BFREcyWXHIHip
when in rome,mac miller,0.0,,2015-09-18,81.0,12177441.0,0.0,0.0,0.838,0.7,0.216,-4.301,124.048,223120.0,0.0513,0.0735,0.0,0.262,2QnaC2GQiRytjynYWqcxsa
when it comes to you,sean paul,43.0,,2019-08-28,81.0,5279150.0,0.0,0.0,0.611,0.649,0.72,-6.095,100.118,181188.0,0.0115,0.133,0.0,0.0641,55nUyfW8eCQsHrZ3jtkXLU
when it rains,eli young band,0.0,,2005,58.0,888564.0,0.0,0.0,0.604,0.666,0.24,-2.955,120.056,256066.0,0.172,0.0309,4.48e-06,0.236,0d7MzvPpaFnPuyqCPjWEEt
when the lights go down,dj snake,42.0,,2019-07-25,,,0.0,0.0,0.595,0.952,0.59,-1.892,159.996,231037.0,0.0269,0.042,0.671,0.109,0pSL76Z9uhRAfFd09VmF24
when the music stops,eminem,61.0,,2002-05-26,88.0,104517308.0,0.0,1.0,,,,,,,,,,,73qINA7ccO03wxD8nsJalr
when the party's over,billie eilish,85.0,,2019-03-29,90.0,118760311.0,0.0,0.0,,,,,,,,,,,43zdsphuZLzwA9k4DJhU0I
when they come for me,linkin park,25.0,,2010-09-14,88.0,31785695.0,0.0,0.0,0.542,0.939,0.414,-4.246,92.002,293453.0,0.00301,0.049,0.231,0.261,2UhJCu5bn0FbrH7NBYSMUu
when things were awkward,powfu,44.0,,2019-11-12,66.0,1474124.0,0.0,0.0,0.506,0.33,0.696,-12.362,72.871,136438.0,0.782,0.0892,0.0,0.132,69XgyxmE6zl5SmHf2NvjqU
when we stand together,nickelback,67.0,,2011-10,78.0,7846032.0,0.0,0.0,0.446,0.9,0.88,-3.541,187.961,190786.0,0.000102,0.0489,1.89e-05,0.0404,4bCOAuhvjsxbVBM5MM8oik
when we were young,adele,78.0,,2005-11-22,83.0,66734917.0,0.0,0.0,0.376,0.595,0.265,-5.936,144.361,290900.0,0.303,0.0496,0.0,0.095,6O5TrlFWTYvznd9fMC0VvU
when you're gone,avril lavigne,72.0,,2007-04-17,76.0,12004691.0,0.0,0.0,,,,,,,,,,,54JKnDB3CzVu8wNAOM27BI
when you're gone,shawn mendes,67.0,,2022-03-31,81.0,45706269.0,0.0,0.0,0.6045,0.7075,0.5965,-5.85,147.1615,172266.0,0.021425,0.037875,0.0,0.5567500000000001,0TljCvnmCV3FJ8eTAlmHKD
when you're young,3 doors down,50.0,,2011,71.0,4908790.0,0.0,0.0,0.462,0.778,0.219,-4.365,77.004,256013.0,0.0226,0.0313,0.0,0.108,6uMPJ3NmW8FfqqNwqjUHrB
"whenever, wherever",shakira,77.0,,2001-11-13,85.0,39777995.0,0.0,1.0,0.794,0.832,0.871,-4.862,107.657,196160.0,0.237,0.0407,1.14e-05,0.203,2lnzGkdtDj5mtlcOW2yRtG
where did you sleep last night,nirvana,67.0,,1994,81.0,23398010.0,0.0,0.0,0.573,0.59,0.364,-8.43,108.789,306066.0,0.667,0.0557,0.000397,0.691,551qy5vUgrUfEUc4dCNfht
where do we go,pitbull,37.0,,2011-06-17,84.0,11933906.0,0.0,0.0,,,,,,,,,,,50pJXx2ImZomgdmFUtIczx
where have you been,rihanna,83.0,,2011-01-01,90.0,69030894.0,0.0,1.0,,,,,,,,,,,1uN0f4NqMDcReSwXO6PLuG
where is my husband!,raye,92.0,,2025-09-19,81.0,2853248.0,0.0,0.0,,,,,,,,,,,55lijDD6OAjLFFUHU9tcDm
where is the love?,black eyed peas,81.0,,2003-01-01,81.0,9563308.0,0.0,0.0,0.832,0.702,0.814,-3.236,94.097,273813.0,0.103,0.173,0.0,0.128,0uqPG793dkDDN7sCUJJIVC
where it ends,bailey zimmerman,1.0,,2022-08-19,,,0.0,0.0,0.431,0.8370000000000001,0.648,-5.067,170.041,179294.0,0.259,0.043199999999999995,0.0,0.08790000000000002,0BFPuuaii3WETh2ZtHWZAN
where my twin @ - bonus,future,53.0,,2024-03-22,88.0,22688560.0,0.0,0.0,,,,,,,,,,,30TcFxtFyju8isK6Hjo9KY
where she goes,bad bunny,70.0,,2023-10-13,95.0,102571645.0,0.0,1.0,,,,,,,,,,,2sTDlCxmuZCTDKKk9f1qus
where them girls at,david guetta,73.0,,2011,87.0,27141717.0,0.0,0.0,0.666,0.876,0.552,-3.078,129.884,194840.0,0.055,0.0414,0.0,0.259,3djPwpsQAnp8B8gC81e7fk
where them girls at,megan thee stallion,57.0,,2024-06-28,76.0,10890822.0,0.0,0.0,,,,,,,,,,,2OUK5td58k4BV2GvFdfdzr
where we are,the lumineers,63.0,,2024-09-27,76.0,5903211.0,0.0,0.0,0.573,0.507,0.363,-8.084,123.183,172800.0,0.759,0.0342,1.37e-06,0.377,4MTmAFWHpvB9kPMSRgLFRp
where you are,pinkpantheress,55.0,,2022-04-22,78.0,4759233.0,0.0,0.0,,,,,,,,,,,4icnlpI5IbZcRO9mpixVVW
wherever i go,onerepublic,70.0,,2016-05-13,81.0,18700851.0,0.0,0.0,0.546,0.6819999999999999,0.3485,-6.4465,99.96549999999999,169773.0,0.09575,0.0427,0.0,0.2535,0KdwmtG44yIDpyie4b0jCn
wherever i may roam,metallica,66.0,,1995,81.0,32161423.0,0.0,0.0,0.55,0.824,0.332,-7.848,131.387,403866.0,0.000362,0.0347,0.00115,0.0865,22GbAGb80ZZNgm2yrBMnpR
which one,drake,83.0,,2025-07-25,95.0,103067383.0,0.0,0.0,,,,,,,,,,,5FMyXeZ0reYloRTiCkPprT
while my guitar gently weeps,the beatles,70.0,,1988,82.0,30721676.0,0.0,0.0,0.435,0.40850000000000003,0.45899999999999996,-11.65,118.805,255878.0,0.34825,0.0343,0.0020805000000000003,0.142,0FzGKD3N0jK6nNOyOJBvNG
whiplash,metallica,62.0,,2021-09-10,81.0,32161423.0,0.0,0.0,0.384,0.916,0.192,-6.468,158.042,248546.0,0.000611,0.0983,0.422,0.14,38fIaph07Kd8ZIN6l17ZJs
whiskey glasses,morgan wallen,81.0,,2016,88.0,14005617.0,0.0,0.0,0.614,0.68,0.707,-4.58,149.959,234346.0,0.369,0.0289,1.84e-06,0.115,6foY66mWZN0pSRjZ408c00
whiskey in the jar,metallica,75.0,,2025-06-22,81.0,32161423.0,0.0,0.0,0.511,0.97,0.566,-3.72,132.986,304693.0,5.6e-06,0.0414,0.00136,0.18,2R6UrJ8uWbSIiHWmvRQvN8
whistle,flo rida,78.0,,2012-04-24,79.0,8971415.0,0.0,0.0,,,,,,,,,,,0ltBH1JNzSvQJPjJpvTu9B
white america,eminem,63.0,,2002-05-26,88.0,104584370.0,0.0,1.0,,,,,,,,,,,15qrWkkYCfmtu1uRpGf48L
white christmas,onerepublic,0.0,,2018-11-09,,,0.0,0.0,0.439,0.448,0.163,-8.447,108.184,126513.0,0.152,0.0303,0.0,0.21,4XxSPIjGlXrlDS9zeAmQh2
white crime,lil dicky,52.0,,2015-07-31,59.0,2046209.0,0.0,0.0,0.744,0.508,0.0548,-8.145,83.998,219936.0,0.0521,0.0709,0.0,0.153,5354TkqoLgY6C6wnf7dLYK
white ferrari,frank ocean,84.0,,2016-08-20,83.0,20280852.0,0.0,0.0,0.501,0.0958,0.204,-15.605,108.741,248807.0,0.77,0.0433,0.0,0.298,2LMkwUfqC6S6s6qDVlEuzV
white horse,taylor swift,26.0,,2017-11-09,100.0,145443567.0,0.0,0.0,,,,,,,,,,,4RMfSYDFkcz0bKoK8fHDgR
white horse (taylor’s version),taylor swift,68.0,,2021-04-09,100.0,145396321.0,0.0,0.0,,,,,,,,,,,5YL553x8sHderRBDlm3NM3
white iverson,post malone,76.0,,2016-12-09,85.0,47716988.0,0.0,0.0,,,,,,,,,,,6eT7xZZlB2mwyzJ2sUKG6w
white mustang,lana del rey,76.0,,2017-07-21,88.0,51773650.0,0.0,0.0,,,,,,,,,,,6eygbzyL6hY8jFQTARDuo9
white noise,disclosure,48.0,,2013-06-03,73.0,2342918.0,0.0,0.0,,,,,,,,,,,4PPiV0xlKze0D4G93UWLji
who,jimin,86.0,,2024-07-19,79.0,10841227.0,0.0,0.0,,,,,,,,,,,7tI8dRuH2Yc6RuoTjxo4dU
who am i living for?,katy perry,34.0,,2010-08-24,83.0,38400585.0,0.0,0.0,,,,,,,,,,,7IxiJEqnqql7SXFukFvCnO
who i am,anne-marie,51.0,,2021-07-23,75.0,12848260.0,0.0,0.0,0.694,0.806,0.664,-5.597,98.077,152493.0,0.0542,0.0599,0.0,0.0927,1o8kO8YyMWRAeb9bE2AIxO
who i am with you,chris young,57.0,,2013-09-16,65.0,2918228.0,0.0,0.0,,,,,,,,,,,4u7KjVIQPdzGCcAwg4W5Kl
who knew - edit,p!nk,0.0,,2010-11-12,78.0,18205037.0,0.0,0.0,,,,,,,,,,,4pSPMXaCjbaV3VSzZQYC7H
who made who,ac/dc,66.0,,2000,,,0.0,0.0,0.514,0.825,0.655,-5.135,125.274,207146.0,0.000286,0.0487,0.293,0.607,6rvldt6EoZwzogApECUCwd
who needs shelter,jason mraz,22.0,,2002-11-02,71.0,7312594.0,0.0,0.0,0.514,0.569,0.264,-7.866,142.597,192260.0,0.601,0.03,2.21e-06,0.218,1uSuY2qLCbx1QB7oPUVhFG
who says,john mayer,64.0,,2009-10-13,,,0.0,0.0,0.584,0.509,0.367,-13.109,90.457,175480.0,0.267,0.0287,0.00252,0.36,0HLWvLKQWpFdPhgk6ym58n
who says,selena gomez & the scene,77.0,,2014-11-21,67.0,10381965.0,0.0,0.0,0.682,0.927,0.744,-2.915,101.019,195613.0,0.0843,0.0479,0.0,0.149,3TcL0dyCMyr0kyTTc4NLgI
who shot ya? - 2005 remaster,the notorious b.i.g.,65.0,,1999-12-07,75.0,12759099.0,0.0,0.0,0.831,0.682,0.6,-5.697,91.771,319360.0,0.256,0.238,0.0,0.494,2KFg8kjYy0rYjWsXGhEQHN
who shot ya? - 2007 remaster,the notorious b.i.g.,55.0,,1999-12-07,75.0,12762931.0,0.0,0.0,0.824,0.73,0.625,-5.183,91.743,316506.0,0.202,0.247,0.0,0.442,2kM3gIkHRiikiaIUFk3Fje
who want smoke??,nardo wick,60.0,,2021-10-08,61.0,1613435.0,0.0,0.0,,,,,,,,,,,4yNoUQkYf1QF8iYlEzNynH
who we love,sam smith,28.0,,2023-04-12,81.0,26272346.0,0.0,0.0,,,,,,,,,,,10AhOhGxdcRN90qlFGmoHP
who's laughing now,ava max,2.0,,2020-07-30,77.0,7750481.0,0.0,0.0,0.648,0.641,0.505,-5.521,184.021,180348.0,0.00565,0.0389,3.63e-06,0.109,3sGmuJB7VYSPoFYjpldx8a
who? what!,travis scott,67.0,,2018-08-03,89.0,41107596.0,0.0,1.0,,,,,,,,,,,4KYS9GK68yeuUJ8vJfPxrq
whole lotta rosie,ac/dc,65.0,,1991,,,0.0,0.0,0.292,0.838,0.423,-4.459,159.176,333800.0,0.0014,0.078,0.479,0.0953,4wYq5wugZDzQiMZQYG4wVB
whoopty,cj,63.0,,2020-08-20,58.0,277520.0,0.0,0.0,,,,,,,,,,,5vGLcdRuSbUhD8ScwsGSdA
who’s afraid of little old me?,taylor swift,70.0,,2024-04-19,100.0,145396321.0,0.0,0.0,,,,,,,,,,,2d8UxVNhJinc8uat9PoM9y
why,bazzi,70.0,,2018-01-26,66.0,5506553.0,0.0,0.0,0.676,0.67,0.54,-6.584,113.01,148259.0,0.353,0.0374,0.0,0.103,7lozLnUfzcgEpMMVQI7yhA
why georgia,john mayer,64.0,,2001-06-05,,,0.0,0.0,0.608,0.639,0.369,-7.205,96.915,268973.0,0.0208,0.0246,5.94e-05,0.0893,1c7UYTut2SBOPq64o2t0uN
why i love you,jay-z,1.0,,2011-08-08,82.0,10380063.0,0.0,0.0,,,,,,,,,,,4lLmG1fatRUgnRz0Ol0WUi
why not me?,enrique iglesias,53.0,,2010-07-05,77.0,11932306.0,0.0,0.0,0.715,0.534,0.341,-6.534,99.007,219360.0,0.496,0.0414,0.0,0.117,1YnRzw2S56QR16zhKZJMiv
why wait - live version,shakira,29.0,,2011-12-05,85.0,39788275.0,0.0,1.0,,,,,,,,,,,7oJpI879KcC1TTbiS2RjfX
why why why,shawn mendes,22.0,,2024-08-08,81.0,45700057.0,0.0,0.0,,,,,,,,,,,52A0oY4u5ufxrHC85JGf4x
why you no love me,john mayer,60.0,,2021-07-16,,,0.0,0.0,0.635,0.562,0.501,-7.315,97.988,255213.0,0.387,0.0223,0.000366,0.113,3hwjxbqGvTRUPi38fLgeM7
wi$h li$t,taylor swift,93.0,,2025-10-03,100.0,145396321.0,0.0,0.0,,,,,,,,,,,2TEQvxxQabwLQMqWMg1qGu
wicked games,the weeknd,68.0,,2012-11-13,94.0,112995439.0,0.0,1.0,,,,,,,,,,,2B88kyD8JVMOHXdja0mFvx
wide awake,katy perry,75.0,,2012-03-12,83.0,38385499.0,0.0,0.0,,,,,,,,,,,5JLv62qFIS1DR3zGEcApRt
wiggle,jason derulo,55.0,,2013-09-16,76.0,12460618.0,0.0,0.0,,,,,,,,,,,2sLwPnIP3CUVmIuHranJZU
wild horses,the rolling stones,55.0,,1989,77.0,15714574.0,0.0,0.0,0.435,0.295,0.15,-9.773,141.293,342586.0,0.774,0.0264,0.0247,0.0769,4M4Q3JLsUbyTkd5WHty1WB
wild horses - 2009 mix,the rolling stones,69.0,,1989,77.0,15714574.0,0.0,0.0,0.432,0.389,0.158,-6.517,139.506,341773.0,0.687,0.0255,0.0107,0.0788,52dm9op3rbfAkc1LGXgipW
wild life,onerepublic,59.0,,2020-09-25,,,0.0,0.0,0.48733333333333334,0.7626666666666667,0.0532,-7.933,115.96233333333333,267117.0,0.008673333333333333,0.03796666666666667,0.011533333333333333,0.12416666666666666,4zD9RBG51Lj8bnQwolLnyu
wild ones,flo rida,80.0,,2012-06-22,79.0,8972549.0,0.0,0.0,,,,,,,,,,,1NpW5kyvO4XrNJ3rnfcNy3
wild things,alessia cara,65.0,,2015-11-13,72.0,12274759.0,0.0,0.0,,,,,,,,,,,0bmm9xZUJQDR1tBhWtIXVM
wild thoughts,dj khaled,75.0,,2017-06-22,73.0,12341870.0,0.0,0.0,,,,,,,,,,,1OAh8uOEOvTDqkKFsKksCi
wildcard,miley cyrus,50.0,,2023-08-18,81.0,26561582.0,0.0,0.0,,,,,,,,,,,0Gb6pfKdfoQ17jUqx1Yohc
wildest dreams,taylor swift,74.0,,2014-01-01,100.0,145443567.0,0.0,0.0,0.553,0.664,0.467,-7.417,140.06,220440.0,0.0709,0.0741,0.0056,0.106,106R7Z57WYzBAfrXImV30y
wildest dreams (taylor's version),taylor swift,75.0,,2021-09-17,100.0,145542136.0,0.0,0.0,,,,,,,,,,,1K39ty6o1sHwwlZwO6a7wK
wildflower,billie eilish,92.0,,2024-05-17,90.0,118692183.0,0.0,0.0,,,,,,,,,,,3QaPy1KgI7nu9FJEQUgn6h
will he,joji,73.0,,2018-02-14,81.0,10642618.0,0.0,0.0,,,,,,,,,,,7wvwXi9Z66dcH5t202vVkN
will it ever feel the same?,bazzi,0.0,,2022-05-11,66.0,5506553.0,0.0,0.0,0.639,0.544,0.483,-6.152,129.908,180338.0,0.586,0.0391,0.0,0.463,0HpcSr9yrclrhPw0ib0g7B
will you still love me tomorrow? - 2011,amy winehouse,61.0,,2004-10-19,75.0,9747371.0,0.0,0.0,0.587,0.624,0.251,-4.657,93.428,262813.0,0.161,0.025,0.000191,0.118,0LbK1bodGLc9xmV1cS9jvL
willow,taylor swift,73.0,,2020-12-10,100.0,145489371.0,0.0,0.0,0.392,0.579,0.549,-9.195,80.961,214706.0,0.835,0.164,0.00179,0.145,0lx2cLdOt3piJbcaXIV74f
willy wonka was a child murderer,xxxtentacion,54.0,,2022-06-10,,,0.0,0.0,0.271,0.741,0.0623,-6.481,150.267,108840.0,4.22e-05,0.146,0.000276,0.14,2hEJo0SnOLcKWI0zsQhnri
wind on,kenny chesney,0.0,,2020-05-01,69.0,4887584.0,0.0,0.0,0.497,0.866,0.338,-3.039,123.019,260359.0,0.00099,0.0464,1.28e-05,0.35,4GadSyQDGXV2FXL3Acl57f
wine,popcaan,20.0,,2021-02-14,,,0.0,0.0,0.623,0.37,0.607,-11.849,96.445,169773.0,0.794,0.273,0.0,0.288,3JgQr6iul6ixTaVr8CCfNN
winter wonderland,jason mraz,1.0,,2018-12-07,71.0,7312594.0,0.0,0.0,0.62,0.309,0.664,-9.209,145.363,131760.0,0.788,0.0495,0.0,0.146,2qESE1ZeWly7I3YjyTXmXh
winter wonderland,sugarland,0.0,,2009-10-13,54.0,1993973.0,0.0,0.0,0.587,0.876,0.724,-5.439,133.01,146973.0,0.12,0.0432,0.0,0.0921,4FQDsvQMu5ny7mY8ehv4vP
wisemen,james blunt,2.0,,2005,70.0,3298298.0,0.0,0.0,0.635,0.701,0.633,-5.969,151.894,221773.0,0.253,0.0268,4.91e-05,0.165,0A3EiO7m1ZDEO9jSnKZ4r4
wish,diplo,82.0,,2018-08-10,77.0,2812821.0,0.0,0.0,,,,,,,,,,,0c0YHn3DIQLl1opsQDd9kO
wish i loved you in the 90s,tate mcrae,62.0,,2021-03-26,88.0,9241516.0,0.0,0.0,,,,,,,,,,,2wkIdVB8HsWyMur3Q4shlZ
wish you were gay,billie eilish,73.0,,2019-03-04,90.0,118692183.0,0.0,0.0,0.853,0.351,0.282,-10.198,118.028,221543.0,0.39,0.241,9.38e-06,0.752,3Fj47GNK2kUF0uaEDgXLaD
wishing well,juice wrld,76.0,,2020-07-10,85.0,42565036.0,0.0,0.0,,,,,,,,,,,2U5WueTLIK5WJLD7mvDODv
with a little help from my friends,shinedown,29.0,,2011-05-03,,,0.0,0.0,0.283,0.872,0.501,-3.75,149.905,329333.0,0.0221,0.0615,0.0,0.972,143pj28RZeTqEe108JC3hV
with a little help from my friends,the beatles,66.0,,2005,82.0,30721676.0,0.0,0.0,0.705,0.515,0.803,-9.343,112.035,164106.0,0.365,0.0337,0.0,0.389,2RnPATK99oGOZygnD2GTO6
with arms wide open,creed,56.0,,2007-01,73.0,4303697.0,0.0,0.0,0.415,0.533,0.126,-8.445,138.929,278440.0,0.0037,0.0308,0.000732,0.176,2YHIP0JrmNPJxwuUE45o7l
with arms wide open - acoustic version,creed,55.0,,2007-01,73.0,4303697.0,0.0,0.0,0.385,0.701,0.204,-6.225,140.778,234666.0,0.109,0.0333,0.0,0.197,1BTMXVSnuRPRhsuReHDwKc
with arms wide open - new version with strings,creed,62.0,,2007-01,73.0,4303697.0,0.0,0.0,0.32,0.695,0.165,-5.756,141.91,235266.0,0.032,0.0388,0.0,0.201,0s8OMEGJQJIUr9VFwNEH1v
with you,drake,63.0,,2016-05-06,95.0,103094105.0,0.0,0.0,,,,,,,,,,,3aJkV6DUTSCqOwVwaBDG9B
with you,linkin park,70.0,,2000-10-24,88.0,31796892.0,0.0,0.0,0.42166666666666663,0.9780000000000001,0.35966666666666663,-4.004,196.92399999999998,203266.0,0.0037,0.30233333333333334,0.0,0.111,1Q9QN6dHEDeUegsySY012f
with you tonight (hasta el amanecer),nicky jam,46.0,,2016-04-22,81.0,20568367.0,0.0,0.0,0.781,0.588,0.564,-5.348,93.979,208973.0,0.317,0.0386,0.0,0.0983,2GICtNjlmq5w1XIQ9s0D9y
"with you, friends (long drive)",skrillex,39.0,,2010-12-21,74.0,7528620.0,0.0,0.0,,,,,,,,,,,6gowYUVBi2MZibmuosT8mh
within,jennifer lopez,59.0,3000.0,2016-11-04,74.0,13710072.0,0.0,1.0,0.66,0.13,,-34.11,75.42,106564.0,,,0.169,,TRK-E2FF6EABF926
within you without you,the beatles,53.0,,2010,82.0,30721676.0,0.0,0.0,0.352,0.479,0.354,-9.965,126.166,304666.0,0.339,0.0338,0.000353,0.486,3Umg8CDhO8dOSj7yBTInYb
without a warning,the weeknd,66.0,,2025-01-31,93.0,112957721.0,0.0,1.0,,,,,,,,,,,6n6GfXu4i22rdsmRKe2eIn
without me,eminem,87.0,,2002,88.0,104539036.0,0.0,1.0,0.908,0.669,0.662,-2.827,112.238,290320.0,0.00286,0.0738,0.0,0.237,7lQ8MOhq6IN2w8EYcFNSUk
without me,halsey,83.0,,2020-01-17,80.0,22397897.0,0.0,0.0,0.752,0.488,0.533,-7.05,136.041,201660.0,0.297,0.0705,9.11e-06,0.0936,5p7ujcrUXASCNwRaWNHR1C
without you,avicii,71.0,,2011-04-18,79.0,23434221.0,0.0,0.0,0.662,0.858,0.295,-4.844,133.993,181672.0,0.00163,0.0428,0.0,0.0456,6Pgkp4qUoTmJIPn7ReaGxL
without you,david guetta,69.0,,2011-08-24,87.0,27141717.0,0.0,0.0,,,,,,,,,,,0V6J3G6SyYGQzzLUSAlAKe
without you,hinder,57.0,,2008,61.0,2078962.0,0.0,0.0,0.415,0.816,0.264,-3.831,136.017,232266.0,0.0299,0.0333,2.09e-05,0.129,4xNfsvj9mOVnMTvHZZ8HNk
without you,lana del rey,59.0,,2012-01-01,88.0,51821190.0,0.0,0.0,,,,,,,,,,,6g4RVB6qiuySTw9FCV1HEM
without you,the kid laroi,3.0,,2021,79.0,6595164.0,0.0,0.0,0.662,0.413,0.467,-7.357,93.005,161384.0,0.213,0.0299,0.0,0.134,27OeeYzk6klgBh83TSvGMA
wolves,selena gomez,76.0,,2017-10-25,81.0,53260584.0,0.0,0.0,0.724,0.804,0.306,-4.614,124.987,197993.0,0.124,0.0448,0.0,0.204,0tBbt8CrmxbjRP0pueQkyU
woman,doja cat,83.0,,2021-12-10,86.0,34735147.0,0.0,0.0,0.824,0.764,0.881,-4.175,107.998,172626.0,0.0888,0.0854,0.00294,0.117,6Uj1ctrBOjOas8xZXGqKk4
woman like me,adele,59.0,,2021-11-19,83.0,66720643.0,0.0,0.0,0.594,0.37,0.329,-10.561,145.601,300247.0,0.749,0.173,3.2e-05,0.132,2c6xRsQBv7pynuhYhWoHxo
woman you got,maddie & tae,0.0,,2021-03-26,,,0.0,0.0,0.515,0.896,0.715,-3.548,170.073,177973.0,0.112,0.0558,0.0,0.161,1oB5LE4GXJk9jIXxgJPglc
womanizer,britney spears,79.0,,2008-12-02,81.0,17773300.0,0.0,0.0,,,,,,,,,,,4fixebDZAVToLbUCuEloa2
won't back down,eminem,57.0,,2010-06-18,88.0,104517308.0,0.0,1.0,,,,,,,,,,,7kNlRLC9PEH8nXMVawssMx
won't stop,onerepublic,43.0,,2007-11-11,,,0.0,0.0,0.384,0.568,0.3,-7.009,91.96,302666.0,0.379,0.0278,0.0,0.122,4d3i3FmlzftJvrRt3zv7Q1
wonder,shawn mendes,68.0,,2020-10-02,81.0,45706269.0,0.0,0.0,,,,,,,,,,,5KCbr5ndeby4y4ggthdiAb
wonder if she loves me,jvke,46.0,,2022-09-23,,,0.0,0.0,0.463,0.58,0.454,-3.664,83.995,160676.0,0.598,0.128,0.0,0.622,683Zokh8DyHi8UJCI6pz3k
wonder woman,john legend,71.0,,2022-09-09,73.0,8072466.0,0.0,0.0,0.628,0.476,0.336,-4.947,147.915,168562.0,0.417,0.0352,0.0,0.121,3BLWGYOcy1svvsBByeFxLh
wonder woman,miley cyrus,48.0,,2023-08-18,81.0,26564677.0,0.0,0.0,,,,,,,,,,,1sHRnn8zuTMusee3ahseXC
wonderful christmas time,kelly rowland,0.0,,2018-11-02,68.0,3726318.0,0.0,0.0,0.669,0.623,0.24,-6.224,96.999,221586.0,0.0645,0.0239,0.00353,0.0641,5vLEJfiugEJYxl8UX8xzlm
wonderful christmastime,paul mccartney,0.0,,2024-12-15,,,0.0,0.0,0.672,0.601,0.763,-6.469,94.699,225933.0,0.128,0.0279,0.0,0.0824,5aj4UEKeW7T3eI4ETaN7Me
wondering,olivia rodrigo,54.0,,2020-01-10,85.0,49083617.0,,,,,,,,,,,,,6vGnPFWExk8QXcRmxaoX3e
"wondering - from high school musical: the musical: the series""""",olivia rodrigo,59.0,,2019-11-12,85.0,49083617.0,,,,,,,,,,,,,6GfTYfb5eBLN1p1ByOsPmi
wonderland,taylor swift,56.0,,2014-01-01,100.0,145489371.0,0.0,0.0,,,,,,,,,,,0eTCaVOYLpJlSkbEi2jay4
wood,taylor swift,93.0,,2025-10-03,100.0,145443567.0,0.0,0.0,,,,,,,,,,,5ylJtmaWPJ33cW3En7WOu0
words,skylar grey,47.0,,2012-01-01,65.0,672618.0,0.0,0.0,0.487,0.322,0.197,-8.035,147.916,306786.0,0.864,0.0292,0.000198,0.0994,4soIPtfbXw5v7FGQGtWFLq
work,iggy azalea,58.0,,2014-01-01,67.0,6619312.0,0.0,0.0,,,,,,,,,,,3yx6eryOZgO54bt3B671cn
work,rihanna,79.0,,2016-01-28,90.0,68997177.0,0.0,1.0,,,,,,,,,,,72TFWvU3wUYdUuxejTTIzt
work from home,fifth harmony,79.0,,2016-05-27,69.0,16221646.0,0.0,0.0,,,,,,,,,,,4tCtwWceOPWzenK2HAIJSb
work out,j. cole,79.0,,2011-09-27,82.0,27069939.0,0.0,0.0,,,,,,,,,,,2wAJTrFhCnQyNSD3oUgTZO
work remix,a$ap ferg,65.0,,2013-08-19,68.0,4287336.0,0.0,0.0,,,,,,,,,,,7xVLFuuYdAvcTfcP3IG3dS
work song,hozier,74.0,,2014-09-19,82.0,9114093.0,0.0,0.0,0.432,0.388,0.256,-7.687,177.549,229715.0,0.776,0.1,0.0,0.112,35PKfoynRpVFoAUE3D5Kc6
workin me,quavo,4.0,,2018-08-10,76.0,8079123.0,0.0,0.0,0.79,0.628,0.267,-4.055,170.023,169620.0,0.182,0.142,7.06e-06,0.338,4EYc4UZ4GeuGzpUmTapq6L
working,tate mcrae,60.0,,2021-06-17,88.0,9256589.0,0.0,0.0,,,,,,,,,,,31sSFHIe4NaxltVFOEIcTa
world is yours (lil baby & gunna),gunna,49.0,,2018-10-05,85.0,10342615.0,0.0,0.0,,,,,,,,,,,0p0jvYdazuWBMC8QacxpUH
world's smallest violin,ajr,80.0,,2026-03-27,,,0.0,0.0,0.68,0.697,0.684,-7.01,116.033,180746.0,0.121,0.0484,0.0,0.661,68EkhVWIeULhHxcbi1QhzK
worth it,fifth harmony,77.0,,2015,69.0,16220530.0,0.0,0.0,0.871,0.7725,0.598,-3.802,99.9855,204914.5,0.055400000000000005,0.081,3.212e-05,0.1255,0ABEVL7pgQLokhBcNJmozw
worthy,megan thee stallion,43.0,,2024-06-28,76.0,10892928.0,0.0,0.0,,,,,,,,,,,42zaxtRnvPQIroeZ6btUTG
would that i,hozier,60.0,,2019-03-01,82.0,9114093.0,0.0,0.0,0.521,0.526,0.502,-6.032,130.694,268293.0,0.243,0.0281,0.00537,0.108,0L3oQdYUvVbsOOPJSkZ3C3
would you still be there,of mice & men,12.0,,2016-05-27,,,0.0,0.0,0.513,0.917,0.481,-3.612,96.022,192506.0,5.86e-05,0.0505,7.1e-05,0.309,4Xe8ybuHb2CKiFc55bp8VZ
would've been you,sombr,79.0,,2023-11-17,85.0,2789144.0,0.0,0.0,,,,,,,,,,,2U7svZUGvR4tfKdyxv9mXu
wouldn't it be nice,the beach boys,72.0,,1977,,,0.0,0.0,0.3885,0.643,0.696,-7.015499999999999,124.703,153535.5,0.721,0.033850000000000005,1.88e-06,0.11699999999999999,2Gy7qnDwt8Z3MNxqat4CsK
wouldn't it be nice - stereo / remastered 2012,the beach boys,0.0,,1977,,,0.0,0.0,0.374,0.728,0.677,-4.76,125.17,154466.0,0.718,0.036,0.0,0.114,2NgPplXFmGoBHtFMQNpIHa
wow,zara larsson,60.0,,2020-10,77.0,10911229.0,0.0,0.0,0.747,0.786,0.256,-4.801500000000001,77.4725,179383.0,0.5035000000000001,0.1655,0.0,0.0949,3O8b0dDy1Z8BNM81U8DE1j
wow.,post malone,77.0,,2019-09-06,85.0,47716988.0,0.0,0.0,,,,,,,,,,,7xQAfvXzm3AkraOtGPWIZg
wreak havoc,skylar grey,41.0,,2016-08-05,65.0,672618.0,0.0,0.0,0.609,0.7635,0.08405,-6.173,110.9285,228886.5,0.008275,0.0485,7.555e-06,0.3075,17Y4HMDNr3FGAAiORjRbGW
wrecked,imagine dragons,73.0,,2021-09-03,85.0,58375520.0,0.0,0.0,0.625,0.562,0.229,-5.828,93.998,244004.0,0.149,0.0289,1.67e-05,0.109,6TEftSkmWdTm1EpThnwqh6
wrecking ball,miley cyrus,80.0,,2013-10-04,81.0,26558356.0,0.0,0.0,,,,,,,,,,,2vwlzO0Qp8kfEtzTsCXfyE
wretches and kings,linkin park,25.0,,2010,88.0,31785695.0,0.0,0.0,0.595,0.961,0.588,-4.342,90.011,250586.0,0.00931,0.153,1.2e-06,0.803,1k02JjKowLil0ID9IYjwQd
wrong direction,hailee steinfeld,58.0,,2020-05-08,66.0,8862427.0,0.0,0.0,,,,,,,,,,,5Qsp8mtshe70DX7EYbWZGo
wrong ones,post malone,66.0,,2024-08-15,86.0,47720209.0,0.0,0.0,,,,,,,,,,,2CIXO1jQbrV1hlfI7FUKld
wtf do i know,miley cyrus,54.0,,2020-11-27,81.0,26564677.0,0.0,0.0,,,,,,,,,,,37PJvlIfYWqEX6fgjHlnTf
wtfym,future,56.0,,2024-03-22,88.0,22682234.0,0.0,0.0,,,,,,,,,,,1xwvjqcwflD2NEqRCNcCo2
wuthering heights,kate bush,71.0,,1994,70.0,2516750.0,0.0,0.0,0.5309999999999999,0.4105,0.512,-10.693999999999999,124.18700000000001,237319.5,0.273,0.0319,0.023129999999999998,0.126,5JfCThSgcFgzV6gGi7BxBP
x,21 savage,68.0,,2016-07-15,84.0,23806936.0,0.0,0.0,,,,,,,,,,,6fwdbPMwP1zVStm8FybmkO
x,nicky jam,75.0,,2019-11-01,81.0,20568367.0,0.0,0.0,0.594,0.749,0.694,-5.298,179.968,172854.0,0.0338,0.056,0.00106,0.3,5YUyW9opqNsMSEzzecZih1
x (with 2 chainz & saudi),schoolboy q,59.0,,2018-02-09,72.0,5039779.0,0.0,0.0,,,,,,,,,,,4LmAnpjlhWTahvRkYR8xJa
x (with karol g),jonas brothers,56.0,,2020-05-15,75.0,7761454.0,0.0,0.0,,,,,,,,,,,77fvnWALKJR0ws1VUx09CY
xanny,billie eilish,70.0,,2019-03-29,90.0,118728633.0,0.0,0.0,,,,,,,,,,,4QIo4oxwzzafcBWkKjDpXY
xo,beyoncé,67.0,,2014-11-24,84.0,41176723.0,0.0,0.0,,,,,,,,,,,40xhyfAPDoMtv494MfPevP
xo,john mayer,70.0,,2014-05-27,,,0.0,0.0,0.431,0.377,0.353,-9.753,173.67,213626.0,0.749,0.0288,0.0,0.211,7cpCU3Denug5NGZsSpQl8v
xo / the host,the weeknd,49.0,,2012-11-13,94.0,112995439.0,0.0,1.0,,,,,,,,,,,7liZGwyLYFBSobxHLazRAt
xo tour llif3,lil uzi vert,80.0,,2017-08-25,82.0,19260805.0,0.0,0.0,,,,,,,,,,,7GX5flRQZVHRAGd6B4TmDO
"yac alma mater - from high school musical: the musical: the series (season 2)""/nini version""",olivia rodrigo,30.0,,2021-06-04,85.0,49083617.0,,,,,,,,,,,,,7kykl0pcJjoDhuL9Minuh9
yaya,6ix9ine,57.0,,2020-07-03,,,0.0,0.0,0.672,0.733,0.354,-5.377,105.043,149857.0,0.00289,0.0566,0.0,0.199,0zTHFbBAoOdSUksLEGBMvz
yayo,lana del rey,52.0,,2012-01-01,88.0,51773650.0,0.0,0.0,,,,,,,,,,,2rldjI2fK6nYwlMgaITluf
yeah 3x,chris brown,68.0,,2011-03-22,87.0,28316378.0,0.0,0.0,,,,,,,,,,,2QtxlzvSBONjs1bDC34ixs
yeah!,usher,85.0,,2004-03-23,80.0,13749886.0,0.0,1.0,,,,,,,,,,,5rb9QrpfcKFHM1EUbSIurX
yellow,coldplay,90.0,,2000-06-26,88.0,60804949.0,0.0,0.0,0.429,0.661,0.285,-7.227,173.372,266773.0,0.00239,0.0281,0.000121,0.234,082toijBCG2s1I8PTdvFM8
yellow flicker beat,lorde,60.0,,2014-09-30,80.0,10539134.0,0.0,0.0,,,,,,,,,,,0Nf53RDPZEjFrQE4B5n6Vf
yellow submarine,the beatles,61.0,,1984,82.0,30721676.0,0.0,0.0,0.6266666666666666,0.5806666666666667,0.7126666666666667,-8.841666666666667,110.91966666666667,158946.66666666666,0.299,0.0338,0.0,0.49933333333333335,1tdltVUBkiBCW1C3yB4zyD
yes indeed,lil baby,75.0,,2018-05-18,84.0,21644763.0,0.0,0.0,,,,,,,,,,,6vN77lE9LK6HP2DewaN6HZ
"yes, and?",ariana grande,72.0,,2024-01-12,90.0,107401919.0,0.0,0.0,,,,,,,,,,,5D34wRmbFS29AjtTOP2QJe
yesterday,the beatles,76.0,,1965,82.0,30721676.0,0.0,0.0,0.36650000000000005,0.184,0.33599999999999997,-11.5095,95.519,125493.0,0.875,0.030649999999999997,0.0,0.0927,3BQHpFgAp4l80e1XslIjNI
yesterdays,guns n' roses,63.0,,1991-09-17,80.0,35196831.0,0.0,0.0,0.363,0.849,0.429,-7.744,170.627,196226.0,0.0666,0.0554,0.00517,0.306,11VGhd5i7deLL0YB0ayicY
yet to come,bts,85.0,,2022-09-23,,,0.0,0.0,0.559,0.885,0.683,-4.515,172.029,193593.0,0.0432,0.189,0.0,0.333,10SRMwb9EuVS1K9rYsBfHQ
yet to come (hyundai ver.),bts,75.0,,2022-09-23,,,0.0,0.0,0.508,0.842,0.44,-3.992,86.041,223535.0,0.078,0.0612,0.0,0.0858,4ncTUgTfUV3wrjTPzKvn01
yo no soy celoso,bad bunny,75.0,,2022-05-06,95.0,102500980.0,0.0,1.0,0.872,0.588,0.93,-6.276,142.004,230704.0,0.275,0.0492,0.0,0.17,5kVZxyMY1gfdCLiChsfjn1
yo perreo sola,bad bunny,79.0,,2020-12-21,95.0,102571645.0,0.0,1.0,0.86,0.758,0.453,-5.16,97.014,172127.0,0.021,0.0695,6.54e-05,0.344,0SqqAgdovOE24BzxIClpjw
yonaguni,bad bunny,78.0,,2021-06-04,95.0,102500980.0,0.0,1.0,0.644,0.648,0.44,-4.601,179.951,206710.0,0.276,0.118,0.0,0.135,2JPLbjOn0wPCngEot2STUS
yosemite,lana del rey,56.0,,2021-03-19,88.0,51821190.0,0.0,0.0,,,,,,,,,,,3WIifw9lqdgSZpt9renBAg
yosemite,travis scott,77.0,,2018-08-03,89.0,41119579.0,0.0,1.0,0.785,0.554,0.144,-6.571,128.047,150043.0,0.283,0.0409,3.4e-06,0.116,7lAK3oHbfEnvUQWosrMMpR
yottabyte,martin garrix,48.0,,2018-10-16,74.0,15121577.0,0.0,0.0,0.634,0.632,0.449,-4.52,128.075,210004.0,0.0129,0.0313,0.000453,0.116,1PYsy4cGp3egbeaQDjIGIa
you,a great big world,49.0,,2018-08-17,57.0,649992.0,0.0,0.0,0.505,0.31,0.34,-10.423,82.591,218133.0,0.885,0.03,0.00359,0.0996,1o0yFkUycTAWIIWFOlhDcV
you,dan + shay,72.0,,2021-08-13,66.0,3203185.0,0.0,0.0,0.544,0.572,0.52,-6.205,169.885,196253.0,0.11799999999999998,0.0319,0.0,0.23400000000000004,0E3guardtMOU1IwzELZdXA
you,miley cyrus,52.0,,2023-08-18,81.0,26561582.0,0.0,0.0,,,,,,,,,,,3LNRi4UytUnez6T0hFb4x3
you & i,one direction,79.0,,2013-11-25,83.0,40275440.0,0.0,0.0,,,,,,,,,,,2afCBiru10AFckfOa49wIa
you & i (nobody in the world),john legend,63.0,,2015-02-27,73.0,8072466.0,0.0,0.0,0.456,0.342,0.224,-8.162,84.087,252653.0,0.129,0.0283,0.0,0.124,55nlbqqFVnSsArIeYSQlqx
you - live,miley cyrus,0.0,,2022-04-01,81.0,26564677.0,0.0,0.0,,,,,,,,,,,66MhEsUuahsQOxNR4RJv9Z
you ain't here to kiss me,brett young,1.0,,2016-02-12,,,0.0,0.0,0.411,0.662,0.435,-6.538,72.791,218960.0,0.0924,0.0513,0.0,0.122,7CeX5a1yiPeE9j2e7tHcgX
you all over me,taylor swift,56.0,,2021-04-09,100.0,145443567.0,0.0,0.0,,,,,,,,,,,4CHpVfAhuxNJ3ibExe6kxO
you and i both,jason mraz,57.0,,2004-09-12,71.0,7312594.0,0.0,0.0,0.615,0.812,0.74,-6.573,98.954,218240.0,0.184,0.0458,0.0,0.328,2mKjs6s0Z1imKKb6gOk628
you and me,lifehouse,75.0,,2005,63.0,2146238.0,0.0,0.0,0.459,0.427,0.3555,-7.733499999999999,139.89999999999998,195493.0,0.113,0.0267,0.0,0.168,0815caqt2Lytro5EIzMufT
you are in love,taylor swift,57.0,,2014-01-01,100.0,145443567.0,0.0,0.0,,,,,,,,,,,2KrOAg6FftbjgSKdd2a4rS
you are in love (taylor's version),taylor swift,69.0,,2023-10-26,100.0,145443567.0,0.0,0.0,,,,,,,,,,,4UwqOWDpdeIDVQDuKT6iza
you are my sunshine,christina perri,75.0,,2019-01-17,71.0,4307803.0,0.0,0.0,,,,,,,,,,,4cNpO3kF8rqcH8G3huFCJp
you are my sunshine (sing-a-long),christina perri,37.0,,2019-01-17,71.0,4307803.0,0.0,0.0,,,,,,,,,,,5wtOHGEoLWLfQyqskk7C6s
you are not alone,michael jackson,67.0,,1997,85.0,37446069.0,0.0,0.0,0.651,0.402,0.258,-9.303,119.873,345600.0,0.639,0.028,7.73e-05,0.0765,3AoeaZs8dFemFJr3JdzOL0
you belong with me,taylor swift,73.0,,2008-11-11,100.0,145443567.0,0.0,0.0,,,,,,,,,,,1GEBsLDvJGw7kviySRI6GX
you belong with me (taylor’s version),taylor swift,82.0,,2008,100.0,145489371.0,0.0,0.0,0.632,0.773,0.474,-4.856,130.033,231124.0,0.0623,0.0346,0.0,0.0885,1qrpoAMXodY6895hGKoUpA
you broke me first,tate mcrae,85.0,,2021-01-29,88.0,9241516.0,0.0,0.0,0.667,0.373,0.0823,-9.389,124.148,169265.0,0.785,0.05,0.0,0.0906,45bE4HXI0AwGZXfZtMp8JR
you can't always get what you want,the rolling stones,68.0,,2002,77.0,15714574.0,0.0,0.0,0.32,0.62,0.472,-9.686,86.327,448720.0,0.64,0.0594,6.36e-05,0.253,6lFZbCc7pn6Lme1NP7qQqQ
you could be mine,guns n' roses,72.0,,1991-06-21,80.0,35196831.0,0.0,0.0,0.35,0.985,0.323,-5.676,151.007,343640.0,0.00876,0.122,0.551,0.36,0dlTGl67UFWcKupzkxZYOn
"you could be mine - live in new york, ritz theatre - may 16, 1991",guns n' roses,0.0,,2025-01-24,80.0,35196831.0,0.0,0.0,0.241,0.995,0.147,-3.039,157.779,362813.0,0.000455,0.188,0.0237,0.694,7B6FA3U2qUcV1gzWE6lTrR
you da one,rihanna,76.0,,2011-11-19,90.0,69030894.0,0.0,1.0,,,,,,,,,,,3Yt9lRtS5V4nbJnwcgFgvC
you deserve it all,john legend,0.0,,2021-11-11,73.0,8072466.0,0.0,0.0,0.524,0.739,0.48,-6.681,83.095,198626.0,0.215,0.0386,0.0,0.0636,0EFiJqLTmLp0e9Qa1x2FTr
you do the talkin',chris young,40.0,,2015-11-13,65.0,2918550.0,0.0,0.0,,,,,,,,,,,4BXH2jK8DaGMhW5xyfxbtc
you don't care about me,shakira,24.0,,2014-03-21,85.0,39777995.0,0.0,1.0,,,,,,,,,,,1LcAPBcL6RT0rcGbPTxoMr
you found me,the fray,74.0,,2009-11-27,73.0,4290585.0,0.0,0.0,0.338,0.803,0.4,-5.412,151.994,241853.0,0.0187,0.0413,0.0,0.136,4IoYz8XqqdowINzfRrFnhi
you give love a bad name,bon jovi,76.0,,1994,78.0,15810313.0,0.0,0.0,0.535,0.9626666666666667,0.8066666666666666,-2.688333333333334,122.78633333333335,222999.33333333334,0.0539,0.05143333333333333,7.5e-07,0.3539999999999999,0rmGAIH9LNJewFw7nKzZnc
you irritate me - demo,green day,60.0,,2022-10-14,80.0,17327094.0,0.0,0.0,0.409,0.955,0.965,-6.137,101.181,96637.0,0.0156,0.0438,1.62e-05,0.361,20LpgjFwVEdjeJzjnIPxvE
you know i'm no good,amy winehouse,73.0,,2006-10-27,75.0,9747371.0,0.0,0.0,0.6995,0.651,0.7665,-8.9145,103.3775,257066.0,0.01355,0.0319,0.00392,0.06725,0DMRKqrpd0QO4RWiEdMib0
you know what they do to guys like us in prison,my chemical romance,67.0,,2006-03-21,78.0,10298850.0,0.0,0.0,0.387,0.913,0.674,-3.761,185.957,173733.0,0.00366,0.0814,0.0,0.136,5bTuwAgYUD5MABOIPH8ZMt
you know you like it,dj snake,74.0,,2014-10-14,77.0,9281733.0,0.0,0.0,0.407,0.725,0.247,-5.346,196.093,247266.0,0.0141,0.188,2.46e-06,0.306,57kR5SniQIbsbVoIjjOUDa
you know you're right,nirvana,69.0,,2002-10-29,81.0,23391272.0,0.0,0.0,0.289,0.716,0.344,-6.53,168.049,217000.0,0.0407,0.106,0.00123,0.135,5O8L4I2S4izFGDjvP7xAKv
you make it easy,jason aldean,76.0,,2018-04-13,74.0,7052478.0,0.0,0.0,,,,,,,,,,,2TXtN9MoV308Y0z1HvyTfV
you make me,avicii,0.0,,2014,79.0,23434221.0,0.0,0.0,0.569,0.695,0.506,-5.808,125.098,230746.0,0.00148,0.0423,0.00221,0.376,1rP4gzPMHrM7NyI1LPCRmv
you make me feel...,cobra starship,72.0,,2011-08-29,58.0,520711.0,0.0,0.0,0.668,0.857,0.748,-2.944,131.959,215693.0,0.0191,0.0535,6.71e-06,0.0385,16Of7eeW44kt0a1M0nitHM
you may be right,billy joel,65.0,,1985,78.0,7402824.0,0.0,0.0,0.567,0.945,0.961,-7.243,150.792,253200.0,0.175,0.0458,2.6e-06,0.35,7gMOe0gXYcELUoVugfMmHP
"you may be right - live at yankee stadium, bronx, ny - june 1990",billy joel,35.0,,1985,78.0,7402824.0,0.0,0.0,0.446,0.982,0.407,-4.549,151.887,298813.0,0.0781,0.104,1.55e-05,0.96,6lnWx6BPGTnBPVhinMALTX
you mean the whole wide world to me,christina perri,43.0,,2019-01-17,71.0,4307803.0,0.0,0.0,,,,,,,,,,,0tShdTlRbZas6OFwEkX56U
you mean the whole wide world to me (sing-a-long),christina perri,36.0,,2019-01-17,71.0,4307803.0,0.0,0.0,,,,,,,,,,,4xD54NS4r4CCwuyIrYMEtV
you need to calm down,taylor swift,75.0,,2019-08-23,100.0,145396321.0,0.0,0.0,,,,,,,,,,,6RRNNciQGZEXnqk8SQ9yv5
you never give me your money,the beatles,58.0,,1969-09-26,82.0,30714318.0,0.0,0.0,0.335,0.416,0.223,-11.051,174.464,242973.0,0.345,0.0348,0.136,0.116,1jOLTO379yIu9aMnCkpMQl
you proof,morgan wallen,86.0,,2022-05-13,88.0,14005617.0,0.0,0.0,0.731,0.85,0.644,-4.913,119.706,157477.0,0.252,0.0336,0.0,0.605,5uU1uuyaUIBOiiUSQG7Wl3
you really got a hold on me,the beatles,53.0,,1963-10-24,82.0,30721676.0,0.0,0.0,0.373,0.388,0.687,-9.31,77.643,181346.0,0.525,0.0337,0.0,0.267,7rgUYidQh5tH0YlXCoKaYJ
you right,doja cat,80.0,,2021-12-10,86.0,34748949.0,0.0,1.0,0.828,0.621,0.436,-6.414,128.986,186173.0,0.0164,0.0565,0.00233,0.0845,0k4d5YPDr1r7FX77VdqWez
you say,lauren daigle,74.0,,2018-07-13,67.0,3134316.0,0.0,0.0,0.494,0.632,0.0797,-6.89,147.873,274693.0,0.682,0.0342,0.0,0.0869,6Up545NUflOiXo8cEraH49
you shook me all night long,ac/dc,81.0,,2006-01-25,,,0.0,0.0,0.5305,0.7675000000000001,0.762,-5.5095,127.33850000000001,210526.5,0.002555,0.056999999999999995,0.0006315,0.3435,2SiXAy7TuUkycRVbbWDEpo
you should be here,cole swindell,37.0,,2022-10-21,64.0,2565032.0,0.0,0.0,0.491,0.641,0.299,-4.456,136.1,190173.0,0.0592,0.0282,0.0,0.0857,2y6u1FsY2HSuSsn0cemmqu
you should be sad,halsey,68.0,,2020-01-10,80.0,22392682.0,0.0,0.0,0.591,0.585,0.324,-6.35,110.94,205473.0,0.143,0.0277,0.0,0.109,7lidXGPXPYLNThITAOTlkK
you should see me in a crown,billie eilish,75.0,,2018,90.0,118692183.0,0.0,0.0,0.6805000000000001,0.5335000000000001,0.3035,-10.4165,150.462,180759.0,0.49050000000000005,0.1875,0.23299999999999998,0.14350000000000002,3XF5xLJHOQQRbWya6hBp7d
you were a dream,artemas,60.0,,2023-08-24,74.0,1378935.0,0.0,0.0,,,,,,,,,,,79BvfNXgpx5GyUkNcmX3CB
you won't see me,the beatles,55.0,,1965-12-03,82.0,30721676.0,0.0,0.0,0.488,0.539,0.473,-8.752,115.941,199960.0,0.136,0.0304,0.0,0.0538,4LLBKnNCrSRrSjSTuiwjE9
"you're a mean one, mr. grinch",darius rucker,1.0,,2014-10-27,66.0,2773747.0,0.0,0.0,0.605,0.521,0.765,-7.266,110.598,206840.0,0.264,0.0403,0.0,0.102,3Vx90YU1nE9FDb1t8wvXBW
you're beautiful,james blunt,75.0,,2005,70.0,3298298.0,0.0,0.0,0.6750000000000002,0.4789999999999999,0.454,-9.87,81.99466666666666,209493.0,0.633,0.027800000000000002,1.7933333333333333e-05,0.08806666666666667,0vg4WnUWvze6pBOJDTq99k
you're going to lose that girl,the beatles,55.0,,1965,82.0,30721676.0,0.0,0.0,0.533,0.66,0.818,-7.694,131.975,138666.0,0.346,0.0337,0.0,0.26,70HNt0eoBVqr4ss68U8x3B
you're gonna live forever in me,john mayer,74.0,,2017-04-09,,,0.0,0.0,0.542,0.131,0.319,-14.104,136.161,190013.0,0.983,0.0316,0.00544,0.156,51lPx6ZCSalL2kvSrDUyJc
"you're on your own, kid",taylor swift,79.0,,2022-10-21,100.0,145396321.0,0.0,0.0,,,,,,,,,,,4D7BCuvgdJlYvlX5WlN54t
you're only human (second wind),billy joel,51.0,,1990,78.0,7402824.0,0.0,0.0,0.759,0.795,0.877,-8.713,130.803,288440.0,0.0356,0.062,1.12e-05,0.0678,4aaOblwrIiVnScKL51pGdo
you've got a friend in me,christina perri,43.0,,2019-01-17,71.0,4308239.0,0.0,0.0,,,,,,,,,,,0AZ6Tdl0UvOWTMngIffzDS
you've got a friend in me (sing-a-long),christina perri,33.0,,2019-01-17,71.0,4308239.0,0.0,0.0,,,,,,,,,,,2Lt3LhlDf1dAKsZfzCZsIF
you've got to hide your love away,the beatles,65.0,,2019-04,82.0,30721676.0,0.0,0.0,0.398,0.392,0.378,-9.05,184.267,129120.0,0.207,0.0282,0.0,0.102,4F1AgKpuFRMLEgtPETVwZk
"you've lost that loving feeling - live at the international hotel, las vegas",elvis presley,61.0,,2007-07-31,,,0.0,0.0,0.409,0.292,0.342,-13.276,78.395,264293.0,0.476,0.0271,3.92e-05,0.61,3Kb4kr3DGzzU5OtYqycWvE
young,the chainsmokers,56.0,,2022,80.0,21359561.0,0.0,0.0,0.615,0.564,0.454,-6.384,103.006,224773.0,0.0105,0.0291,0.0,0.148,1KeZgPUr54C8iz3FjqzVoz
young & dumb,avril lavigne,61.0,,2025-05-09,76.0,12004691.0,0.0,0.0,,,,,,,,,,,3mJncxEu2NrKYfRvoWiVfm
young and beautiful,lana del rey,87.0,,2013-01-01,88.0,51773650.0,0.0,0.0,,,,,,,,,,,2nMeu6UenVvwUktBCpLMK9
young dumb & broke,khalid,81.0,,2017-04-27,82.0,16943442.0,0.0,0.0,,,,,,,,,,,5Z3GHaZ6ec9bsiI5BenrbY
young metro,future,68.0,,2024-03-22,88.0,22675640.0,0.0,0.0,,,,,,,,,,,3OxL6MuctgZp1e0zxoAZhH
young volcanoes,fall out boy,58.0,,2022,77.0,11415609.0,0.0,0.0,0.599,0.853,0.676,-3.878,94.997,204506.0,0.00123,0.0365,0.000504,0.37,4yXNMbZrsFJbPTH0WfhwEB
"young, wild & free",snoop dogg,74.0,,2015-05-06,80.0,15695279.0,0.0,1.0,0.715,0.655,0.531,-6.425,95.078,207333.0,0.0525,0.137,0.0,0.115,5HQVUIKwCEXpe7JIHyY734
youngblood,5 seconds of summer,80.0,,2023-04-14,75.0,10246277.0,0.0,0.0,0.596,0.854,0.152,-5.114,120.274,203417.0,0.0169,0.463,0.0,0.124,2iUXsYOEPhVqEBwsqP70rE
younger and hotter than me,selena gomez,53.0,,2025-03-21,81.0,53263844.0,0.0,0.0,,,,,,,,,,,4XKCwXacGJ0Am1s7oD2rDM
younger now,miley cyrus,48.0,,2017-09-29,81.0,26561582.0,0.0,0.0,,,,,,,,,,,2fGxYYMQbVqgIdaqfz2OwA
your body is a wonderland,john mayer,74.0,,2001,,,0.0,0.0,0.647,0.729,0.687,-6.251,94.01,249626.0,0.0206,0.0236,0.0489,0.134,7vFv0yFGMJW3qVXbAd9BK9
your call,secondhand serenade,57.0,,2005-10-27,,,0.0,0.0,0.591,0.239,0.346,-11.943,88.919,222320.0,0.774,0.0259,0.0,0.127,7ddJJFmXZ3984IbVEKinp5
your eyes tell,bts,68.0,,2020-07-14,,,0.0,0.0,0.449,0.491,0.258,-6.433,139.923,245146.0,0.279,0.029,0.0,0.0654,3TZ7NHkMT82AhwuYsd00Hz
your guardian angel,the red jumpsuit apparatus,66.0,,2022-02-11,62.0,1532727.0,0.0,0.0,0.29,0.48,0.382,-6.583,112.62,229234.0,0.116,0.0296,3.03e-06,0.626,2Guz1b911CbpG8L92cnglI
your idol,saja boys,93.0,,2025-06-20,80.0,2234812.0,,,,,,,,,,,,,1I37Zz2g3hk9eWxaNkj031
your love is my drug,kesha,78.0,,2010-01-01,78.0,9154839.0,0.0,0.0,,,,,,,,,,,6vc2Jq2vaGu8z326kSrw92
your mother should know,the beatles,54.0,,2023,82.0,30721676.0,0.0,0.0,0.698,0.293,0.724,-11.361,117.613,148413.0,0.784,0.0332,0.0106,0.0936,1dxbAIfCASqv6jix2R1Taj
your power,billie eilish,73.0,,2021-04-29,90.0,118692183.0,0.0,0.0,0.632,0.284,0.208,-14.025,129.642,245896.0,0.932,0.0801,0.000476,0.233,042Sl6Mn83JHyLEqdK7uI0
your song,elton john,79.0,,2007-11-13,80.0,15542286.0,0.0,0.0,0.5543333333333335,0.3273333333333333,0.3076666666666667,-10.603333333333333,128.055,241884.0,0.8099999999999999,0.029766666666666667,3.6533333333333332e-06,0.09899999999999999,2bUXfclD8DwJwwUENtSCWu
your song,rita ora,54.0,,2017-09-29,68.0,8411391.0,0.0,0.0,0.869,0.621,0.962,-4.105,117.984,180746.0,0.159,0.0462,0.0,0.0506,54suAFhsGjOKBhrUedu0pm
yours,post malone,63.0,,2024-08-15,85.0,47716988.0,0.0,0.0,,,,,,,,,,,0DM63CJEklNPKu6kHGyuEl
yours,russell dickerson,67.0,,2018-03-16,65.0,587206.0,0.0,0.0,0.554,0.722,0.558,-6.005,134.058,216960.0,0.119,0.034,0.0,0.0861,3I4WFddKpe2PGZWFh7f10J
"yours truly, austin post",post malone,55.0,,2016-12-09,85.0,47716988.0,0.0,0.0,,,,,,,,,,,0LpiKjWMfZTkPPHonlM8nB
youth,glass animals,67.0,,2016-07-16,73.0,4568462.0,0.0,0.0,0.648,0.718,0.7855000000000001,-7.7635,96.017,230693.0,0.129,0.02985,0.001595,0.112,1LPGwuFgIzbJoShfDdw7MY
youth feat. khalid,shawn mendes,0.0,,2018-05-25,81.0,45706269.0,0.0,0.0,,,,,,,,,,,5SwEgzUFDHwpWHKrbnP32Z
you’re losing me (from the vault),taylor swift,74.0,,2023-11-29,100.0,145489371.0,0.0,0.0,,,,,,,,,,,3CWq0pAKKTWb0K4yiglDc4
you’re never over,eminem,50.0,,2010-06-18,88.0,104517308.0,0.0,1.0,,,,,,,,,,,1v54pVfqtSC7KbTu2C2pnM
you’re not sorry (taylor’s version),taylor swift,61.0,,2021-04-09,100.0,145396321.0,0.0,0.0,,,,,,,,,,,6iiAfo4wTA2CVC3Uwx9uh8
yukon,justin bieber,86.0,,2025-07-11,91.0,85034636.0,0.0,0.0,,,,,,,,,,,29iva9idM6rFCPUlu7Rhxl
yule shoot your eye out,fall out boy,0.0,,2003,77.0,11415609.0,0.0,0.0,0.668,0.522,0.718,-7.419999999999999,107.979,221013.0,0.6960000000000001,0.0311,0.0,0.609,1Mee0L5gBAEby8KVsVxJpO
yummy,justin bieber,64.0,,2020-01-03,91.0,85008100.0,0.0,0.0,0.677,0.506,0.497,-6.652,145.843,208520.0,0.345,0.0964,0.0,0.118,41L3O37CECZt3N7ziG2z7l
yung bratz,xxxtentacion,76.0,,2017-05-16,,,0.0,0.0,0.755,0.695,0.493,-5.963,128.063,101851.0,0.0179,0.26,0.0,0.107,2ooF4088y5L72c4YTEJQoB
zanzibar,billy joel,62.0,,2011-03-08,78.0,7402824.0,0.0,0.0,0.589,0.46,0.705,-14.54,148.172,310760.0,0.271,0.0511,4.95e-05,0.224,70Znjq5VPKFrwlB7O26SWT
zeze,kodak black,77.0,,2018-10-11,79.0,12474509.0,0.0,0.0,,,,,,,,,,,0BkvZes677Mcp5WVUQjRxD
zombie zoo,tom petty,1.0,,1989-04-25,68.0,2969744.0,0.0,0.0,0.685,0.886,0.819,-10.653,116.222,178506.0,0.0328,0.0323,0.0,0.0362,1yCs1b8JQCzyVgpsQCY4Sj
zombieboy,lady gaga,60.0,,2025-09-01,88.0,42256604.0,0.0,1.0,,,,,,,,,,,4vQcqtphmJBR5R44F5iNvl
zuma house,justin bieber,59.0,,2025-07-11,91.0,85008100.0,0.0,0.0,,,,,,,,,,,3xytfOwki3uHqzhvMWI6HN
zumbis tubarões do dia das bruxas,pinkfong,0.0,,2022-10-21,,,0.0,0.0,0.734,0.541,0.732,-5.355,98.119,110498.0,0.792,0.0751,0.0,0.118,5wMhW7JuORFwlIzMC6HXt7
¡vete monstruo,pinkfong,19.0,,2022-10-07,,,0.0,0.0,0.886,0.62,0.692,-4.954,124.88,187176.0,0.664,0.181,0.0,0.0394,0DK6khT5rqnSpIeii74Reh
échame la culpa,luis fonsi,73.0,,2017-11-17,73.0,10981924.0,0.0,0.0,0.733,0.897,0.649,-3.652,96.006,173800.0,0.0391,0.0389,0.0,0.117,0mlAOSILGRys2IbvyOT5VJ
ônibus de dia das bruxas do bebê tubarão,pinkfong,0.0,,2022-10-21,,,0.0,0.0,0.672,0.578,0.464,-3.919,110.448,92065.0,0.675,0.391,0.0,0.0823,7F6KAxIJ5BT9X2CXXE1LWj
‘tis the damn season,taylor swift,65.0,,2021-01-07,100.0,145489371.0,0.0,0.0,,,,,,,,,,,6sQckd3Z8NPxVVKUnavY1F
バッド・ガールズ,m.i.a.,0.0,,2012-01-31,66.0,1475258.0,0.0,0.0,0.638,0.912,0.343,-2.621,143.441,227520.0,0.00104,0.0616,0.0,0.097,1MsvUHdve8OkMWmI8J5NXh
ブラッディー・マリー,lady gaga,0.0,,2011-05-23,89.0,42275793.0,0.0,1.0,0.584,0.638,0.456,-6.437,99.97,244760.0,0.0134,0.0302,3.06e-06,0.101,3M9OqhV8v0k83RAQihjJwi
一緒に・・・,max,34.0,,2003-07-30,,,0.0,0.0,0.663,0.833,0.698,-5.432,116.074,314666.0,0.0159,0.0284,0.000828,0.32,46MhfQQxeAHPhycIbDs9Gc
銀河の誓い,max,24.0,,1999-08-25,,,0.0,0.0,0.635,0.87,0.214,-4.679,134.05,299300.0,0.0131,0.0306,8.92e-06,0.384,2ShA0xOaEjHwYskbBdszgk
